Copyright 1986-2022 Xilinx, Inc. All Rights Reserved. Copyright 2022-2025 Advanced Micro Devices, Inc. All Rights Reserved.
------------------------------------------------------------------------------------------------------------------------------------------------------------------------------------------------------------------------------------------------------------
| Tool Version : Vivado v.2025.1 (win64) Build 6140274 Thu May 22 00:12:29 MDT 2025
| Date         : Fri Sep 18 10:44:45 2026
| Host         : akaangelchan running 64-bit major release  (build 9200)
| Command      : report_timing_summary -max_paths 10 -routable_nets -report_unconstrained -file lab_1b_top_level_timing_summary_routed.rpt -pb lab_1b_top_level_timing_summary_routed.pb -rpx lab_1b_top_level_timing_summary_routed.rpx -warn_on_violation
| Design       : lab_1b_top_level
| Device       : 7a35t-cpg236
| Speed File   : -1  PRODUCTION 1.23 2018-06-13
| Design State : Routed
------------------------------------------------------------------------------------------------------------------------------------------------------------------------------------------------------------------------------------------------------------

Timing Summary Report

------------------------------------------------------------------------------------------------
| Timer Settings
| --------------
------------------------------------------------------------------------------------------------

  Enable Multi Corner Analysis               :  Yes
  Enable Pessimism Removal                   :  Yes
  Pessimism Removal Resolution               :  Nearest Common Node
  Enable Input Delay Default Clock           :  No
  Enable Preset / Clear Arcs                 :  No
  Disable Flight Delays                      :  No
  Ignore I/O Paths                           :  No
  Timing Early Launch at Borrowing Latches   :  No
  Borrow Time for Max Delay Exceptions       :  Yes
  Merge Timing Exceptions                    :  Yes
  Inter-SLR Compensation                     :  Conservative

  Corner  Analyze    Analyze    
  Name    Max Paths  Min Paths  
  ------  ---------  ---------  
  Slow    Yes        Yes        
  Fast    Yes        Yes        


------------------------------------------------------------------------------------------------
| Report Methodology
| ------------------
------------------------------------------------------------------------------------------------

Rule       Severity  Description                    Violations  
---------  --------  -----------------------------  ----------  
TIMING-18  Warning   Missing input or output delay  12          

Note: This report is based on the most recent report_methodology run and may not be up-to-date. Run report_methodology on the current design for the latest report.



check_timing report

Table of Contents
-----------------
1. checking no_clock (0)
2. checking constant_clock (0)
3. checking pulse_width_clock (0)
4. checking unconstrained_internal_endpoints (0)
5. checking no_input_delay (1)
6. checking no_output_delay (11)
7. checking multiple_clock (0)
8. checking generated_clocks (0)
9. checking loops (0)
10. checking partial_input_delay (0)
11. checking partial_output_delay (0)
12. checking latch_loops (0)

1. checking no_clock (0)
------------------------
 There are 0 register/latch pins with no clock.


2. checking constant_clock (0)
------------------------------
 There are 0 register/latch pins with constant_clock.


3. checking pulse_width_clock (0)
---------------------------------
 There are 0 register/latch pins which need pulse_width check


4. checking unconstrained_internal_endpoints (0)
------------------------------------------------
 There are 0 pins that are not constrained for maximum delay.

 There are 0 pins that are not constrained for maximum delay due to constant clock.


5. checking no_input_delay (1)
------------------------------
 There is 1 input port with no input delay specified. (HIGH)

 There are 0 input ports with no input delay but user has a false path constraint.


6. checking no_output_delay (11)
--------------------------------
 There are 11 ports with no output delay specified. (HIGH)

 There are 0 ports with no output delay but user has a false path constraint

 There are 0 ports with no output delay but with a timing clock defined on it or propagating through it


7. checking multiple_clock (0)
------------------------------
 There are 0 register/latch pins with multiple clocks.


8. checking generated_clocks (0)
--------------------------------
 There are 0 generated clocks that are not connected to a clock source.


9. checking loops (0)
---------------------
 There are 0 combinational loops in the design.


10. checking partial_input_delay (0)
------------------------------------
 There are 0 input ports with partial input delay specified.


11. checking partial_output_delay (0)
-------------------------------------
 There are 0 ports with partial output delay specified.


12. checking latch_loops (0)
----------------------------
 There are 0 combinational latch loops in the design through latch input



------------------------------------------------------------------------------------------------
| Design Timing Summary
| ---------------------
------------------------------------------------------------------------------------------------

    WNS(ns)      TNS(ns)  TNS Failing Endpoints  TNS Total Endpoints      WHS(ns)      THS(ns)  THS Failing Endpoints  THS Total Endpoints     WPWS(ns)     TPWS(ns)  TPWS Failing Endpoints  TPWS Total Endpoints  
    -------      -------  ---------------------  -------------------      -------      -------  ---------------------  -------------------     --------     --------  ----------------------  --------------------  
      6.057        0.000                      0                   21        0.261        0.000                      0                   21        4.500        0.000                       0                    22  


All user specified timing constraints are met.


------------------------------------------------------------------------------------------------
| Clock Summary
| -------------
------------------------------------------------------------------------------------------------

Clock        Waveform(ns)       Period(ns)      Frequency(MHz)
-----        ------------       ----------      --------------
sys_clk_pin  {0.000 5.000}      10.000          100.000         


------------------------------------------------------------------------------------------------
| Intra Clock Table
| -----------------
------------------------------------------------------------------------------------------------

Clock             WNS(ns)      TNS(ns)  TNS Failing Endpoints  TNS Total Endpoints      WHS(ns)      THS(ns)  THS Failing Endpoints  THS Total Endpoints     WPWS(ns)     TPWS(ns)  TPWS Failing Endpoints  TPWS Total Endpoints  
-----             -------      -------  ---------------------  -------------------      -------      -------  ---------------------  -------------------     --------     --------  ----------------------  --------------------  
sys_clk_pin         6.057        0.000                      0                   21        0.261        0.000                      0                   21        4.500        0.000                       0                    22  


------------------------------------------------------------------------------------------------
| Inter Clock Table
| -----------------
------------------------------------------------------------------------------------------------

From Clock    To Clock          WNS(ns)      TNS(ns)  TNS Failing Endpoints  TNS Total Endpoints      WHS(ns)      THS(ns)  THS Failing Endpoints  THS Total Endpoints  
----------    --------          -------      -------  ---------------------  -------------------      -------      -------  ---------------------  -------------------  


------------------------------------------------------------------------------------------------
| Other Path Groups Table
| -----------------------
------------------------------------------------------------------------------------------------

Path Group    From Clock    To Clock          WNS(ns)      TNS(ns)  TNS Failing Endpoints  TNS Total Endpoints      WHS(ns)      THS(ns)  THS Failing Endpoints  THS Total Endpoints  
----------    ----------    --------          -------      -------  ---------------------  -------------------      -------      -------  ---------------------  -------------------  


------------------------------------------------------------------------------------------------
| User Ignored Path Table
| -----------------------
------------------------------------------------------------------------------------------------

Path Group    From Clock    To Clock    
----------    ----------    --------    


------------------------------------------------------------------------------------------------
| Unconstrained Path Table
| ------------------------
------------------------------------------------------------------------------------------------

Path Group    From Clock    To Clock    
----------    ----------    --------    
(none)                                    
(none)        sys_clk_pin                 
(none)                      sys_clk_pin   


------------------------------------------------------------------------------------------------
| Timing Details
| --------------
------------------------------------------------------------------------------------------------


---------------------------------------------------------------------------------------------------
From Clock:  sys_clk_pin
  To Clock:  sys_clk_pin

Setup :            0  Failing Endpoints,  Worst Slack        6.057ns,  Total Violation        0.000ns
Hold  :            0  Failing Endpoints,  Worst Slack        0.261ns,  Total Violation        0.000ns
PW    :            0  Failing Endpoints,  Worst Slack        4.500ns,  Total Violation        0.000ns
---------------------------------------------------------------------------------------------------


Max Delay Paths
--------------------------------------------------------------------------------------
Slack (MET) :             6.057ns  (required time - arrival time)
  Source:                 SEVEN_SEGMENT_DISPLAY/DIGIT_SELECTOR/count_reg[13]/C
                            (rising edge-triggered cell FDRE clocked by sys_clk_pin  {rise@0.000ns fall@5.000ns period=10.000ns})
  Destination:            SEVEN_SEGMENT_DISPLAY/DIGIT_SELECTOR/q_reg[2]/D
                            (rising edge-triggered cell FDSE clocked by sys_clk_pin  {rise@0.000ns fall@5.000ns period=10.000ns})
  Path Group:             sys_clk_pin
  Path Type:              Setup (Max at Slow Process Corner)
  Requirement:            10.000ns  (sys_clk_pin rise@10.000ns - sys_clk_pin rise@0.000ns)
  Data Path Delay:        3.817ns  (logic 0.828ns (21.690%)  route 2.989ns (78.310%))
  Logic Levels:           3  (LUT4=2 LUT6=1)
  Clock Path Skew:        -0.023ns (DCD - SCD + CPR)
    Destination Clock Delay (DCD):    4.844ns = ( 14.844 - 10.000 ) 
    Source Clock Delay      (SCD):    5.141ns
    Clock Pessimism Removal (CPR):    0.274ns
  Clock Uncertainty:      0.035ns  ((TSJ^2 + TIJ^2)^1/2 + DJ) / 2 + PE
    Total System Jitter     (TSJ):    0.071ns
    Total Input Jitter      (TIJ):    0.000ns
    Discrete Jitter          (DJ):    0.000ns
    Phase Error              (PE):    0.000ns

    Location             Delay type                Incr(ns)  Path(ns)    Netlist Resource(s)
  -------------------------------------------------------------------    -------------------
                         (clock sys_clk_pin rise edge)
                                                      0.000     0.000 r  
    W5                                                0.000     0.000 r  clk (IN)
                         net (fo=0)                   0.000     0.000    clk
    W5                   IBUF (Prop_ibuf_I_O)         1.458     1.458 r  clk_IBUF_inst/O
                         net (fo=1, routed)           1.967     3.425    clk_IBUF
    BUFGCTRL_X0Y0        BUFG (Prop_bufg_I_O)         0.096     3.521 r  clk_IBUF_BUFG_inst/O
                         net (fo=21, routed)          1.620     5.141    SEVEN_SEGMENT_DISPLAY/DIGIT_SELECTOR/clk_IBUF_BUFG
    SLICE_X59Y22         FDRE                                         r  SEVEN_SEGMENT_DISPLAY/DIGIT_SELECTOR/count_reg[13]/C
  -------------------------------------------------------------------    -------------------
    SLICE_X59Y22         FDRE (Prop_fdre_C_Q)         0.456     5.597 f  SEVEN_SEGMENT_DISPLAY/DIGIT_SELECTOR/count_reg[13]/Q
                         net (fo=3, routed)           1.010     6.607    SEVEN_SEGMENT_DISPLAY/DIGIT_SELECTOR/count_reg[13]
    SLICE_X58Y22         LUT4 (Prop_lut4_I0_O)        0.124     6.731 f  SEVEN_SEGMENT_DISPLAY/DIGIT_SELECTOR/q[3]_i_9/O
                         net (fo=1, routed)           0.808     7.539    SEVEN_SEGMENT_DISPLAY/DIGIT_SELECTOR/q[3]_i_9_n_0
    SLICE_X58Y21         LUT6 (Prop_lut6_I4_O)        0.124     7.663 r  SEVEN_SEGMENT_DISPLAY/DIGIT_SELECTOR/q[3]_i_2/O
                         net (fo=4, routed)           0.792     8.456    SEVEN_SEGMENT_DISPLAY/DIGIT_SELECTOR/q[3]_i_2_n_0
    SLICE_X61Y23         LUT4 (Prop_lut4_I2_O)        0.124     8.580 r  SEVEN_SEGMENT_DISPLAY/DIGIT_SELECTOR/q[2]_i_1/O
                         net (fo=1, routed)           0.379     8.959    SEVEN_SEGMENT_DISPLAY/DIGIT_SELECTOR/q[2]_i_1_n_0
    SLICE_X61Y23         FDSE                                         r  SEVEN_SEGMENT_DISPLAY/DIGIT_SELECTOR/q_reg[2]/D
  -------------------------------------------------------------------    -------------------

                         (clock sys_clk_pin rise edge)
                                                     10.000    10.000 r  
    W5                                                0.000    10.000 r  clk (IN)
                         net (fo=0)                   0.000    10.000    clk
    W5                   IBUF (Prop_ibuf_I_O)         1.388    11.388 r  clk_IBUF_inst/O
                         net (fo=1, routed)           1.862    13.250    clk_IBUF
    BUFGCTRL_X0Y0        BUFG (Prop_bufg_I_O)         0.091    13.341 r  clk_IBUF_BUFG_inst/O
                         net (fo=21, routed)          1.503    14.844    SEVEN_SEGMENT_DISPLAY/DIGIT_SELECTOR/clk_IBUF_BUFG
    SLICE_X61Y23         FDSE                                         r  SEVEN_SEGMENT_DISPLAY/DIGIT_SELECTOR/q_reg[2]/C
                         clock pessimism              0.274    15.118    
                         clock uncertainty           -0.035    15.083    
    SLICE_X61Y23         FDSE (Setup_fdse_C_D)       -0.067    15.016    SEVEN_SEGMENT_DISPLAY/DIGIT_SELECTOR/q_reg[2]
  -------------------------------------------------------------------
                         required time                         15.016    
                         arrival time                          -8.959    
  -------------------------------------------------------------------
                         slack                                  6.057    

Slack (MET) :             6.516ns  (required time - arrival time)
  Source:                 SEVEN_SEGMENT_DISPLAY/DIGIT_SELECTOR/count_reg[13]/C
                            (rising edge-triggered cell FDRE clocked by sys_clk_pin  {rise@0.000ns fall@5.000ns period=10.000ns})
  Destination:            SEVEN_SEGMENT_DISPLAY/DIGIT_SELECTOR/q_reg[3]/D
                            (rising edge-triggered cell FDRE clocked by sys_clk_pin  {rise@0.000ns fall@5.000ns period=10.000ns})
  Path Group:             sys_clk_pin
  Path Type:              Setup (Max at Slow Process Corner)
  Requirement:            10.000ns  (sys_clk_pin rise@10.000ns - sys_clk_pin rise@0.000ns)
  Data Path Delay:        3.454ns  (logic 0.828ns (23.970%)  route 2.626ns (76.030%))
  Logic Levels:           3  (LUT4=1 LUT6=2)
  Clock Path Skew:        -0.023ns (DCD - SCD + CPR)
    Destination Clock Delay (DCD):    4.844ns = ( 14.844 - 10.000 ) 
    Source Clock Delay      (SCD):    5.141ns
    Clock Pessimism Removal (CPR):    0.274ns
  Clock Uncertainty:      0.035ns  ((TSJ^2 + TIJ^2)^1/2 + DJ) / 2 + PE
    Total System Jitter     (TSJ):    0.071ns
    Total Input Jitter      (TIJ):    0.000ns
    Discrete Jitter          (DJ):    0.000ns
    Phase Error              (PE):    0.000ns

    Location             Delay type                Incr(ns)  Path(ns)    Netlist Resource(s)
  -------------------------------------------------------------------    -------------------
                         (clock sys_clk_pin rise edge)
                                                      0.000     0.000 r  
    W5                                                0.000     0.000 r  clk (IN)
                         net (fo=0)                   0.000     0.000    clk
    W5                   IBUF (Prop_ibuf_I_O)         1.458     1.458 r  clk_IBUF_inst/O
                         net (fo=1, routed)           1.967     3.425    clk_IBUF
    BUFGCTRL_X0Y0        BUFG (Prop_bufg_I_O)         0.096     3.521 r  clk_IBUF_BUFG_inst/O
                         net (fo=21, routed)          1.620     5.141    SEVEN_SEGMENT_DISPLAY/DIGIT_SELECTOR/clk_IBUF_BUFG
    SLICE_X59Y22         FDRE                                         r  SEVEN_SEGMENT_DISPLAY/DIGIT_SELECTOR/count_reg[13]/C
  -------------------------------------------------------------------    -------------------
    SLICE_X59Y22         FDRE (Prop_fdre_C_Q)         0.456     5.597 f  SEVEN_SEGMENT_DISPLAY/DIGIT_SELECTOR/count_reg[13]/Q
                         net (fo=3, routed)           1.010     6.607    SEVEN_SEGMENT_DISPLAY/DIGIT_SELECTOR/count_reg[13]
    SLICE_X58Y22         LUT4 (Prop_lut4_I0_O)        0.124     6.731 f  SEVEN_SEGMENT_DISPLAY/DIGIT_SELECTOR/q[3]_i_9/O
                         net (fo=1, routed)           0.808     7.539    SEVEN_SEGMENT_DISPLAY/DIGIT_SELECTOR/q[3]_i_9_n_0
    SLICE_X58Y21         LUT6 (Prop_lut6_I4_O)        0.124     7.663 r  SEVEN_SEGMENT_DISPLAY/DIGIT_SELECTOR/q[3]_i_2/O
                         net (fo=4, routed)           0.808     8.472    SEVEN_SEGMENT_DISPLAY/DIGIT_SELECTOR/q[3]_i_2_n_0
    SLICE_X58Y23         LUT6 (Prop_lut6_I2_O)        0.124     8.596 r  SEVEN_SEGMENT_DISPLAY/DIGIT_SELECTOR/q[3]_i_1/O
                         net (fo=1, routed)           0.000     8.596    SEVEN_SEGMENT_DISPLAY/DIGIT_SELECTOR/q[3]_i_1_n_0
    SLICE_X58Y23         FDRE                                         r  SEVEN_SEGMENT_DISPLAY/DIGIT_SELECTOR/q_reg[3]/D
  -------------------------------------------------------------------    -------------------

                         (clock sys_clk_pin rise edge)
                                                     10.000    10.000 r  
    W5                                                0.000    10.000 r  clk (IN)
                         net (fo=0)                   0.000    10.000    clk
    W5                   IBUF (Prop_ibuf_I_O)         1.388    11.388 r  clk_IBUF_inst/O
                         net (fo=1, routed)           1.862    13.250    clk_IBUF
    BUFGCTRL_X0Y0        BUFG (Prop_bufg_I_O)         0.091    13.341 r  clk_IBUF_BUFG_inst/O
                         net (fo=21, routed)          1.503    14.844    SEVEN_SEGMENT_DISPLAY/DIGIT_SELECTOR/clk_IBUF_BUFG
    SLICE_X58Y23         FDRE                                         r  SEVEN_SEGMENT_DISPLAY/DIGIT_SELECTOR/q_reg[3]/C
                         clock pessimism              0.274    15.118    
                         clock uncertainty           -0.035    15.083    
    SLICE_X58Y23         FDRE (Setup_fdre_C_D)        0.029    15.112    SEVEN_SEGMENT_DISPLAY/DIGIT_SELECTOR/q_reg[3]
  -------------------------------------------------------------------
                         required time                         15.112    
                         arrival time                          -8.596    
  -------------------------------------------------------------------
                         slack                                  6.516    

Slack (MET) :             6.803ns  (required time - arrival time)
  Source:                 SEVEN_SEGMENT_DISPLAY/DIGIT_SELECTOR/count_reg[13]/C
                            (rising edge-triggered cell FDRE clocked by sys_clk_pin  {rise@0.000ns fall@5.000ns period=10.000ns})
  Destination:            SEVEN_SEGMENT_DISPLAY/DIGIT_SELECTOR/q_reg[0]/D
                            (rising edge-triggered cell FDSE clocked by sys_clk_pin  {rise@0.000ns fall@5.000ns period=10.000ns})
  Path Group:             sys_clk_pin
  Path Type:              Setup (Max at Slow Process Corner)
  Requirement:            10.000ns  (sys_clk_pin rise@10.000ns - sys_clk_pin rise@0.000ns)
  Data Path Delay:        3.215ns  (logic 0.828ns (25.751%)  route 2.387ns (74.249%))
  Logic Levels:           3  (LUT4=2 LUT6=1)
  Clock Path Skew:        -0.023ns (DCD - SCD + CPR)
    Destination Clock Delay (DCD):    4.844ns = ( 14.844 - 10.000 ) 
    Source Clock Delay      (SCD):    5.141ns
    Clock Pessimism Removal (CPR):    0.274ns
  Clock Uncertainty:      0.035ns  ((TSJ^2 + TIJ^2)^1/2 + DJ) / 2 + PE
    Total System Jitter     (TSJ):    0.071ns
    Total Input Jitter      (TIJ):    0.000ns
    Discrete Jitter          (DJ):    0.000ns
    Phase Error              (PE):    0.000ns

    Location             Delay type                Incr(ns)  Path(ns)    Netlist Resource(s)
  -------------------------------------------------------------------    -------------------
                         (clock sys_clk_pin rise edge)
                                                      0.000     0.000 r  
    W5                                                0.000     0.000 r  clk (IN)
                         net (fo=0)                   0.000     0.000    clk
    W5                   IBUF (Prop_ibuf_I_O)         1.458     1.458 r  clk_IBUF_inst/O
                         net (fo=1, routed)           1.967     3.425    clk_IBUF
    BUFGCTRL_X0Y0        BUFG (Prop_bufg_I_O)         0.096     3.521 r  clk_IBUF_BUFG_inst/O
                         net (fo=21, routed)          1.620     5.141    SEVEN_SEGMENT_DISPLAY/DIGIT_SELECTOR/clk_IBUF_BUFG
    SLICE_X59Y22         FDRE                                         r  SEVEN_SEGMENT_DISPLAY/DIGIT_SELECTOR/count_reg[13]/C
  -------------------------------------------------------------------    -------------------
    SLICE_X59Y22         FDRE (Prop_fdre_C_Q)         0.456     5.597 f  SEVEN_SEGMENT_DISPLAY/DIGIT_SELECTOR/count_reg[13]/Q
                         net (fo=3, routed)           1.010     6.607    SEVEN_SEGMENT_DISPLAY/DIGIT_SELECTOR/count_reg[13]
    SLICE_X58Y22         LUT4 (Prop_lut4_I0_O)        0.124     6.731 f  SEVEN_SEGMENT_DISPLAY/DIGIT_SELECTOR/q[3]_i_9/O
                         net (fo=1, routed)           0.808     7.539    SEVEN_SEGMENT_DISPLAY/DIGIT_SELECTOR/q[3]_i_9_n_0
    SLICE_X58Y21         LUT6 (Prop_lut6_I4_O)        0.124     7.663 r  SEVEN_SEGMENT_DISPLAY/DIGIT_SELECTOR/q[3]_i_2/O
                         net (fo=4, routed)           0.569     8.233    SEVEN_SEGMENT_DISPLAY/DIGIT_SELECTOR/q[3]_i_2_n_0
    SLICE_X60Y23         LUT4 (Prop_lut4_I3_O)        0.124     8.357 r  SEVEN_SEGMENT_DISPLAY/DIGIT_SELECTOR/q[0]_i_1/O
                         net (fo=1, routed)           0.000     8.357    SEVEN_SEGMENT_DISPLAY/DIGIT_SELECTOR/q[0]_i_1_n_0
    SLICE_X60Y23         FDSE                                         r  SEVEN_SEGMENT_DISPLAY/DIGIT_SELECTOR/q_reg[0]/D
  -------------------------------------------------------------------    -------------------

                         (clock sys_clk_pin rise edge)
                                                     10.000    10.000 r  
    W5                                                0.000    10.000 r  clk (IN)
                         net (fo=0)                   0.000    10.000    clk
    W5                   IBUF (Prop_ibuf_I_O)         1.388    11.388 r  clk_IBUF_inst/O
                         net (fo=1, routed)           1.862    13.250    clk_IBUF
    BUFGCTRL_X0Y0        BUFG (Prop_bufg_I_O)         0.091    13.341 r  clk_IBUF_BUFG_inst/O
                         net (fo=21, routed)          1.503    14.844    SEVEN_SEGMENT_DISPLAY/DIGIT_SELECTOR/clk_IBUF_BUFG
    SLICE_X60Y23         FDSE                                         r  SEVEN_SEGMENT_DISPLAY/DIGIT_SELECTOR/q_reg[0]/C
                         clock pessimism              0.274    15.118    
                         clock uncertainty           -0.035    15.083    
    SLICE_X60Y23         FDSE (Setup_fdse_C_D)        0.077    15.160    SEVEN_SEGMENT_DISPLAY/DIGIT_SELECTOR/q_reg[0]
  -------------------------------------------------------------------
                         required time                         15.160    
                         arrival time                          -8.357    
  -------------------------------------------------------------------
                         slack                                  6.803    

Slack (MET) :             6.852ns  (required time - arrival time)
  Source:                 SEVEN_SEGMENT_DISPLAY/DIGIT_SELECTOR/count_reg[13]/C
                            (rising edge-triggered cell FDRE clocked by sys_clk_pin  {rise@0.000ns fall@5.000ns period=10.000ns})
  Destination:            SEVEN_SEGMENT_DISPLAY/DIGIT_SELECTOR/q_reg[1]/D
                            (rising edge-triggered cell FDSE clocked by sys_clk_pin  {rise@0.000ns fall@5.000ns period=10.000ns})
  Path Group:             sys_clk_pin
  Path Type:              Setup (Max at Slow Process Corner)
  Requirement:            10.000ns  (sys_clk_pin rise@10.000ns - sys_clk_pin rise@0.000ns)
  Data Path Delay:        3.207ns  (logic 0.820ns (25.566%)  route 2.387ns (74.434%))
  Logic Levels:           3  (LUT3=1 LUT4=1 LUT6=1)
  Clock Path Skew:        -0.023ns (DCD - SCD + CPR)
    Destination Clock Delay (DCD):    4.844ns = ( 14.844 - 10.000 ) 
    Source Clock Delay      (SCD):    5.141ns
    Clock Pessimism Removal (CPR):    0.274ns
  Clock Uncertainty:      0.035ns  ((TSJ^2 + TIJ^2)^1/2 + DJ) / 2 + PE
    Total System Jitter     (TSJ):    0.071ns
    Total Input Jitter      (TIJ):    0.000ns
    Discrete Jitter          (DJ):    0.000ns
    Phase Error              (PE):    0.000ns

    Location             Delay type                Incr(ns)  Path(ns)    Netlist Resource(s)
  -------------------------------------------------------------------    -------------------
                         (clock sys_clk_pin rise edge)
                                                      0.000     0.000 r  
    W5                                                0.000     0.000 r  clk (IN)
                         net (fo=0)                   0.000     0.000    clk
    W5                   IBUF (Prop_ibuf_I_O)         1.458     1.458 r  clk_IBUF_inst/O
                         net (fo=1, routed)           1.967     3.425    clk_IBUF
    BUFGCTRL_X0Y0        BUFG (Prop_bufg_I_O)         0.096     3.521 r  clk_IBUF_BUFG_inst/O
                         net (fo=21, routed)          1.620     5.141    SEVEN_SEGMENT_DISPLAY/DIGIT_SELECTOR/clk_IBUF_BUFG
    SLICE_X59Y22         FDRE                                         r  SEVEN_SEGMENT_DISPLAY/DIGIT_SELECTOR/count_reg[13]/C
  -------------------------------------------------------------------    -------------------
    SLICE_X59Y22         FDRE (Prop_fdre_C_Q)         0.456     5.597 f  SEVEN_SEGMENT_DISPLAY/DIGIT_SELECTOR/count_reg[13]/Q
                         net (fo=3, routed)           1.010     6.607    SEVEN_SEGMENT_DISPLAY/DIGIT_SELECTOR/count_reg[13]
    SLICE_X58Y22         LUT4 (Prop_lut4_I0_O)        0.124     6.731 f  SEVEN_SEGMENT_DISPLAY/DIGIT_SELECTOR/q[3]_i_9/O
                         net (fo=1, routed)           0.808     7.539    SEVEN_SEGMENT_DISPLAY/DIGIT_SELECTOR/q[3]_i_9_n_0
    SLICE_X58Y21         LUT6 (Prop_lut6_I4_O)        0.124     7.663 r  SEVEN_SEGMENT_DISPLAY/DIGIT_SELECTOR/q[3]_i_2/O
                         net (fo=4, routed)           0.569     8.233    SEVEN_SEGMENT_DISPLAY/DIGIT_SELECTOR/q[3]_i_2_n_0
    SLICE_X60Y23         LUT3 (Prop_lut3_I2_O)        0.116     8.349 r  SEVEN_SEGMENT_DISPLAY/DIGIT_SELECTOR/q[1]_i_1/O
                         net (fo=1, routed)           0.000     8.349    SEVEN_SEGMENT_DISPLAY/DIGIT_SELECTOR/q[1]_i_1_n_0
    SLICE_X60Y23         FDSE                                         r  SEVEN_SEGMENT_DISPLAY/DIGIT_SELECTOR/q_reg[1]/D
  -------------------------------------------------------------------    -------------------

                         (clock sys_clk_pin rise edge)
                                                     10.000    10.000 r  
    W5                                                0.000    10.000 r  clk (IN)
                         net (fo=0)                   0.000    10.000    clk
    W5                   IBUF (Prop_ibuf_I_O)         1.388    11.388 r  clk_IBUF_inst/O
                         net (fo=1, routed)           1.862    13.250    clk_IBUF
    BUFGCTRL_X0Y0        BUFG (Prop_bufg_I_O)         0.091    13.341 r  clk_IBUF_BUFG_inst/O
                         net (fo=21, routed)          1.503    14.844    SEVEN_SEGMENT_DISPLAY/DIGIT_SELECTOR/clk_IBUF_BUFG
    SLICE_X60Y23         FDSE                                         r  SEVEN_SEGMENT_DISPLAY/DIGIT_SELECTOR/q_reg[1]/C
                         clock pessimism              0.274    15.118    
                         clock uncertainty           -0.035    15.083    
    SLICE_X60Y23         FDSE (Setup_fdse_C_D)        0.118    15.201    SEVEN_SEGMENT_DISPLAY/DIGIT_SELECTOR/q_reg[1]
  -------------------------------------------------------------------
                         required time                         15.201    
                         arrival time                          -8.349    
  -------------------------------------------------------------------
                         slack                                  6.852    

Slack (MET) :             7.801ns  (required time - arrival time)
  Source:                 SEVEN_SEGMENT_DISPLAY/DIGIT_SELECTOR/count_reg[1]/C
                            (rising edge-triggered cell FDRE clocked by sys_clk_pin  {rise@0.000ns fall@5.000ns period=10.000ns})
  Destination:            SEVEN_SEGMENT_DISPLAY/DIGIT_SELECTOR/count_reg[16]/D
                            (rising edge-triggered cell FDRE clocked by sys_clk_pin  {rise@0.000ns fall@5.000ns period=10.000ns})
  Path Group:             sys_clk_pin
  Path Type:              Setup (Max at Slow Process Corner)
  Requirement:            10.000ns  (sys_clk_pin rise@10.000ns - sys_clk_pin rise@0.000ns)
  Data Path Delay:        2.198ns  (logic 1.695ns (77.131%)  route 0.503ns (22.869%))
  Logic Levels:           5  (CARRY4=5)
  Clock Path Skew:        -0.028ns (DCD - SCD + CPR)
    Destination Clock Delay (DCD):    4.844ns = ( 14.844 - 10.000 ) 
    Source Clock Delay      (SCD):    5.146ns
    Clock Pessimism Removal (CPR):    0.274ns
  Clock Uncertainty:      0.035ns  ((TSJ^2 + TIJ^2)^1/2 + DJ) / 2 + PE
    Total System Jitter     (TSJ):    0.071ns
    Total Input Jitter      (TIJ):    0.000ns
    Discrete Jitter          (DJ):    0.000ns
    Phase Error              (PE):    0.000ns

    Location             Delay type                Incr(ns)  Path(ns)    Netlist Resource(s)
  -------------------------------------------------------------------    -------------------
                         (clock sys_clk_pin rise edge)
                                                      0.000     0.000 r  
    W5                                                0.000     0.000 r  clk (IN)
                         net (fo=0)                   0.000     0.000    clk
    W5                   IBUF (Prop_ibuf_I_O)         1.458     1.458 r  clk_IBUF_inst/O
                         net (fo=1, routed)           1.967     3.425    clk_IBUF
    BUFGCTRL_X0Y0        BUFG (Prop_bufg_I_O)         0.096     3.521 r  clk_IBUF_BUFG_inst/O
                         net (fo=21, routed)          1.625     5.146    SEVEN_SEGMENT_DISPLAY/DIGIT_SELECTOR/clk_IBUF_BUFG
    SLICE_X59Y19         FDRE                                         r  SEVEN_SEGMENT_DISPLAY/DIGIT_SELECTOR/count_reg[1]/C
  -------------------------------------------------------------------    -------------------
    SLICE_X59Y19         FDRE (Prop_fdre_C_Q)         0.456     5.602 r  SEVEN_SEGMENT_DISPLAY/DIGIT_SELECTOR/count_reg[1]/Q
                         net (fo=3, routed)           0.503     6.105    SEVEN_SEGMENT_DISPLAY/DIGIT_SELECTOR/count_reg[1]
    SLICE_X59Y19         CARRY4 (Prop_carry4_S[1]_CO[3])
                                                      0.674     6.779 r  SEVEN_SEGMENT_DISPLAY/DIGIT_SELECTOR/count_reg[0]_i_1/CO[3]
                         net (fo=1, routed)           0.000     6.779    SEVEN_SEGMENT_DISPLAY/DIGIT_SELECTOR/count_reg[0]_i_1_n_0
    SLICE_X59Y20         CARRY4 (Prop_carry4_CI_CO[3])
                                                      0.114     6.893 r  SEVEN_SEGMENT_DISPLAY/DIGIT_SELECTOR/count_reg[4]_i_1/CO[3]
                         net (fo=1, routed)           0.000     6.893    SEVEN_SEGMENT_DISPLAY/DIGIT_SELECTOR/count_reg[4]_i_1_n_0
    SLICE_X59Y21         CARRY4 (Prop_carry4_CI_CO[3])
                                                      0.114     7.007 r  SEVEN_SEGMENT_DISPLAY/DIGIT_SELECTOR/count_reg[8]_i_1/CO[3]
                         net (fo=1, routed)           0.000     7.007    SEVEN_SEGMENT_DISPLAY/DIGIT_SELECTOR/count_reg[8]_i_1_n_0
    SLICE_X59Y22         CARRY4 (Prop_carry4_CI_CO[3])
                                                      0.114     7.121 r  SEVEN_SEGMENT_DISPLAY/DIGIT_SELECTOR/count_reg[12]_i_1/CO[3]
                         net (fo=1, routed)           0.000     7.121    SEVEN_SEGMENT_DISPLAY/DIGIT_SELECTOR/count_reg[12]_i_1_n_0
    SLICE_X59Y23         CARRY4 (Prop_carry4_CI_O[0])
                                                      0.223     7.344 r  SEVEN_SEGMENT_DISPLAY/DIGIT_SELECTOR/count_reg[16]_i_1/O[0]
                         net (fo=1, routed)           0.000     7.344    SEVEN_SEGMENT_DISPLAY/DIGIT_SELECTOR/count_reg[16]_i_1_n_7
    SLICE_X59Y23         FDRE                                         r  SEVEN_SEGMENT_DISPLAY/DIGIT_SELECTOR/count_reg[16]/D
  -------------------------------------------------------------------    -------------------

                         (clock sys_clk_pin rise edge)
                                                     10.000    10.000 r  
    W5                                                0.000    10.000 r  clk (IN)
                         net (fo=0)                   0.000    10.000    clk
    W5                   IBUF (Prop_ibuf_I_O)         1.388    11.388 r  clk_IBUF_inst/O
                         net (fo=1, routed)           1.862    13.250    clk_IBUF
    BUFGCTRL_X0Y0        BUFG (Prop_bufg_I_O)         0.091    13.341 r  clk_IBUF_BUFG_inst/O
                         net (fo=21, routed)          1.503    14.844    SEVEN_SEGMENT_DISPLAY/DIGIT_SELECTOR/clk_IBUF_BUFG
    SLICE_X59Y23         FDRE                                         r  SEVEN_SEGMENT_DISPLAY/DIGIT_SELECTOR/count_reg[16]/C
                         clock pessimism              0.274    15.118    
                         clock uncertainty           -0.035    15.083    
    SLICE_X59Y23         FDRE (Setup_fdre_C_D)        0.062    15.145    SEVEN_SEGMENT_DISPLAY/DIGIT_SELECTOR/count_reg[16]
  -------------------------------------------------------------------
                         required time                         15.145    
                         arrival time                          -7.344    
  -------------------------------------------------------------------
                         slack                                  7.801    

Slack (MET) :             7.805ns  (required time - arrival time)
  Source:                 SEVEN_SEGMENT_DISPLAY/DIGIT_SELECTOR/count_reg[1]/C
                            (rising edge-triggered cell FDRE clocked by sys_clk_pin  {rise@0.000ns fall@5.000ns period=10.000ns})
  Destination:            SEVEN_SEGMENT_DISPLAY/DIGIT_SELECTOR/count_reg[13]/D
                            (rising edge-triggered cell FDRE clocked by sys_clk_pin  {rise@0.000ns fall@5.000ns period=10.000ns})
  Path Group:             sys_clk_pin
  Path Type:              Setup (Max at Slow Process Corner)
  Requirement:            10.000ns  (sys_clk_pin rise@10.000ns - sys_clk_pin rise@0.000ns)
  Data Path Delay:        2.195ns  (logic 1.692ns (77.100%)  route 0.503ns (22.900%))
  Logic Levels:           4  (CARRY4=4)
  Clock Path Skew:        -0.027ns (DCD - SCD + CPR)
    Destination Clock Delay (DCD):    4.845ns = ( 14.845 - 10.000 ) 
    Source Clock Delay      (SCD):    5.146ns
    Clock Pessimism Removal (CPR):    0.274ns
  Clock Uncertainty:      0.035ns  ((TSJ^2 + TIJ^2)^1/2 + DJ) / 2 + PE
    Total System Jitter     (TSJ):    0.071ns
    Total Input Jitter      (TIJ):    0.000ns
    Discrete Jitter          (DJ):    0.000ns
    Phase Error              (PE):    0.000ns

    Location             Delay type                Incr(ns)  Path(ns)    Netlist Resource(s)
  -------------------------------------------------------------------    -------------------
                         (clock sys_clk_pin rise edge)
                                                      0.000     0.000 r  
    W5                                                0.000     0.000 r  clk (IN)
                         net (fo=0)                   0.000     0.000    clk
    W5                   IBUF (Prop_ibuf_I_O)         1.458     1.458 r  clk_IBUF_inst/O
                         net (fo=1, routed)           1.967     3.425    clk_IBUF
    BUFGCTRL_X0Y0        BUFG (Prop_bufg_I_O)         0.096     3.521 r  clk_IBUF_BUFG_inst/O
                         net (fo=21, routed)          1.625     5.146    SEVEN_SEGMENT_DISPLAY/DIGIT_SELECTOR/clk_IBUF_BUFG
    SLICE_X59Y19         FDRE                                         r  SEVEN_SEGMENT_DISPLAY/DIGIT_SELECTOR/count_reg[1]/C
  -------------------------------------------------------------------    -------------------
    SLICE_X59Y19         FDRE (Prop_fdre_C_Q)         0.456     5.602 r  SEVEN_SEGMENT_DISPLAY/DIGIT_SELECTOR/count_reg[1]/Q
                         net (fo=3, routed)           0.503     6.105    SEVEN_SEGMENT_DISPLAY/DIGIT_SELECTOR/count_reg[1]
    SLICE_X59Y19         CARRY4 (Prop_carry4_S[1]_CO[3])
                                                      0.674     6.779 r  SEVEN_SEGMENT_DISPLAY/DIGIT_SELECTOR/count_reg[0]_i_1/CO[3]
                         net (fo=1, routed)           0.000     6.779    SEVEN_SEGMENT_DISPLAY/DIGIT_SELECTOR/count_reg[0]_i_1_n_0
    SLICE_X59Y20         CARRY4 (Prop_carry4_CI_CO[3])
                                                      0.114     6.893 r  SEVEN_SEGMENT_DISPLAY/DIGIT_SELECTOR/count_reg[4]_i_1/CO[3]
                         net (fo=1, routed)           0.000     6.893    SEVEN_SEGMENT_DISPLAY/DIGIT_SELECTOR/count_reg[4]_i_1_n_0
    SLICE_X59Y21         CARRY4 (Prop_carry4_CI_CO[3])
                                                      0.114     7.007 r  SEVEN_SEGMENT_DISPLAY/DIGIT_SELECTOR/count_reg[8]_i_1/CO[3]
                         net (fo=1, routed)           0.000     7.007    SEVEN_SEGMENT_DISPLAY/DIGIT_SELECTOR/count_reg[8]_i_1_n_0
    SLICE_X59Y22         CARRY4 (Prop_carry4_CI_O[1])
                                                      0.334     7.341 r  SEVEN_SEGMENT_DISPLAY/DIGIT_SELECTOR/count_reg[12]_i_1/O[1]
                         net (fo=1, routed)           0.000     7.341    SEVEN_SEGMENT_DISPLAY/DIGIT_SELECTOR/count_reg[12]_i_1_n_6
    SLICE_X59Y22         FDRE                                         r  SEVEN_SEGMENT_DISPLAY/DIGIT_SELECTOR/count_reg[13]/D
  -------------------------------------------------------------------    -------------------

                         (clock sys_clk_pin rise edge)
                                                     10.000    10.000 r  
    W5                                                0.000    10.000 r  clk (IN)
                         net (fo=0)                   0.000    10.000    clk
    W5                   IBUF (Prop_ibuf_I_O)         1.388    11.388 r  clk_IBUF_inst/O
                         net (fo=1, routed)           1.862    13.250    clk_IBUF
    BUFGCTRL_X0Y0        BUFG (Prop_bufg_I_O)         0.091    13.341 r  clk_IBUF_BUFG_inst/O
                         net (fo=21, routed)          1.504    14.845    SEVEN_SEGMENT_DISPLAY/DIGIT_SELECTOR/clk_IBUF_BUFG
    SLICE_X59Y22         FDRE                                         r  SEVEN_SEGMENT_DISPLAY/DIGIT_SELECTOR/count_reg[13]/C
                         clock pessimism              0.274    15.119    
                         clock uncertainty           -0.035    15.084    
    SLICE_X59Y22         FDRE (Setup_fdre_C_D)        0.062    15.146    SEVEN_SEGMENT_DISPLAY/DIGIT_SELECTOR/count_reg[13]
  -------------------------------------------------------------------
                         required time                         15.146    
                         arrival time                          -7.341    
  -------------------------------------------------------------------
                         slack                                  7.805    

Slack (MET) :             7.826ns  (required time - arrival time)
  Source:                 SEVEN_SEGMENT_DISPLAY/DIGIT_SELECTOR/count_reg[1]/C
                            (rising edge-triggered cell FDRE clocked by sys_clk_pin  {rise@0.000ns fall@5.000ns period=10.000ns})
  Destination:            SEVEN_SEGMENT_DISPLAY/DIGIT_SELECTOR/count_reg[15]/D
                            (rising edge-triggered cell FDRE clocked by sys_clk_pin  {rise@0.000ns fall@5.000ns period=10.000ns})
  Path Group:             sys_clk_pin
  Path Type:              Setup (Max at Slow Process Corner)
  Requirement:            10.000ns  (sys_clk_pin rise@10.000ns - sys_clk_pin rise@0.000ns)
  Data Path Delay:        2.174ns  (logic 1.671ns (76.879%)  route 0.503ns (23.121%))
  Logic Levels:           4  (CARRY4=4)
  Clock Path Skew:        -0.027ns (DCD - SCD + CPR)
    Destination Clock Delay (DCD):    4.845ns = ( 14.845 - 10.000 ) 
    Source Clock Delay      (SCD):    5.146ns
    Clock Pessimism Removal (CPR):    0.274ns
  Clock Uncertainty:      0.035ns  ((TSJ^2 + TIJ^2)^1/2 + DJ) / 2 + PE
    Total System Jitter     (TSJ):    0.071ns
    Total Input Jitter      (TIJ):    0.000ns
    Discrete Jitter          (DJ):    0.000ns
    Phase Error              (PE):    0.000ns

    Location             Delay type                Incr(ns)  Path(ns)    Netlist Resource(s)
  -------------------------------------------------------------------    -------------------
                         (clock sys_clk_pin rise edge)
                                                      0.000     0.000 r  
    W5                                                0.000     0.000 r  clk (IN)
                         net (fo=0)                   0.000     0.000    clk
    W5                   IBUF (Prop_ibuf_I_O)         1.458     1.458 r  clk_IBUF_inst/O
                         net (fo=1, routed)           1.967     3.425    clk_IBUF
    BUFGCTRL_X0Y0        BUFG (Prop_bufg_I_O)         0.096     3.521 r  clk_IBUF_BUFG_inst/O
                         net (fo=21, routed)          1.625     5.146    SEVEN_SEGMENT_DISPLAY/DIGIT_SELECTOR/clk_IBUF_BUFG
    SLICE_X59Y19         FDRE                                         r  SEVEN_SEGMENT_DISPLAY/DIGIT_SELECTOR/count_reg[1]/C
  -------------------------------------------------------------------    -------------------
    SLICE_X59Y19         FDRE (Prop_fdre_C_Q)         0.456     5.602 r  SEVEN_SEGMENT_DISPLAY/DIGIT_SELECTOR/count_reg[1]/Q
                         net (fo=3, routed)           0.503     6.105    SEVEN_SEGMENT_DISPLAY/DIGIT_SELECTOR/count_reg[1]
    SLICE_X59Y19         CARRY4 (Prop_carry4_S[1]_CO[3])
                                                      0.674     6.779 r  SEVEN_SEGMENT_DISPLAY/DIGIT_SELECTOR/count_reg[0]_i_1/CO[3]
                         net (fo=1, routed)           0.000     6.779    SEVEN_SEGMENT_DISPLAY/DIGIT_SELECTOR/count_reg[0]_i_1_n_0
    SLICE_X59Y20         CARRY4 (Prop_carry4_CI_CO[3])
                                                      0.114     6.893 r  SEVEN_SEGMENT_DISPLAY/DIGIT_SELECTOR/count_reg[4]_i_1/CO[3]
                         net (fo=1, routed)           0.000     6.893    SEVEN_SEGMENT_DISPLAY/DIGIT_SELECTOR/count_reg[4]_i_1_n_0
    SLICE_X59Y21         CARRY4 (Prop_carry4_CI_CO[3])
                                                      0.114     7.007 r  SEVEN_SEGMENT_DISPLAY/DIGIT_SELECTOR/count_reg[8]_i_1/CO[3]
                         net (fo=1, routed)           0.000     7.007    SEVEN_SEGMENT_DISPLAY/DIGIT_SELECTOR/count_reg[8]_i_1_n_0
    SLICE_X59Y22         CARRY4 (Prop_carry4_CI_O[3])
                                                      0.313     7.320 r  SEVEN_SEGMENT_DISPLAY/DIGIT_SELECTOR/count_reg[12]_i_1/O[3]
                         net (fo=1, routed)           0.000     7.320    SEVEN_SEGMENT_DISPLAY/DIGIT_SELECTOR/count_reg[12]_i_1_n_4
    SLICE_X59Y22         FDRE                                         r  SEVEN_SEGMENT_DISPLAY/DIGIT_SELECTOR/count_reg[15]/D
  -------------------------------------------------------------------    -------------------

                         (clock sys_clk_pin rise edge)
                                                     10.000    10.000 r  
    W5                                                0.000    10.000 r  clk (IN)
                         net (fo=0)                   0.000    10.000    clk
    W5                   IBUF (Prop_ibuf_I_O)         1.388    11.388 r  clk_IBUF_inst/O
                         net (fo=1, routed)           1.862    13.250    clk_IBUF
    BUFGCTRL_X0Y0        BUFG (Prop_bufg_I_O)         0.091    13.341 r  clk_IBUF_BUFG_inst/O
                         net (fo=21, routed)          1.504    14.845    SEVEN_SEGMENT_DISPLAY/DIGIT_SELECTOR/clk_IBUF_BUFG
    SLICE_X59Y22         FDRE                                         r  SEVEN_SEGMENT_DISPLAY/DIGIT_SELECTOR/count_reg[15]/C
                         clock pessimism              0.274    15.119    
                         clock uncertainty           -0.035    15.084    
    SLICE_X59Y22         FDRE (Setup_fdre_C_D)        0.062    15.146    SEVEN_SEGMENT_DISPLAY/DIGIT_SELECTOR/count_reg[15]
  -------------------------------------------------------------------
                         required time                         15.146    
                         arrival time                          -7.320    
  -------------------------------------------------------------------
                         slack                                  7.826    

Slack (MET) :             7.900ns  (required time - arrival time)
  Source:                 SEVEN_SEGMENT_DISPLAY/DIGIT_SELECTOR/count_reg[1]/C
                            (rising edge-triggered cell FDRE clocked by sys_clk_pin  {rise@0.000ns fall@5.000ns period=10.000ns})
  Destination:            SEVEN_SEGMENT_DISPLAY/DIGIT_SELECTOR/count_reg[14]/D
                            (rising edge-triggered cell FDRE clocked by sys_clk_pin  {rise@0.000ns fall@5.000ns period=10.000ns})
  Path Group:             sys_clk_pin
  Path Type:              Setup (Max at Slow Process Corner)
  Requirement:            10.000ns  (sys_clk_pin rise@10.000ns - sys_clk_pin rise@0.000ns)
  Data Path Delay:        2.100ns  (logic 1.597ns (76.064%)  route 0.503ns (23.936%))
  Logic Levels:           4  (CARRY4=4)
  Clock Path Skew:        -0.027ns (DCD - SCD + CPR)
    Destination Clock Delay (DCD):    4.845ns = ( 14.845 - 10.000 ) 
    Source Clock Delay      (SCD):    5.146ns
    Clock Pessimism Removal (CPR):    0.274ns
  Clock Uncertainty:      0.035ns  ((TSJ^2 + TIJ^2)^1/2 + DJ) / 2 + PE
    Total System Jitter     (TSJ):    0.071ns
    Total Input Jitter      (TIJ):    0.000ns
    Discrete Jitter          (DJ):    0.000ns
    Phase Error              (PE):    0.000ns

    Location             Delay type                Incr(ns)  Path(ns)    Netlist Resource(s)
  -------------------------------------------------------------------    -------------------
                         (clock sys_clk_pin rise edge)
                                                      0.000     0.000 r  
    W5                                                0.000     0.000 r  clk (IN)
                         net (fo=0)                   0.000     0.000    clk
    W5                   IBUF (Prop_ibuf_I_O)         1.458     1.458 r  clk_IBUF_inst/O
                         net (fo=1, routed)           1.967     3.425    clk_IBUF
    BUFGCTRL_X0Y0        BUFG (Prop_bufg_I_O)         0.096     3.521 r  clk_IBUF_BUFG_inst/O
                         net (fo=21, routed)          1.625     5.146    SEVEN_SEGMENT_DISPLAY/DIGIT_SELECTOR/clk_IBUF_BUFG
    SLICE_X59Y19         FDRE                                         r  SEVEN_SEGMENT_DISPLAY/DIGIT_SELECTOR/count_reg[1]/C
  -------------------------------------------------------------------    -------------------
    SLICE_X59Y19         FDRE (Prop_fdre_C_Q)         0.456     5.602 r  SEVEN_SEGMENT_DISPLAY/DIGIT_SELECTOR/count_reg[1]/Q
                         net (fo=3, routed)           0.503     6.105    SEVEN_SEGMENT_DISPLAY/DIGIT_SELECTOR/count_reg[1]
    SLICE_X59Y19         CARRY4 (Prop_carry4_S[1]_CO[3])
                                                      0.674     6.779 r  SEVEN_SEGMENT_DISPLAY/DIGIT_SELECTOR/count_reg[0]_i_1/CO[3]
                         net (fo=1, routed)           0.000     6.779    SEVEN_SEGMENT_DISPLAY/DIGIT_SELECTOR/count_reg[0]_i_1_n_0
    SLICE_X59Y20         CARRY4 (Prop_carry4_CI_CO[3])
                                                      0.114     6.893 r  SEVEN_SEGMENT_DISPLAY/DIGIT_SELECTOR/count_reg[4]_i_1/CO[3]
                         net (fo=1, routed)           0.000     6.893    SEVEN_SEGMENT_DISPLAY/DIGIT_SELECTOR/count_reg[4]_i_1_n_0
    SLICE_X59Y21         CARRY4 (Prop_carry4_CI_CO[3])
                                                      0.114     7.007 r  SEVEN_SEGMENT_DISPLAY/DIGIT_SELECTOR/count_reg[8]_i_1/CO[3]
                         net (fo=1, routed)           0.000     7.007    SEVEN_SEGMENT_DISPLAY/DIGIT_SELECTOR/count_reg[8]_i_1_n_0
    SLICE_X59Y22         CARRY4 (Prop_carry4_CI_O[2])
                                                      0.239     7.246 r  SEVEN_SEGMENT_DISPLAY/DIGIT_SELECTOR/count_reg[12]_i_1/O[2]
                         net (fo=1, routed)           0.000     7.246    SEVEN_SEGMENT_DISPLAY/DIGIT_SELECTOR/count_reg[12]_i_1_n_5
    SLICE_X59Y22         FDRE                                         r  SEVEN_SEGMENT_DISPLAY/DIGIT_SELECTOR/count_reg[14]/D
  -------------------------------------------------------------------    -------------------

                         (clock sys_clk_pin rise edge)
                                                     10.000    10.000 r  
    W5                                                0.000    10.000 r  clk (IN)
                         net (fo=0)                   0.000    10.000    clk
    W5                   IBUF (Prop_ibuf_I_O)         1.388    11.388 r  clk_IBUF_inst/O
                         net (fo=1, routed)           1.862    13.250    clk_IBUF
    BUFGCTRL_X0Y0        BUFG (Prop_bufg_I_O)         0.091    13.341 r  clk_IBUF_BUFG_inst/O
                         net (fo=21, routed)          1.504    14.845    SEVEN_SEGMENT_DISPLAY/DIGIT_SELECTOR/clk_IBUF_BUFG
    SLICE_X59Y22         FDRE                                         r  SEVEN_SEGMENT_DISPLAY/DIGIT_SELECTOR/count_reg[14]/C
                         clock pessimism              0.274    15.119    
                         clock uncertainty           -0.035    15.084    
    SLICE_X59Y22         FDRE (Setup_fdre_C_D)        0.062    15.146    SEVEN_SEGMENT_DISPLAY/DIGIT_SELECTOR/count_reg[14]
  -------------------------------------------------------------------
                         required time                         15.146    
                         arrival time                          -7.246    
  -------------------------------------------------------------------
                         slack                                  7.900    

Slack (MET) :             7.916ns  (required time - arrival time)
  Source:                 SEVEN_SEGMENT_DISPLAY/DIGIT_SELECTOR/count_reg[1]/C
                            (rising edge-triggered cell FDRE clocked by sys_clk_pin  {rise@0.000ns fall@5.000ns period=10.000ns})
  Destination:            SEVEN_SEGMENT_DISPLAY/DIGIT_SELECTOR/count_reg[12]/D
                            (rising edge-triggered cell FDRE clocked by sys_clk_pin  {rise@0.000ns fall@5.000ns period=10.000ns})
  Path Group:             sys_clk_pin
  Path Type:              Setup (Max at Slow Process Corner)
  Requirement:            10.000ns  (sys_clk_pin rise@10.000ns - sys_clk_pin rise@0.000ns)
  Data Path Delay:        2.084ns  (logic 1.581ns (75.880%)  route 0.503ns (24.120%))
  Logic Levels:           4  (CARRY4=4)
  Clock Path Skew:        -0.027ns (DCD - SCD + CPR)
    Destination Clock Delay (DCD):    4.845ns = ( 14.845 - 10.000 ) 
    Source Clock Delay      (SCD):    5.146ns
    Clock Pessimism Removal (CPR):    0.274ns
  Clock Uncertainty:      0.035ns  ((TSJ^2 + TIJ^2)^1/2 + DJ) / 2 + PE
    Total System Jitter     (TSJ):    0.071ns
    Total Input Jitter      (TIJ):    0.000ns
    Discrete Jitter          (DJ):    0.000ns
    Phase Error              (PE):    0.000ns

    Location             Delay type                Incr(ns)  Path(ns)    Netlist Resource(s)
  -------------------------------------------------------------------    -------------------
                         (clock sys_clk_pin rise edge)
                                                      0.000     0.000 r  
    W5                                                0.000     0.000 r  clk (IN)
                         net (fo=0)                   0.000     0.000    clk
    W5                   IBUF (Prop_ibuf_I_O)         1.458     1.458 r  clk_IBUF_inst/O
                         net (fo=1, routed)           1.967     3.425    clk_IBUF
    BUFGCTRL_X0Y0        BUFG (Prop_bufg_I_O)         0.096     3.521 r  clk_IBUF_BUFG_inst/O
                         net (fo=21, routed)          1.625     5.146    SEVEN_SEGMENT_DISPLAY/DIGIT_SELECTOR/clk_IBUF_BUFG
    SLICE_X59Y19         FDRE                                         r  SEVEN_SEGMENT_DISPLAY/DIGIT_SELECTOR/count_reg[1]/C
  -------------------------------------------------------------------    -------------------
    SLICE_X59Y19         FDRE (Prop_fdre_C_Q)         0.456     5.602 r  SEVEN_SEGMENT_DISPLAY/DIGIT_SELECTOR/count_reg[1]/Q
                         net (fo=3, routed)           0.503     6.105    SEVEN_SEGMENT_DISPLAY/DIGIT_SELECTOR/count_reg[1]
    SLICE_X59Y19         CARRY4 (Prop_carry4_S[1]_CO[3])
                                                      0.674     6.779 r  SEVEN_SEGMENT_DISPLAY/DIGIT_SELECTOR/count_reg[0]_i_1/CO[3]
                         net (fo=1, routed)           0.000     6.779    SEVEN_SEGMENT_DISPLAY/DIGIT_SELECTOR/count_reg[0]_i_1_n_0
    SLICE_X59Y20         CARRY4 (Prop_carry4_CI_CO[3])
                                                      0.114     6.893 r  SEVEN_SEGMENT_DISPLAY/DIGIT_SELECTOR/count_reg[4]_i_1/CO[3]
                         net (fo=1, routed)           0.000     6.893    SEVEN_SEGMENT_DISPLAY/DIGIT_SELECTOR/count_reg[4]_i_1_n_0
    SLICE_X59Y21         CARRY4 (Prop_carry4_CI_CO[3])
                                                      0.114     7.007 r  SEVEN_SEGMENT_DISPLAY/DIGIT_SELECTOR/count_reg[8]_i_1/CO[3]
                         net (fo=1, routed)           0.000     7.007    SEVEN_SEGMENT_DISPLAY/DIGIT_SELECTOR/count_reg[8]_i_1_n_0
    SLICE_X59Y22         CARRY4 (Prop_carry4_CI_O[0])
                                                      0.223     7.230 r  SEVEN_SEGMENT_DISPLAY/DIGIT_SELECTOR/count_reg[12]_i_1/O[0]
                         net (fo=1, routed)           0.000     7.230    SEVEN_SEGMENT_DISPLAY/DIGIT_SELECTOR/count_reg[12]_i_1_n_7
    SLICE_X59Y22         FDRE                                         r  SEVEN_SEGMENT_DISPLAY/DIGIT_SELECTOR/count_reg[12]/D
  -------------------------------------------------------------------    -------------------

                         (clock sys_clk_pin rise edge)
                                                     10.000    10.000 r  
    W5                                                0.000    10.000 r  clk (IN)
                         net (fo=0)                   0.000    10.000    clk
    W5                   IBUF (Prop_ibuf_I_O)         1.388    11.388 r  clk_IBUF_inst/O
                         net (fo=1, routed)           1.862    13.250    clk_IBUF
    BUFGCTRL_X0Y0        BUFG (Prop_bufg_I_O)         0.091    13.341 r  clk_IBUF_BUFG_inst/O
                         net (fo=21, routed)          1.504    14.845    SEVEN_SEGMENT_DISPLAY/DIGIT_SELECTOR/clk_IBUF_BUFG
    SLICE_X59Y22         FDRE                                         r  SEVEN_SEGMENT_DISPLAY/DIGIT_SELECTOR/count_reg[12]/C
                         clock pessimism              0.274    15.119    
                         clock uncertainty           -0.035    15.084    
    SLICE_X59Y22         FDRE (Setup_fdre_C_D)        0.062    15.146    SEVEN_SEGMENT_DISPLAY/DIGIT_SELECTOR/count_reg[12]
  -------------------------------------------------------------------
                         required time                         15.146    
                         arrival time                          -7.230    
  -------------------------------------------------------------------
                         slack                                  7.916    

Slack (MET) :             7.921ns  (required time - arrival time)
  Source:                 SEVEN_SEGMENT_DISPLAY/DIGIT_SELECTOR/count_reg[1]/C
                            (rising edge-triggered cell FDRE clocked by sys_clk_pin  {rise@0.000ns fall@5.000ns period=10.000ns})
  Destination:            SEVEN_SEGMENT_DISPLAY/DIGIT_SELECTOR/count_reg[9]/D
                            (rising edge-triggered cell FDRE clocked by sys_clk_pin  {rise@0.000ns fall@5.000ns period=10.000ns})
  Path Group:             sys_clk_pin
  Path Type:              Setup (Max at Slow Process Corner)
  Requirement:            10.000ns  (sys_clk_pin rise@10.000ns - sys_clk_pin rise@0.000ns)
  Data Path Delay:        2.081ns  (logic 1.578ns (75.845%)  route 0.503ns (24.155%))
  Logic Levels:           3  (CARRY4=3)
  Clock Path Skew:        -0.025ns (DCD - SCD + CPR)
    Destination Clock Delay (DCD):    4.847ns = ( 14.847 - 10.000 ) 
    Source Clock Delay      (SCD):    5.146ns
    Clock Pessimism Removal (CPR):    0.274ns
  Clock Uncertainty:      0.035ns  ((TSJ^2 + TIJ^2)^1/2 + DJ) / 2 + PE
    Total System Jitter     (TSJ):    0.071ns
    Total Input Jitter      (TIJ):    0.000ns
    Discrete Jitter          (DJ):    0.000ns
    Phase Error              (PE):    0.000ns

    Location             Delay type                Incr(ns)  Path(ns)    Netlist Resource(s)
  -------------------------------------------------------------------    -------------------
                         (clock sys_clk_pin rise edge)
                                                      0.000     0.000 r  
    W5                                                0.000     0.000 r  clk (IN)
                         net (fo=0)                   0.000     0.000    clk
    W5                   IBUF (Prop_ibuf_I_O)         1.458     1.458 r  clk_IBUF_inst/O
                         net (fo=1, routed)           1.967     3.425    clk_IBUF
    BUFGCTRL_X0Y0        BUFG (Prop_bufg_I_O)         0.096     3.521 r  clk_IBUF_BUFG_inst/O
                         net (fo=21, routed)          1.625     5.146    SEVEN_SEGMENT_DISPLAY/DIGIT_SELECTOR/clk_IBUF_BUFG
    SLICE_X59Y19         FDRE                                         r  SEVEN_SEGMENT_DISPLAY/DIGIT_SELECTOR/count_reg[1]/C
  -------------------------------------------------------------------    -------------------
    SLICE_X59Y19         FDRE (Prop_fdre_C_Q)         0.456     5.602 r  SEVEN_SEGMENT_DISPLAY/DIGIT_SELECTOR/count_reg[1]/Q
                         net (fo=3, routed)           0.503     6.105    SEVEN_SEGMENT_DISPLAY/DIGIT_SELECTOR/count_reg[1]
    SLICE_X59Y19         CARRY4 (Prop_carry4_S[1]_CO[3])
                                                      0.674     6.779 r  SEVEN_SEGMENT_DISPLAY/DIGIT_SELECTOR/count_reg[0]_i_1/CO[3]
                         net (fo=1, routed)           0.000     6.779    SEVEN_SEGMENT_DISPLAY/DIGIT_SELECTOR/count_reg[0]_i_1_n_0
    SLICE_X59Y20         CARRY4 (Prop_carry4_CI_CO[3])
                                                      0.114     6.893 r  SEVEN_SEGMENT_DISPLAY/DIGIT_SELECTOR/count_reg[4]_i_1/CO[3]
                         net (fo=1, routed)           0.000     6.893    SEVEN_SEGMENT_DISPLAY/DIGIT_SELECTOR/count_reg[4]_i_1_n_0
    SLICE_X59Y21         CARRY4 (Prop_carry4_CI_O[1])
                                                      0.334     7.227 r  SEVEN_SEGMENT_DISPLAY/DIGIT_SELECTOR/count_reg[8]_i_1/O[1]
                         net (fo=1, routed)           0.000     7.227    SEVEN_SEGMENT_DISPLAY/DIGIT_SELECTOR/count_reg[8]_i_1_n_6
    SLICE_X59Y21         FDRE                                         r  SEVEN_SEGMENT_DISPLAY/DIGIT_SELECTOR/count_reg[9]/D
  -------------------------------------------------------------------    -------------------

                         (clock sys_clk_pin rise edge)
                                                     10.000    10.000 r  
    W5                                                0.000    10.000 r  clk (IN)
                         net (fo=0)                   0.000    10.000    clk
    W5                   IBUF (Prop_ibuf_I_O)         1.388    11.388 r  clk_IBUF_inst/O
                         net (fo=1, routed)           1.862    13.250    clk_IBUF
    BUFGCTRL_X0Y0        BUFG (Prop_bufg_I_O)         0.091    13.341 r  clk_IBUF_BUFG_inst/O
                         net (fo=21, routed)          1.506    14.847    SEVEN_SEGMENT_DISPLAY/DIGIT_SELECTOR/clk_IBUF_BUFG
    SLICE_X59Y21         FDRE                                         r  SEVEN_SEGMENT_DISPLAY/DIGIT_SELECTOR/count_reg[9]/C
                         clock pessimism              0.274    15.121    
                         clock uncertainty           -0.035    15.086    
    SLICE_X59Y21         FDRE (Setup_fdre_C_D)        0.062    15.148    SEVEN_SEGMENT_DISPLAY/DIGIT_SELECTOR/count_reg[9]
  -------------------------------------------------------------------
                         required time                         15.148    
                         arrival time                          -7.227    
  -------------------------------------------------------------------
                         slack                                  7.921    





Min Delay Paths
--------------------------------------------------------------------------------------
Slack (MET) :             0.261ns  (arrival time - required time)
  Source:                 SEVEN_SEGMENT_DISPLAY/DIGIT_SELECTOR/count_reg[11]/C
                            (rising edge-triggered cell FDRE clocked by sys_clk_pin  {rise@0.000ns fall@5.000ns period=10.000ns})
  Destination:            SEVEN_SEGMENT_DISPLAY/DIGIT_SELECTOR/count_reg[11]/D
                            (rising edge-triggered cell FDRE clocked by sys_clk_pin  {rise@0.000ns fall@5.000ns period=10.000ns})
  Path Group:             sys_clk_pin
  Path Type:              Hold (Min at Fast Process Corner)
  Requirement:            0.000ns  (sys_clk_pin rise@0.000ns - sys_clk_pin rise@0.000ns)
  Data Path Delay:        0.366ns  (logic 0.249ns (67.994%)  route 0.117ns (32.006%))
  Logic Levels:           1  (CARRY4=1)
  Clock Path Skew:        0.000ns (DCD - SCD - CPR)
    Destination Clock Delay (DCD):    1.979ns
    Source Clock Delay      (SCD):    1.467ns
    Clock Pessimism Removal (CPR):    0.512ns

    Location             Delay type                Incr(ns)  Path(ns)    Netlist Resource(s)
  -------------------------------------------------------------------    -------------------
                         (clock sys_clk_pin rise edge)
                                                      0.000     0.000 r  
    W5                                                0.000     0.000 r  clk (IN)
                         net (fo=0)                   0.000     0.000    clk
    W5                   IBUF (Prop_ibuf_I_O)         0.226     0.226 r  clk_IBUF_inst/O
                         net (fo=1, routed)           0.631     0.858    clk_IBUF
    BUFGCTRL_X0Y0        BUFG (Prop_bufg_I_O)         0.026     0.884 r  clk_IBUF_BUFG_inst/O
                         net (fo=21, routed)          0.584     1.467    SEVEN_SEGMENT_DISPLAY/DIGIT_SELECTOR/clk_IBUF_BUFG
    SLICE_X59Y21         FDRE                                         r  SEVEN_SEGMENT_DISPLAY/DIGIT_SELECTOR/count_reg[11]/C
  -------------------------------------------------------------------    -------------------
    SLICE_X59Y21         FDRE (Prop_fdre_C_Q)         0.141     1.608 r  SEVEN_SEGMENT_DISPLAY/DIGIT_SELECTOR/count_reg[11]/Q
                         net (fo=3, routed)           0.117     1.725    SEVEN_SEGMENT_DISPLAY/DIGIT_SELECTOR/count_reg[11]
    SLICE_X59Y21         CARRY4 (Prop_carry4_S[3]_O[3])
                                                      0.108     1.833 r  SEVEN_SEGMENT_DISPLAY/DIGIT_SELECTOR/count_reg[8]_i_1/O[3]
                         net (fo=1, routed)           0.000     1.833    SEVEN_SEGMENT_DISPLAY/DIGIT_SELECTOR/count_reg[8]_i_1_n_4
    SLICE_X59Y21         FDRE                                         r  SEVEN_SEGMENT_DISPLAY/DIGIT_SELECTOR/count_reg[11]/D
  -------------------------------------------------------------------    -------------------

                         (clock sys_clk_pin rise edge)
                                                      0.000     0.000 r  
    W5                                                0.000     0.000 r  clk (IN)
                         net (fo=0)                   0.000     0.000    clk
    W5                   IBUF (Prop_ibuf_I_O)         0.414     0.414 r  clk_IBUF_inst/O
                         net (fo=1, routed)           0.685     1.099    clk_IBUF
    BUFGCTRL_X0Y0        BUFG (Prop_bufg_I_O)         0.029     1.128 r  clk_IBUF_BUFG_inst/O
                         net (fo=21, routed)          0.852     1.979    SEVEN_SEGMENT_DISPLAY/DIGIT_SELECTOR/clk_IBUF_BUFG
    SLICE_X59Y21         FDRE                                         r  SEVEN_SEGMENT_DISPLAY/DIGIT_SELECTOR/count_reg[11]/C
                         clock pessimism             -0.512     1.467    
    SLICE_X59Y21         FDRE (Hold_fdre_C_D)         0.105     1.572    SEVEN_SEGMENT_DISPLAY/DIGIT_SELECTOR/count_reg[11]
  -------------------------------------------------------------------
                         required time                         -1.572    
                         arrival time                           1.833    
  -------------------------------------------------------------------
                         slack                                  0.261    

Slack (MET) :             0.263ns  (arrival time - required time)
  Source:                 SEVEN_SEGMENT_DISPLAY/DIGIT_SELECTOR/count_reg[15]/C
                            (rising edge-triggered cell FDRE clocked by sys_clk_pin  {rise@0.000ns fall@5.000ns period=10.000ns})
  Destination:            SEVEN_SEGMENT_DISPLAY/DIGIT_SELECTOR/count_reg[15]/D
                            (rising edge-triggered cell FDRE clocked by sys_clk_pin  {rise@0.000ns fall@5.000ns period=10.000ns})
  Path Group:             sys_clk_pin
  Path Type:              Hold (Min at Fast Process Corner)
  Requirement:            0.000ns  (sys_clk_pin rise@0.000ns - sys_clk_pin rise@0.000ns)
  Data Path Delay:        0.368ns  (logic 0.249ns (67.612%)  route 0.119ns (32.388%))
  Logic Levels:           1  (CARRY4=1)
  Clock Path Skew:        0.000ns (DCD - SCD - CPR)
    Destination Clock Delay (DCD):    1.978ns
    Source Clock Delay      (SCD):    1.467ns
    Clock Pessimism Removal (CPR):    0.511ns

    Location             Delay type                Incr(ns)  Path(ns)    Netlist Resource(s)
  -------------------------------------------------------------------    -------------------
                         (clock sys_clk_pin rise edge)
                                                      0.000     0.000 r  
    W5                                                0.000     0.000 r  clk (IN)
                         net (fo=0)                   0.000     0.000    clk
    W5                   IBUF (Prop_ibuf_I_O)         0.226     0.226 r  clk_IBUF_inst/O
                         net (fo=1, routed)           0.631     0.858    clk_IBUF
    BUFGCTRL_X0Y0        BUFG (Prop_bufg_I_O)         0.026     0.884 r  clk_IBUF_BUFG_inst/O
                         net (fo=21, routed)          0.584     1.467    SEVEN_SEGMENT_DISPLAY/DIGIT_SELECTOR/clk_IBUF_BUFG
    SLICE_X59Y22         FDRE                                         r  SEVEN_SEGMENT_DISPLAY/DIGIT_SELECTOR/count_reg[15]/C
  -------------------------------------------------------------------    -------------------
    SLICE_X59Y22         FDRE (Prop_fdre_C_Q)         0.141     1.608 r  SEVEN_SEGMENT_DISPLAY/DIGIT_SELECTOR/count_reg[15]/Q
                         net (fo=2, routed)           0.119     1.727    SEVEN_SEGMENT_DISPLAY/DIGIT_SELECTOR/count_reg[15]
    SLICE_X59Y22         CARRY4 (Prop_carry4_S[3]_O[3])
                                                      0.108     1.835 r  SEVEN_SEGMENT_DISPLAY/DIGIT_SELECTOR/count_reg[12]_i_1/O[3]
                         net (fo=1, routed)           0.000     1.835    SEVEN_SEGMENT_DISPLAY/DIGIT_SELECTOR/count_reg[12]_i_1_n_4
    SLICE_X59Y22         FDRE                                         r  SEVEN_SEGMENT_DISPLAY/DIGIT_SELECTOR/count_reg[15]/D
  -------------------------------------------------------------------    -------------------

                         (clock sys_clk_pin rise edge)
                                                      0.000     0.000 r  
    W5                                                0.000     0.000 r  clk (IN)
                         net (fo=0)                   0.000     0.000    clk
    W5                   IBUF (Prop_ibuf_I_O)         0.414     0.414 r  clk_IBUF_inst/O
                         net (fo=1, routed)           0.685     1.099    clk_IBUF
    BUFGCTRL_X0Y0        BUFG (Prop_bufg_I_O)         0.029     1.128 r  clk_IBUF_BUFG_inst/O
                         net (fo=21, routed)          0.851     1.978    SEVEN_SEGMENT_DISPLAY/DIGIT_SELECTOR/clk_IBUF_BUFG
    SLICE_X59Y22         FDRE                                         r  SEVEN_SEGMENT_DISPLAY/DIGIT_SELECTOR/count_reg[15]/C
                         clock pessimism             -0.511     1.467    
    SLICE_X59Y22         FDRE (Hold_fdre_C_D)         0.105     1.572    SEVEN_SEGMENT_DISPLAY/DIGIT_SELECTOR/count_reg[15]
  -------------------------------------------------------------------
                         required time                         -1.572    
                         arrival time                           1.835    
  -------------------------------------------------------------------
                         slack                                  0.263    

Slack (MET) :             0.267ns  (arrival time - required time)
  Source:                 SEVEN_SEGMENT_DISPLAY/DIGIT_SELECTOR/count_reg[14]/C
                            (rising edge-triggered cell FDRE clocked by sys_clk_pin  {rise@0.000ns fall@5.000ns period=10.000ns})
  Destination:            SEVEN_SEGMENT_DISPLAY/DIGIT_SELECTOR/count_reg[14]/D
                            (rising edge-triggered cell FDRE clocked by sys_clk_pin  {rise@0.000ns fall@5.000ns period=10.000ns})
  Path Group:             sys_clk_pin
  Path Type:              Hold (Min at Fast Process Corner)
  Requirement:            0.000ns  (sys_clk_pin rise@0.000ns - sys_clk_pin rise@0.000ns)
  Data Path Delay:        0.372ns  (logic 0.252ns (67.654%)  route 0.120ns (32.346%))
  Logic Levels:           1  (CARRY4=1)
  Clock Path Skew:        0.000ns (DCD - SCD - CPR)
    Destination Clock Delay (DCD):    1.978ns
    Source Clock Delay      (SCD):    1.467ns
    Clock Pessimism Removal (CPR):    0.511ns

    Location             Delay type                Incr(ns)  Path(ns)    Netlist Resource(s)
  -------------------------------------------------------------------    -------------------
                         (clock sys_clk_pin rise edge)
                                                      0.000     0.000 r  
    W5                                                0.000     0.000 r  clk (IN)
                         net (fo=0)                   0.000     0.000    clk
    W5                   IBUF (Prop_ibuf_I_O)         0.226     0.226 r  clk_IBUF_inst/O
                         net (fo=1, routed)           0.631     0.858    clk_IBUF
    BUFGCTRL_X0Y0        BUFG (Prop_bufg_I_O)         0.026     0.884 r  clk_IBUF_BUFG_inst/O
                         net (fo=21, routed)          0.584     1.467    SEVEN_SEGMENT_DISPLAY/DIGIT_SELECTOR/clk_IBUF_BUFG
    SLICE_X59Y22         FDRE                                         r  SEVEN_SEGMENT_DISPLAY/DIGIT_SELECTOR/count_reg[14]/C
  -------------------------------------------------------------------    -------------------
    SLICE_X59Y22         FDRE (Prop_fdre_C_Q)         0.141     1.608 r  SEVEN_SEGMENT_DISPLAY/DIGIT_SELECTOR/count_reg[14]/Q
                         net (fo=2, routed)           0.120     1.729    SEVEN_SEGMENT_DISPLAY/DIGIT_SELECTOR/count_reg[14]
    SLICE_X59Y22         CARRY4 (Prop_carry4_S[2]_O[2])
                                                      0.111     1.840 r  SEVEN_SEGMENT_DISPLAY/DIGIT_SELECTOR/count_reg[12]_i_1/O[2]
                         net (fo=1, routed)           0.000     1.840    SEVEN_SEGMENT_DISPLAY/DIGIT_SELECTOR/count_reg[12]_i_1_n_5
    SLICE_X59Y22         FDRE                                         r  SEVEN_SEGMENT_DISPLAY/DIGIT_SELECTOR/count_reg[14]/D
  -------------------------------------------------------------------    -------------------

                         (clock sys_clk_pin rise edge)
                                                      0.000     0.000 r  
    W5                                                0.000     0.000 r  clk (IN)
                         net (fo=0)                   0.000     0.000    clk
    W5                   IBUF (Prop_ibuf_I_O)         0.414     0.414 r  clk_IBUF_inst/O
                         net (fo=1, routed)           0.685     1.099    clk_IBUF
    BUFGCTRL_X0Y0        BUFG (Prop_bufg_I_O)         0.029     1.128 r  clk_IBUF_BUFG_inst/O
                         net (fo=21, routed)          0.851     1.978    SEVEN_SEGMENT_DISPLAY/DIGIT_SELECTOR/clk_IBUF_BUFG
    SLICE_X59Y22         FDRE                                         r  SEVEN_SEGMENT_DISPLAY/DIGIT_SELECTOR/count_reg[14]/C
                         clock pessimism             -0.511     1.467    
    SLICE_X59Y22         FDRE (Hold_fdre_C_D)         0.105     1.572    SEVEN_SEGMENT_DISPLAY/DIGIT_SELECTOR/count_reg[14]
  -------------------------------------------------------------------
                         required time                         -1.572    
                         arrival time                           1.840    
  -------------------------------------------------------------------
                         slack                                  0.267    

Slack (MET) :             0.268ns  (arrival time - required time)
  Source:                 SEVEN_SEGMENT_DISPLAY/DIGIT_SELECTOR/count_reg[8]/C
                            (rising edge-triggered cell FDRE clocked by sys_clk_pin  {rise@0.000ns fall@5.000ns period=10.000ns})
  Destination:            SEVEN_SEGMENT_DISPLAY/DIGIT_SELECTOR/count_reg[8]/D
                            (rising edge-triggered cell FDRE clocked by sys_clk_pin  {rise@0.000ns fall@5.000ns period=10.000ns})
  Path Group:             sys_clk_pin
  Path Type:              Hold (Min at Fast Process Corner)
  Requirement:            0.000ns  (sys_clk_pin rise@0.000ns - sys_clk_pin rise@0.000ns)
  Data Path Delay:        0.373ns  (logic 0.256ns (68.576%)  route 0.117ns (31.424%))
  Logic Levels:           1  (CARRY4=1)
  Clock Path Skew:        0.000ns (DCD - SCD - CPR)
    Destination Clock Delay (DCD):    1.979ns
    Source Clock Delay      (SCD):    1.467ns
    Clock Pessimism Removal (CPR):    0.512ns

    Location             Delay type                Incr(ns)  Path(ns)    Netlist Resource(s)
  -------------------------------------------------------------------    -------------------
                         (clock sys_clk_pin rise edge)
                                                      0.000     0.000 r  
    W5                                                0.000     0.000 r  clk (IN)
                         net (fo=0)                   0.000     0.000    clk
    W5                   IBUF (Prop_ibuf_I_O)         0.226     0.226 r  clk_IBUF_inst/O
                         net (fo=1, routed)           0.631     0.858    clk_IBUF
    BUFGCTRL_X0Y0        BUFG (Prop_bufg_I_O)         0.026     0.884 r  clk_IBUF_BUFG_inst/O
                         net (fo=21, routed)          0.584     1.467    SEVEN_SEGMENT_DISPLAY/DIGIT_SELECTOR/clk_IBUF_BUFG
    SLICE_X59Y21         FDRE                                         r  SEVEN_SEGMENT_DISPLAY/DIGIT_SELECTOR/count_reg[8]/C
  -------------------------------------------------------------------    -------------------
    SLICE_X59Y21         FDRE (Prop_fdre_C_Q)         0.141     1.608 r  SEVEN_SEGMENT_DISPLAY/DIGIT_SELECTOR/count_reg[8]/Q
                         net (fo=3, routed)           0.117     1.725    SEVEN_SEGMENT_DISPLAY/DIGIT_SELECTOR/count_reg[8]
    SLICE_X59Y21         CARRY4 (Prop_carry4_S[0]_O[0])
                                                      0.115     1.840 r  SEVEN_SEGMENT_DISPLAY/DIGIT_SELECTOR/count_reg[8]_i_1/O[0]
                         net (fo=1, routed)           0.000     1.840    SEVEN_SEGMENT_DISPLAY/DIGIT_SELECTOR/count_reg[8]_i_1_n_7
    SLICE_X59Y21         FDRE                                         r  SEVEN_SEGMENT_DISPLAY/DIGIT_SELECTOR/count_reg[8]/D
  -------------------------------------------------------------------    -------------------

                         (clock sys_clk_pin rise edge)
                                                      0.000     0.000 r  
    W5                                                0.000     0.000 r  clk (IN)
                         net (fo=0)                   0.000     0.000    clk
    W5                   IBUF (Prop_ibuf_I_O)         0.414     0.414 r  clk_IBUF_inst/O
                         net (fo=1, routed)           0.685     1.099    clk_IBUF
    BUFGCTRL_X0Y0        BUFG (Prop_bufg_I_O)         0.029     1.128 r  clk_IBUF_BUFG_inst/O
                         net (fo=21, routed)          0.852     1.979    SEVEN_SEGMENT_DISPLAY/DIGIT_SELECTOR/clk_IBUF_BUFG
    SLICE_X59Y21         FDRE                                         r  SEVEN_SEGMENT_DISPLAY/DIGIT_SELECTOR/count_reg[8]/C
                         clock pessimism             -0.512     1.467    
    SLICE_X59Y21         FDRE (Hold_fdre_C_D)         0.105     1.572    SEVEN_SEGMENT_DISPLAY/DIGIT_SELECTOR/count_reg[8]
  -------------------------------------------------------------------
                         required time                         -1.572    
                         arrival time                           1.840    
  -------------------------------------------------------------------
                         slack                                  0.268    

Slack (MET) :             0.268ns  (arrival time - required time)
  Source:                 SEVEN_SEGMENT_DISPLAY/DIGIT_SELECTOR/count_reg[16]/C
                            (rising edge-triggered cell FDRE clocked by sys_clk_pin  {rise@0.000ns fall@5.000ns period=10.000ns})
  Destination:            SEVEN_SEGMENT_DISPLAY/DIGIT_SELECTOR/count_reg[16]/D
                            (rising edge-triggered cell FDRE clocked by sys_clk_pin  {rise@0.000ns fall@5.000ns period=10.000ns})
  Path Group:             sys_clk_pin
  Path Type:              Hold (Min at Fast Process Corner)
  Requirement:            0.000ns  (sys_clk_pin rise@0.000ns - sys_clk_pin rise@0.000ns)
  Data Path Delay:        0.373ns  (logic 0.256ns (68.576%)  route 0.117ns (31.424%))
  Logic Levels:           1  (CARRY4=1)
  Clock Path Skew:        0.000ns (DCD - SCD - CPR)
    Destination Clock Delay (DCD):    1.976ns
    Source Clock Delay      (SCD):    1.465ns
    Clock Pessimism Removal (CPR):    0.511ns

    Location             Delay type                Incr(ns)  Path(ns)    Netlist Resource(s)
  -------------------------------------------------------------------    -------------------
                         (clock sys_clk_pin rise edge)
                                                      0.000     0.000 r  
    W5                                                0.000     0.000 r  clk (IN)
                         net (fo=0)                   0.000     0.000    clk
    W5                   IBUF (Prop_ibuf_I_O)         0.226     0.226 r  clk_IBUF_inst/O
                         net (fo=1, routed)           0.631     0.858    clk_IBUF
    BUFGCTRL_X0Y0        BUFG (Prop_bufg_I_O)         0.026     0.884 r  clk_IBUF_BUFG_inst/O
                         net (fo=21, routed)          0.582     1.465    SEVEN_SEGMENT_DISPLAY/DIGIT_SELECTOR/clk_IBUF_BUFG
    SLICE_X59Y23         FDRE                                         r  SEVEN_SEGMENT_DISPLAY/DIGIT_SELECTOR/count_reg[16]/C
  -------------------------------------------------------------------    -------------------
    SLICE_X59Y23         FDRE (Prop_fdre_C_Q)         0.141     1.606 r  SEVEN_SEGMENT_DISPLAY/DIGIT_SELECTOR/count_reg[16]/Q
                         net (fo=3, routed)           0.117     1.723    SEVEN_SEGMENT_DISPLAY/DIGIT_SELECTOR/count_reg[16]
    SLICE_X59Y23         CARRY4 (Prop_carry4_S[0]_O[0])
                                                      0.115     1.838 r  SEVEN_SEGMENT_DISPLAY/DIGIT_SELECTOR/count_reg[16]_i_1/O[0]
                         net (fo=1, routed)           0.000     1.838    SEVEN_SEGMENT_DISPLAY/DIGIT_SELECTOR/count_reg[16]_i_1_n_7
    SLICE_X59Y23         FDRE                                         r  SEVEN_SEGMENT_DISPLAY/DIGIT_SELECTOR/count_reg[16]/D
  -------------------------------------------------------------------    -------------------

                         (clock sys_clk_pin rise edge)
                                                      0.000     0.000 r  
    W5                                                0.000     0.000 r  clk (IN)
                         net (fo=0)                   0.000     0.000    clk
    W5                   IBUF (Prop_ibuf_I_O)         0.414     0.414 r  clk_IBUF_inst/O
                         net (fo=1, routed)           0.685     1.099    clk_IBUF
    BUFGCTRL_X0Y0        BUFG (Prop_bufg_I_O)         0.029     1.128 r  clk_IBUF_BUFG_inst/O
                         net (fo=21, routed)          0.849     1.976    SEVEN_SEGMENT_DISPLAY/DIGIT_SELECTOR/clk_IBUF_BUFG
    SLICE_X59Y23         FDRE                                         r  SEVEN_SEGMENT_DISPLAY/DIGIT_SELECTOR/count_reg[16]/C
                         clock pessimism             -0.511     1.465    
    SLICE_X59Y23         FDRE (Hold_fdre_C_D)         0.105     1.570    SEVEN_SEGMENT_DISPLAY/DIGIT_SELECTOR/count_reg[16]
  -------------------------------------------------------------------
                         required time                         -1.570    
                         arrival time                           1.838    
  -------------------------------------------------------------------
                         slack                                  0.268    

Slack (MET) :             0.268ns  (arrival time - required time)
  Source:                 SEVEN_SEGMENT_DISPLAY/DIGIT_SELECTOR/count_reg[12]/C
                            (rising edge-triggered cell FDRE clocked by sys_clk_pin  {rise@0.000ns fall@5.000ns period=10.000ns})
  Destination:            SEVEN_SEGMENT_DISPLAY/DIGIT_SELECTOR/count_reg[12]/D
                            (rising edge-triggered cell FDRE clocked by sys_clk_pin  {rise@0.000ns fall@5.000ns period=10.000ns})
  Path Group:             sys_clk_pin
  Path Type:              Hold (Min at Fast Process Corner)
  Requirement:            0.000ns  (sys_clk_pin rise@0.000ns - sys_clk_pin rise@0.000ns)
  Data Path Delay:        0.373ns  (logic 0.256ns (68.565%)  route 0.117ns (31.435%))
  Logic Levels:           1  (CARRY4=1)
  Clock Path Skew:        0.000ns (DCD - SCD - CPR)
    Destination Clock Delay (DCD):    1.978ns
    Source Clock Delay      (SCD):    1.467ns
    Clock Pessimism Removal (CPR):    0.511ns

    Location             Delay type                Incr(ns)  Path(ns)    Netlist Resource(s)
  -------------------------------------------------------------------    -------------------
                         (clock sys_clk_pin rise edge)
                                                      0.000     0.000 r  
    W5                                                0.000     0.000 r  clk (IN)
                         net (fo=0)                   0.000     0.000    clk
    W5                   IBUF (Prop_ibuf_I_O)         0.226     0.226 r  clk_IBUF_inst/O
                         net (fo=1, routed)           0.631     0.858    clk_IBUF
    BUFGCTRL_X0Y0        BUFG (Prop_bufg_I_O)         0.026     0.884 r  clk_IBUF_BUFG_inst/O
                         net (fo=21, routed)          0.584     1.467    SEVEN_SEGMENT_DISPLAY/DIGIT_SELECTOR/clk_IBUF_BUFG
    SLICE_X59Y22         FDRE                                         r  SEVEN_SEGMENT_DISPLAY/DIGIT_SELECTOR/count_reg[12]/C
  -------------------------------------------------------------------    -------------------
    SLICE_X59Y22         FDRE (Prop_fdre_C_Q)         0.141     1.608 r  SEVEN_SEGMENT_DISPLAY/DIGIT_SELECTOR/count_reg[12]/Q
                         net (fo=2, routed)           0.117     1.725    SEVEN_SEGMENT_DISPLAY/DIGIT_SELECTOR/count_reg[12]
    SLICE_X59Y22         CARRY4 (Prop_carry4_S[0]_O[0])
                                                      0.115     1.840 r  SEVEN_SEGMENT_DISPLAY/DIGIT_SELECTOR/count_reg[12]_i_1/O[0]
                         net (fo=1, routed)           0.000     1.840    SEVEN_SEGMENT_DISPLAY/DIGIT_SELECTOR/count_reg[12]_i_1_n_7
    SLICE_X59Y22         FDRE                                         r  SEVEN_SEGMENT_DISPLAY/DIGIT_SELECTOR/count_reg[12]/D
  -------------------------------------------------------------------    -------------------

                         (clock sys_clk_pin rise edge)
                                                      0.000     0.000 r  
    W5                                                0.000     0.000 r  clk (IN)
                         net (fo=0)                   0.000     0.000    clk
    W5                   IBUF (Prop_ibuf_I_O)         0.414     0.414 r  clk_IBUF_inst/O
                         net (fo=1, routed)           0.685     1.099    clk_IBUF
    BUFGCTRL_X0Y0        BUFG (Prop_bufg_I_O)         0.029     1.128 r  clk_IBUF_BUFG_inst/O
                         net (fo=21, routed)          0.851     1.978    SEVEN_SEGMENT_DISPLAY/DIGIT_SELECTOR/clk_IBUF_BUFG
    SLICE_X59Y22         FDRE                                         r  SEVEN_SEGMENT_DISPLAY/DIGIT_SELECTOR/count_reg[12]/C
                         clock pessimism             -0.511     1.467    
    SLICE_X59Y22         FDRE (Hold_fdre_C_D)         0.105     1.572    SEVEN_SEGMENT_DISPLAY/DIGIT_SELECTOR/count_reg[12]
  -------------------------------------------------------------------
                         required time                         -1.572    
                         arrival time                           1.840    
  -------------------------------------------------------------------
                         slack                                  0.268    

Slack (MET) :             0.269ns  (arrival time - required time)
  Source:                 SEVEN_SEGMENT_DISPLAY/DIGIT_SELECTOR/count_reg[10]/C
                            (rising edge-triggered cell FDRE clocked by sys_clk_pin  {rise@0.000ns fall@5.000ns period=10.000ns})
  Destination:            SEVEN_SEGMENT_DISPLAY/DIGIT_SELECTOR/count_reg[10]/D
                            (rising edge-triggered cell FDRE clocked by sys_clk_pin  {rise@0.000ns fall@5.000ns period=10.000ns})
  Path Group:             sys_clk_pin
  Path Type:              Hold (Min at Fast Process Corner)
  Requirement:            0.000ns  (sys_clk_pin rise@0.000ns - sys_clk_pin rise@0.000ns)
  Data Path Delay:        0.374ns  (logic 0.252ns (67.467%)  route 0.122ns (32.533%))
  Logic Levels:           1  (CARRY4=1)
  Clock Path Skew:        0.000ns (DCD - SCD - CPR)
    Destination Clock Delay (DCD):    1.979ns
    Source Clock Delay      (SCD):    1.467ns
    Clock Pessimism Removal (CPR):    0.512ns

    Location             Delay type                Incr(ns)  Path(ns)    Netlist Resource(s)
  -------------------------------------------------------------------    -------------------
                         (clock sys_clk_pin rise edge)
                                                      0.000     0.000 r  
    W5                                                0.000     0.000 r  clk (IN)
                         net (fo=0)                   0.000     0.000    clk
    W5                   IBUF (Prop_ibuf_I_O)         0.226     0.226 r  clk_IBUF_inst/O
                         net (fo=1, routed)           0.631     0.858    clk_IBUF
    BUFGCTRL_X0Y0        BUFG (Prop_bufg_I_O)         0.026     0.884 r  clk_IBUF_BUFG_inst/O
                         net (fo=21, routed)          0.584     1.467    SEVEN_SEGMENT_DISPLAY/DIGIT_SELECTOR/clk_IBUF_BUFG
    SLICE_X59Y21         FDRE                                         r  SEVEN_SEGMENT_DISPLAY/DIGIT_SELECTOR/count_reg[10]/C
  -------------------------------------------------------------------    -------------------
    SLICE_X59Y21         FDRE (Prop_fdre_C_Q)         0.141     1.608 r  SEVEN_SEGMENT_DISPLAY/DIGIT_SELECTOR/count_reg[10]/Q
                         net (fo=3, routed)           0.122     1.730    SEVEN_SEGMENT_DISPLAY/DIGIT_SELECTOR/count_reg[10]
    SLICE_X59Y21         CARRY4 (Prop_carry4_S[2]_O[2])
                                                      0.111     1.841 r  SEVEN_SEGMENT_DISPLAY/DIGIT_SELECTOR/count_reg[8]_i_1/O[2]
                         net (fo=1, routed)           0.000     1.841    SEVEN_SEGMENT_DISPLAY/DIGIT_SELECTOR/count_reg[8]_i_1_n_5
    SLICE_X59Y21         FDRE                                         r  SEVEN_SEGMENT_DISPLAY/DIGIT_SELECTOR/count_reg[10]/D
  -------------------------------------------------------------------    -------------------

                         (clock sys_clk_pin rise edge)
                                                      0.000     0.000 r  
    W5                                                0.000     0.000 r  clk (IN)
                         net (fo=0)                   0.000     0.000    clk
    W5                   IBUF (Prop_ibuf_I_O)         0.414     0.414 r  clk_IBUF_inst/O
                         net (fo=1, routed)           0.685     1.099    clk_IBUF
    BUFGCTRL_X0Y0        BUFG (Prop_bufg_I_O)         0.029     1.128 r  clk_IBUF_BUFG_inst/O
                         net (fo=21, routed)          0.852     1.979    SEVEN_SEGMENT_DISPLAY/DIGIT_SELECTOR/clk_IBUF_BUFG
    SLICE_X59Y21         FDRE                                         r  SEVEN_SEGMENT_DISPLAY/DIGIT_SELECTOR/count_reg[10]/C
                         clock pessimism             -0.512     1.467    
    SLICE_X59Y21         FDRE (Hold_fdre_C_D)         0.105     1.572    SEVEN_SEGMENT_DISPLAY/DIGIT_SELECTOR/count_reg[10]
  -------------------------------------------------------------------
                         required time                         -1.572    
                         arrival time                           1.841    
  -------------------------------------------------------------------
                         slack                                  0.269    

Slack (MET) :             0.269ns  (arrival time - required time)
  Source:                 SEVEN_SEGMENT_DISPLAY/DIGIT_SELECTOR/count_reg[2]/C
                            (rising edge-triggered cell FDRE clocked by sys_clk_pin  {rise@0.000ns fall@5.000ns period=10.000ns})
  Destination:            SEVEN_SEGMENT_DISPLAY/DIGIT_SELECTOR/count_reg[2]/D
                            (rising edge-triggered cell FDRE clocked by sys_clk_pin  {rise@0.000ns fall@5.000ns period=10.000ns})
  Path Group:             sys_clk_pin
  Path Type:              Hold (Min at Fast Process Corner)
  Requirement:            0.000ns  (sys_clk_pin rise@0.000ns - sys_clk_pin rise@0.000ns)
  Data Path Delay:        0.374ns  (logic 0.252ns (67.467%)  route 0.122ns (32.533%))
  Logic Levels:           1  (CARRY4=1)
  Clock Path Skew:        0.000ns (DCD - SCD - CPR)
    Destination Clock Delay (DCD):    1.981ns
    Source Clock Delay      (SCD):    1.469ns
    Clock Pessimism Removal (CPR):    0.512ns

    Location             Delay type                Incr(ns)  Path(ns)    Netlist Resource(s)
  -------------------------------------------------------------------    -------------------
                         (clock sys_clk_pin rise edge)
                                                      0.000     0.000 r  
    W5                                                0.000     0.000 r  clk (IN)
                         net (fo=0)                   0.000     0.000    clk
    W5                   IBUF (Prop_ibuf_I_O)         0.226     0.226 r  clk_IBUF_inst/O
                         net (fo=1, routed)           0.631     0.858    clk_IBUF
    BUFGCTRL_X0Y0        BUFG (Prop_bufg_I_O)         0.026     0.884 r  clk_IBUF_BUFG_inst/O
                         net (fo=21, routed)          0.586     1.469    SEVEN_SEGMENT_DISPLAY/DIGIT_SELECTOR/clk_IBUF_BUFG
    SLICE_X59Y19         FDRE                                         r  SEVEN_SEGMENT_DISPLAY/DIGIT_SELECTOR/count_reg[2]/C
  -------------------------------------------------------------------    -------------------
    SLICE_X59Y19         FDRE (Prop_fdre_C_Q)         0.141     1.610 r  SEVEN_SEGMENT_DISPLAY/DIGIT_SELECTOR/count_reg[2]/Q
                         net (fo=3, routed)           0.122     1.732    SEVEN_SEGMENT_DISPLAY/DIGIT_SELECTOR/count_reg[2]
    SLICE_X59Y19         CARRY4 (Prop_carry4_S[2]_O[2])
                                                      0.111     1.843 r  SEVEN_SEGMENT_DISPLAY/DIGIT_SELECTOR/count_reg[0]_i_1/O[2]
                         net (fo=1, routed)           0.000     1.843    SEVEN_SEGMENT_DISPLAY/DIGIT_SELECTOR/count_reg[0]_i_1_n_5
    SLICE_X59Y19         FDRE                                         r  SEVEN_SEGMENT_DISPLAY/DIGIT_SELECTOR/count_reg[2]/D
  -------------------------------------------------------------------    -------------------

                         (clock sys_clk_pin rise edge)
                                                      0.000     0.000 r  
    W5                                                0.000     0.000 r  clk (IN)
                         net (fo=0)                   0.000     0.000    clk
    W5                   IBUF (Prop_ibuf_I_O)         0.414     0.414 r  clk_IBUF_inst/O
                         net (fo=1, routed)           0.685     1.099    clk_IBUF
    BUFGCTRL_X0Y0        BUFG (Prop_bufg_I_O)         0.029     1.128 r  clk_IBUF_BUFG_inst/O
                         net (fo=21, routed)          0.854     1.981    SEVEN_SEGMENT_DISPLAY/DIGIT_SELECTOR/clk_IBUF_BUFG
    SLICE_X59Y19         FDRE                                         r  SEVEN_SEGMENT_DISPLAY/DIGIT_SELECTOR/count_reg[2]/C
                         clock pessimism             -0.512     1.469    
    SLICE_X59Y19         FDRE (Hold_fdre_C_D)         0.105     1.574    SEVEN_SEGMENT_DISPLAY/DIGIT_SELECTOR/count_reg[2]
  -------------------------------------------------------------------
                         required time                         -1.574    
                         arrival time                           1.843    
  -------------------------------------------------------------------
                         slack                                  0.269    

Slack (MET) :             0.273ns  (arrival time - required time)
  Source:                 SEVEN_SEGMENT_DISPLAY/DIGIT_SELECTOR/q_reg[3]/C
                            (rising edge-triggered cell FDRE clocked by sys_clk_pin  {rise@0.000ns fall@5.000ns period=10.000ns})
  Destination:            SEVEN_SEGMENT_DISPLAY/DIGIT_SELECTOR/q_reg[0]/D
                            (rising edge-triggered cell FDSE clocked by sys_clk_pin  {rise@0.000ns fall@5.000ns period=10.000ns})
  Path Group:             sys_clk_pin
  Path Type:              Hold (Min at Fast Process Corner)
  Requirement:            0.000ns  (sys_clk_pin rise@0.000ns - sys_clk_pin rise@0.000ns)
  Data Path Delay:        0.406ns  (logic 0.186ns (45.839%)  route 0.220ns (54.161%))
  Logic Levels:           1  (LUT4=1)
  Clock Path Skew:        0.013ns (DCD - SCD - CPR)
    Destination Clock Delay (DCD):    1.976ns
    Source Clock Delay      (SCD):    1.465ns
    Clock Pessimism Removal (CPR):    0.498ns

    Location             Delay type                Incr(ns)  Path(ns)    Netlist Resource(s)
  -------------------------------------------------------------------    -------------------
                         (clock sys_clk_pin rise edge)
                                                      0.000     0.000 r  
    W5                                                0.000     0.000 r  clk (IN)
                         net (fo=0)                   0.000     0.000    clk
    W5                   IBUF (Prop_ibuf_I_O)         0.226     0.226 r  clk_IBUF_inst/O
                         net (fo=1, routed)           0.631     0.858    clk_IBUF
    BUFGCTRL_X0Y0        BUFG (Prop_bufg_I_O)         0.026     0.884 r  clk_IBUF_BUFG_inst/O
                         net (fo=21, routed)          0.582     1.465    SEVEN_SEGMENT_DISPLAY/DIGIT_SELECTOR/clk_IBUF_BUFG
    SLICE_X58Y23         FDRE                                         r  SEVEN_SEGMENT_DISPLAY/DIGIT_SELECTOR/q_reg[3]/C
  -------------------------------------------------------------------    -------------------
    SLICE_X58Y23         FDRE (Prop_fdre_C_Q)         0.141     1.606 r  SEVEN_SEGMENT_DISPLAY/DIGIT_SELECTOR/q_reg[3]/Q
                         net (fo=9, routed)           0.220     1.826    SEVEN_SEGMENT_DISPLAY/DIGIT_SELECTOR/d[0]
    SLICE_X60Y23         LUT4 (Prop_lut4_I0_O)        0.045     1.871 r  SEVEN_SEGMENT_DISPLAY/DIGIT_SELECTOR/q[0]_i_1/O
                         net (fo=1, routed)           0.000     1.871    SEVEN_SEGMENT_DISPLAY/DIGIT_SELECTOR/q[0]_i_1_n_0
    SLICE_X60Y23         FDSE                                         r  SEVEN_SEGMENT_DISPLAY/DIGIT_SELECTOR/q_reg[0]/D
  -------------------------------------------------------------------    -------------------

                         (clock sys_clk_pin rise edge)
                                                      0.000     0.000 r  
    W5                                                0.000     0.000 r  clk (IN)
                         net (fo=0)                   0.000     0.000    clk
    W5                   IBUF (Prop_ibuf_I_O)         0.414     0.414 r  clk_IBUF_inst/O
                         net (fo=1, routed)           0.685     1.099    clk_IBUF
    BUFGCTRL_X0Y0        BUFG (Prop_bufg_I_O)         0.029     1.128 r  clk_IBUF_BUFG_inst/O
                         net (fo=21, routed)          0.849     1.976    SEVEN_SEGMENT_DISPLAY/DIGIT_SELECTOR/clk_IBUF_BUFG
    SLICE_X60Y23         FDSE                                         r  SEVEN_SEGMENT_DISPLAY/DIGIT_SELECTOR/q_reg[0]/C
                         clock pessimism             -0.498     1.478    
    SLICE_X60Y23         FDSE (Hold_fdse_C_D)         0.120     1.598    SEVEN_SEGMENT_DISPLAY/DIGIT_SELECTOR/q_reg[0]
  -------------------------------------------------------------------
                         required time                         -1.598    
                         arrival time                           1.871    
  -------------------------------------------------------------------
                         slack                                  0.273    

Slack (MET) :             0.275ns  (arrival time - required time)
  Source:                 SEVEN_SEGMENT_DISPLAY/DIGIT_SELECTOR/count_reg[7]/C
                            (rising edge-triggered cell FDRE clocked by sys_clk_pin  {rise@0.000ns fall@5.000ns period=10.000ns})
  Destination:            SEVEN_SEGMENT_DISPLAY/DIGIT_SELECTOR/count_reg[7]/D
                            (rising edge-triggered cell FDRE clocked by sys_clk_pin  {rise@0.000ns fall@5.000ns period=10.000ns})
  Path Group:             sys_clk_pin
  Path Type:              Hold (Min at Fast Process Corner)
  Requirement:            0.000ns  (sys_clk_pin rise@0.000ns - sys_clk_pin rise@0.000ns)
  Data Path Delay:        0.380ns  (logic 0.249ns (65.456%)  route 0.131ns (34.544%))
  Logic Levels:           1  (CARRY4=1)
  Clock Path Skew:        0.000ns (DCD - SCD - CPR)
    Destination Clock Delay (DCD):    1.980ns
    Source Clock Delay      (SCD):    1.468ns
    Clock Pessimism Removal (CPR):    0.512ns

    Location             Delay type                Incr(ns)  Path(ns)    Netlist Resource(s)
  -------------------------------------------------------------------    -------------------
                         (clock sys_clk_pin rise edge)
                                                      0.000     0.000 r  
    W5                                                0.000     0.000 r  clk (IN)
                         net (fo=0)                   0.000     0.000    clk
    W5                   IBUF (Prop_ibuf_I_O)         0.226     0.226 r  clk_IBUF_inst/O
                         net (fo=1, routed)           0.631     0.858    clk_IBUF
    BUFGCTRL_X0Y0        BUFG (Prop_bufg_I_O)         0.026     0.884 r  clk_IBUF_BUFG_inst/O
                         net (fo=21, routed)          0.585     1.468    SEVEN_SEGMENT_DISPLAY/DIGIT_SELECTOR/clk_IBUF_BUFG
    SLICE_X59Y20         FDRE                                         r  SEVEN_SEGMENT_DISPLAY/DIGIT_SELECTOR/count_reg[7]/C
  -------------------------------------------------------------------    -------------------
    SLICE_X59Y20         FDRE (Prop_fdre_C_Q)         0.141     1.609 r  SEVEN_SEGMENT_DISPLAY/DIGIT_SELECTOR/count_reg[7]/Q
                         net (fo=4, routed)           0.131     1.741    SEVEN_SEGMENT_DISPLAY/DIGIT_SELECTOR/count_reg[7]
    SLICE_X59Y20         CARRY4 (Prop_carry4_S[3]_O[3])
                                                      0.108     1.849 r  SEVEN_SEGMENT_DISPLAY/DIGIT_SELECTOR/count_reg[4]_i_1/O[3]
                         net (fo=1, routed)           0.000     1.849    SEVEN_SEGMENT_DISPLAY/DIGIT_SELECTOR/count_reg[4]_i_1_n_4
    SLICE_X59Y20         FDRE                                         r  SEVEN_SEGMENT_DISPLAY/DIGIT_SELECTOR/count_reg[7]/D
  -------------------------------------------------------------------    -------------------

                         (clock sys_clk_pin rise edge)
                                                      0.000     0.000 r  
    W5                                                0.000     0.000 r  clk (IN)
                         net (fo=0)                   0.000     0.000    clk
    W5                   IBUF (Prop_ibuf_I_O)         0.414     0.414 r  clk_IBUF_inst/O
                         net (fo=1, routed)           0.685     1.099    clk_IBUF
    BUFGCTRL_X0Y0        BUFG (Prop_bufg_I_O)         0.029     1.128 r  clk_IBUF_BUFG_inst/O
                         net (fo=21, routed)          0.853     1.980    SEVEN_SEGMENT_DISPLAY/DIGIT_SELECTOR/clk_IBUF_BUFG
    SLICE_X59Y20         FDRE                                         r  SEVEN_SEGMENT_DISPLAY/DIGIT_SELECTOR/count_reg[7]/C
                         clock pessimism             -0.512     1.468    
    SLICE_X59Y20         FDRE (Hold_fdre_C_D)         0.105     1.573    SEVEN_SEGMENT_DISPLAY/DIGIT_SELECTOR/count_reg[7]
  -------------------------------------------------------------------
                         required time                         -1.573    
                         arrival time                           1.849    
  -------------------------------------------------------------------
                         slack                                  0.275    





Pulse Width Checks
--------------------------------------------------------------------------------------
Clock Name:         sys_clk_pin
Waveform(ns):       { 0.000 5.000 }
Period(ns):         10.000
Sources:            { clk }

Check Type        Corner  Lib Pin  Reference Pin  Required(ns)  Actual(ns)  Slack(ns)  Location       Pin
Min Period        n/a     BUFG/I   n/a            2.155         10.000      7.845      BUFGCTRL_X0Y0  clk_IBUF_BUFG_inst/I
Min Period        n/a     FDRE/C   n/a            1.000         10.000      9.000      SLICE_X59Y19   SEVEN_SEGMENT_DISPLAY/DIGIT_SELECTOR/count_reg[0]/C
Min Period        n/a     FDRE/C   n/a            1.000         10.000      9.000      SLICE_X59Y21   SEVEN_SEGMENT_DISPLAY/DIGIT_SELECTOR/count_reg[10]/C
Min Period        n/a     FDRE/C   n/a            1.000         10.000      9.000      SLICE_X59Y21   SEVEN_SEGMENT_DISPLAY/DIGIT_SELECTOR/count_reg[11]/C
Min Period        n/a     FDRE/C   n/a            1.000         10.000      9.000      SLICE_X59Y22   SEVEN_SEGMENT_DISPLAY/DIGIT_SELECTOR/count_reg[12]/C
Min Period        n/a     FDRE/C   n/a            1.000         10.000      9.000      SLICE_X59Y22   SEVEN_SEGMENT_DISPLAY/DIGIT_SELECTOR/count_reg[13]/C
Min Period        n/a     FDRE/C   n/a            1.000         10.000      9.000      SLICE_X59Y22   SEVEN_SEGMENT_DISPLAY/DIGIT_SELECTOR/count_reg[14]/C
Min Period        n/a     FDRE/C   n/a            1.000         10.000      9.000      SLICE_X59Y22   SEVEN_SEGMENT_DISPLAY/DIGIT_SELECTOR/count_reg[15]/C
Min Period        n/a     FDRE/C   n/a            1.000         10.000      9.000      SLICE_X59Y23   SEVEN_SEGMENT_DISPLAY/DIGIT_SELECTOR/count_reg[16]/C
Min Period        n/a     FDRE/C   n/a            1.000         10.000      9.000      SLICE_X59Y19   SEVEN_SEGMENT_DISPLAY/DIGIT_SELECTOR/count_reg[1]/C
Low Pulse Width   Slow    FDRE/C   n/a            0.500         5.000       4.500      SLICE_X59Y19   SEVEN_SEGMENT_DISPLAY/DIGIT_SELECTOR/count_reg[0]/C
Low Pulse Width   Fast    FDRE/C   n/a            0.500         5.000       4.500      SLICE_X59Y19   SEVEN_SEGMENT_DISPLAY/DIGIT_SELECTOR/count_reg[0]/C
Low Pulse Width   Slow    FDRE/C   n/a            0.500         5.000       4.500      SLICE_X59Y21   SEVEN_SEGMENT_DISPLAY/DIGIT_SELECTOR/count_reg[10]/C
Low Pulse Width   Fast    FDRE/C   n/a            0.500         5.000       4.500      SLICE_X59Y21   SEVEN_SEGMENT_DISPLAY/DIGIT_SELECTOR/count_reg[10]/C
Low Pulse Width   Slow    FDRE/C   n/a            0.500         5.000       4.500      SLICE_X59Y21   SEVEN_SEGMENT_DISPLAY/DIGIT_SELECTOR/count_reg[11]/C
Low Pulse Width   Fast    FDRE/C   n/a            0.500         5.000       4.500      SLICE_X59Y21   SEVEN_SEGMENT_DISPLAY/DIGIT_SELECTOR/count_reg[11]/C
Low Pulse Width   Slow    FDRE/C   n/a            0.500         5.000       4.500      SLICE_X59Y22   SEVEN_SEGMENT_DISPLAY/DIGIT_SELECTOR/count_reg[12]/C
Low Pulse Width   Fast    FDRE/C   n/a            0.500         5.000       4.500      SLICE_X59Y22   SEVEN_SEGMENT_DISPLAY/DIGIT_SELECTOR/count_reg[12]/C
Low Pulse Width   Slow    FDRE/C   n/a            0.500         5.000       4.500      SLICE_X59Y22   SEVEN_SEGMENT_DISPLAY/DIGIT_SELECTOR/count_reg[13]/C
Low Pulse Width   Fast    FDRE/C   n/a            0.500         5.000       4.500      SLICE_X59Y22   SEVEN_SEGMENT_DISPLAY/DIGIT_SELECTOR/count_reg[13]/C
High Pulse Width  Slow    FDRE/C   n/a            0.500         5.000       4.500      SLICE_X59Y19   SEVEN_SEGMENT_DISPLAY/DIGIT_SELECTOR/count_reg[0]/C
High Pulse Width  Fast    FDRE/C   n/a            0.500         5.000       4.500      SLICE_X59Y19   SEVEN_SEGMENT_DISPLAY/DIGIT_SELECTOR/count_reg[0]/C
High Pulse Width  Slow    FDRE/C   n/a            0.500         5.000       4.500      SLICE_X59Y21   SEVEN_SEGMENT_DISPLAY/DIGIT_SELECTOR/count_reg[10]/C
High Pulse Width  Fast    FDRE/C   n/a            0.500         5.000       4.500      SLICE_X59Y21   SEVEN_SEGMENT_DISPLAY/DIGIT_SELECTOR/count_reg[10]/C
High Pulse Width  Slow    FDRE/C   n/a            0.500         5.000       4.500      SLICE_X59Y21   SEVEN_SEGMENT_DISPLAY/DIGIT_SELECTOR/count_reg[11]/C
High Pulse Width  Fast    FDRE/C   n/a            0.500         5.000       4.500      SLICE_X59Y21   SEVEN_SEGMENT_DISPLAY/DIGIT_SELECTOR/count_reg[11]/C
High Pulse Width  Slow    FDRE/C   n/a            0.500         5.000       4.500      SLICE_X59Y22   SEVEN_SEGMENT_DISPLAY/DIGIT_SELECTOR/count_reg[12]/C
High Pulse Width  Fast    FDRE/C   n/a            0.500         5.000       4.500      SLICE_X59Y22   SEVEN_SEGMENT_DISPLAY/DIGIT_SELECTOR/count_reg[12]/C
High Pulse Width  Slow    FDRE/C   n/a            0.500         5.000       4.500      SLICE_X59Y22   SEVEN_SEGMENT_DISPLAY/DIGIT_SELECTOR/count_reg[13]/C
High Pulse Width  Fast    FDRE/C   n/a            0.500         5.000       4.500      SLICE_X59Y22   SEVEN_SEGMENT_DISPLAY/DIGIT_SELECTOR/count_reg[13]/C



--------------------------------------------------------------------------------------
Path Group:  (none)
From Clock:  
  To Clock:  

Max Delay            23 Endpoints
Min Delay            23 Endpoints
--------------------------------------------------------------------------------------


Max Delay Paths
--------------------------------------------------------------------------------------
Slack:                    inf
  Source:                 switches_inputs[7]
                            (input port)
  Destination:            CF
                            (output port)
  Path Group:             (none)
  Path Type:              Max at Slow Process Corner
  Data Path Delay:        12.856ns  (logic 5.568ns (43.312%)  route 7.288ns (56.688%))
  Logic Levels:           5  (IBUF=1 LUT4=1 LUT5=1 LUT6=1 OBUF=1)

    Location             Delay type                Incr(ns)  Path(ns)    Netlist Resource(s)
  -------------------------------------------------------------------    -------------------
    W13                                               0.000     0.000 f  switches_inputs[7] (IN)
                         net (fo=0)                   0.000     0.000    switches_inputs[7]
    W13                  IBUF (Prop_ibuf_I_O)         1.459     1.459 f  switches_inputs_IBUF[7]_inst/O
                         net (fo=2, routed)           3.285     4.744    SEVEN_SEGMENT_DISPLAY/DIGIT_SELECTOR/led_OBUF[7]
    SLICE_X58Y22         LUT4 (Prop_lut4_I0_O)        0.124     4.868 f  SEVEN_SEGMENT_DISPLAY/DIGIT_SELECTOR/CA_OBUF_inst_i_9/O
                         net (fo=2, routed)           1.104     5.972    SEVEN_SEGMENT_DISPLAY/DIGIT_SELECTOR/CA_OBUF_inst_i_9_n_0
    SLICE_X62Y23         LUT6 (Prop_lut6_I0_O)        0.124     6.096 r  SEVEN_SEGMENT_DISPLAY/DIGIT_SELECTOR/CA_OBUF_inst_i_5/O
                         net (fo=6, routed)           1.035     7.131    SEVEN_SEGMENT_DISPLAY/DIGIT_SELECTOR/CA_OBUF_inst_i_5_n_0
    SLICE_X62Y22         LUT5 (Prop_lut5_I3_O)        0.154     7.285 r  SEVEN_SEGMENT_DISPLAY/DIGIT_SELECTOR/CF_OBUF_inst_i_1/O
                         net (fo=1, routed)           1.864     9.149    CF_OBUF
    V5                   OBUF (Prop_obuf_I_O)         3.707    12.856 r  CF_OBUF_inst/O
                         net (fo=0)                   0.000    12.856    CF
    V5                                                                r  CF (OUT)
  -------------------------------------------------------------------    -------------------

Slack:                    inf
  Source:                 switches_inputs[7]
                            (input port)
  Destination:            CA
                            (output port)
  Path Group:             (none)
  Path Type:              Max at Slow Process Corner
  Data Path Delay:        12.822ns  (logic 5.572ns (43.453%)  route 7.250ns (56.547%))
  Logic Levels:           5  (IBUF=1 LUT4=2 LUT6=1 OBUF=1)

    Location             Delay type                Incr(ns)  Path(ns)    Netlist Resource(s)
  -------------------------------------------------------------------    -------------------
    W13                                               0.000     0.000 f  switches_inputs[7] (IN)
                         net (fo=0)                   0.000     0.000    switches_inputs[7]
    W13                  IBUF (Prop_ibuf_I_O)         1.459     1.459 f  switches_inputs_IBUF[7]_inst/O
                         net (fo=2, routed)           3.285     4.744    SEVEN_SEGMENT_DISPLAY/DIGIT_SELECTOR/led_OBUF[7]
    SLICE_X58Y22         LUT4 (Prop_lut4_I0_O)        0.124     4.868 f  SEVEN_SEGMENT_DISPLAY/DIGIT_SELECTOR/CA_OBUF_inst_i_9/O
                         net (fo=2, routed)           1.104     5.972    SEVEN_SEGMENT_DISPLAY/DIGIT_SELECTOR/CA_OBUF_inst_i_9_n_0
    SLICE_X62Y23         LUT6 (Prop_lut6_I0_O)        0.124     6.096 r  SEVEN_SEGMENT_DISPLAY/DIGIT_SELECTOR/CA_OBUF_inst_i_5/O
                         net (fo=6, routed)           1.021     7.117    SEVEN_SEGMENT_DISPLAY/DIGIT_SELECTOR/CA_OBUF_inst_i_5_n_0
    SLICE_X62Y22         LUT4 (Prop_lut4_I3_O)        0.152     7.269 r  SEVEN_SEGMENT_DISPLAY/DIGIT_SELECTOR/CA_OBUF_inst_i_1/O
                         net (fo=1, routed)           1.841     9.109    CA_OBUF
    W7                   OBUF (Prop_obuf_I_O)         3.713    12.822 r  CA_OBUF_inst/O
                         net (fo=0)                   0.000    12.822    CA
    W7                                                                r  CA (OUT)
  -------------------------------------------------------------------    -------------------

Slack:                    inf
  Source:                 switches_inputs[7]
                            (input port)
  Destination:            CG
                            (output port)
  Path Group:             (none)
  Path Type:              Max at Slow Process Corner
  Data Path Delay:        12.700ns  (logic 5.362ns (42.224%)  route 7.337ns (57.776%))
  Logic Levels:           5  (IBUF=1 LUT4=1 LUT5=1 LUT6=1 OBUF=1)

    Location             Delay type                Incr(ns)  Path(ns)    Netlist Resource(s)
  -------------------------------------------------------------------    -------------------
    W13                                               0.000     0.000 f  switches_inputs[7] (IN)
                         net (fo=0)                   0.000     0.000    switches_inputs[7]
    W13                  IBUF (Prop_ibuf_I_O)         1.459     1.459 f  switches_inputs_IBUF[7]_inst/O
                         net (fo=2, routed)           3.285     4.744    SEVEN_SEGMENT_DISPLAY/DIGIT_SELECTOR/led_OBUF[7]
    SLICE_X58Y22         LUT4 (Prop_lut4_I0_O)        0.124     4.868 f  SEVEN_SEGMENT_DISPLAY/DIGIT_SELECTOR/CA_OBUF_inst_i_9/O
                         net (fo=2, routed)           1.104     5.972    SEVEN_SEGMENT_DISPLAY/DIGIT_SELECTOR/CA_OBUF_inst_i_9_n_0
    SLICE_X62Y23         LUT6 (Prop_lut6_I0_O)        0.124     6.096 r  SEVEN_SEGMENT_DISPLAY/DIGIT_SELECTOR/CA_OBUF_inst_i_5/O
                         net (fo=6, routed)           1.035     7.131    SEVEN_SEGMENT_DISPLAY/DIGIT_SELECTOR/CA_OBUF_inst_i_5_n_0
    SLICE_X62Y22         LUT5 (Prop_lut5_I1_O)        0.124     7.255 r  SEVEN_SEGMENT_DISPLAY/DIGIT_SELECTOR/CG_OBUF_inst_i_1/O
                         net (fo=1, routed)           1.914     9.168    CG_OBUF
    U7                   OBUF (Prop_obuf_I_O)         3.531    12.700 r  CG_OBUF_inst/O
                         net (fo=0)                   0.000    12.700    CG
    U7                                                                r  CG (OUT)
  -------------------------------------------------------------------    -------------------

Slack:                    inf
  Source:                 switches_inputs[7]
                            (input port)
  Destination:            CE
                            (output port)
  Path Group:             (none)
  Path Type:              Max at Slow Process Corner
  Data Path Delay:        12.465ns  (logic 5.813ns (46.632%)  route 6.652ns (53.368%))
  Logic Levels:           5  (IBUF=1 LUT4=2 LUT5=1 OBUF=1)

    Location             Delay type                Incr(ns)  Path(ns)    Netlist Resource(s)
  -------------------------------------------------------------------    -------------------
    W13                                               0.000     0.000 r  switches_inputs[7] (IN)
                         net (fo=0)                   0.000     0.000    switches_inputs[7]
    W13                  IBUF (Prop_ibuf_I_O)         1.459     1.459 r  switches_inputs_IBUF[7]_inst/O
                         net (fo=2, routed)           3.285     4.744    SEVEN_SEGMENT_DISPLAY/DIGIT_SELECTOR/led_OBUF[7]
    SLICE_X58Y22         LUT4 (Prop_lut4_I0_O)        0.124     4.868 r  SEVEN_SEGMENT_DISPLAY/DIGIT_SELECTOR/CA_OBUF_inst_i_9/O
                         net (fo=2, routed)           0.793     5.661    SEVEN_SEGMENT_DISPLAY/DIGIT_SELECTOR/CA_OBUF_inst_i_9_n_0
    SLICE_X63Y23         LUT5 (Prop_lut5_I4_O)        0.150     5.811 f  SEVEN_SEGMENT_DISPLAY/DIGIT_SELECTOR/CE_OBUF_inst_i_2/O
                         net (fo=1, routed)           0.718     6.529    SEVEN_SEGMENT_DISPLAY/DIGIT_SELECTOR/CE_OBUF_inst_i_2_n_0
    SLICE_X62Y22         LUT4 (Prop_lut4_I1_O)        0.352     6.881 r  SEVEN_SEGMENT_DISPLAY/DIGIT_SELECTOR/CE_OBUF_inst_i_1/O
                         net (fo=1, routed)           1.856     8.737    CE_OBUF
    U5                   OBUF (Prop_obuf_I_O)         3.728    12.465 r  CE_OBUF_inst/O
                         net (fo=0)                   0.000    12.465    CE
    U5                                                                r  CE (OUT)
  -------------------------------------------------------------------    -------------------

Slack:                    inf
  Source:                 switches_inputs[7]
                            (input port)
  Destination:            CD
                            (output port)
  Path Group:             (none)
  Path Type:              Max at Slow Process Corner
  Data Path Delay:        12.453ns  (logic 5.366ns (43.094%)  route 7.086ns (56.906%))
  Logic Levels:           5  (IBUF=1 LUT4=2 LUT6=1 OBUF=1)

    Location             Delay type                Incr(ns)  Path(ns)    Netlist Resource(s)
  -------------------------------------------------------------------    -------------------
    W13                                               0.000     0.000 f  switches_inputs[7] (IN)
                         net (fo=0)                   0.000     0.000    switches_inputs[7]
    W13                  IBUF (Prop_ibuf_I_O)         1.459     1.459 f  switches_inputs_IBUF[7]_inst/O
                         net (fo=2, routed)           3.285     4.744    SEVEN_SEGMENT_DISPLAY/DIGIT_SELECTOR/led_OBUF[7]
    SLICE_X58Y22         LUT4 (Prop_lut4_I0_O)        0.124     4.868 f  SEVEN_SEGMENT_DISPLAY/DIGIT_SELECTOR/CA_OBUF_inst_i_9/O
                         net (fo=2, routed)           1.104     5.972    SEVEN_SEGMENT_DISPLAY/DIGIT_SELECTOR/CA_OBUF_inst_i_9_n_0
    SLICE_X62Y23         LUT6 (Prop_lut6_I0_O)        0.124     6.096 r  SEVEN_SEGMENT_DISPLAY/DIGIT_SELECTOR/CA_OBUF_inst_i_5/O
                         net (fo=6, routed)           1.024     7.120    SEVEN_SEGMENT_DISPLAY/DIGIT_SELECTOR/CA_OBUF_inst_i_5_n_0
    SLICE_X62Y22         LUT4 (Prop_lut4_I1_O)        0.124     7.244 r  SEVEN_SEGMENT_DISPLAY/DIGIT_SELECTOR/CD_OBUF_inst_i_1/O
                         net (fo=1, routed)           1.674     8.917    CD_OBUF
    V8                   OBUF (Prop_obuf_I_O)         3.536    12.453 r  CD_OBUF_inst/O
                         net (fo=0)                   0.000    12.453    CD
    V8                                                                r  CD (OUT)
  -------------------------------------------------------------------    -------------------

Slack:                    inf
  Source:                 switches_inputs[7]
                            (input port)
  Destination:            CC
                            (output port)
  Path Group:             (none)
  Path Type:              Max at Slow Process Corner
  Data Path Delay:        12.435ns  (logic 5.366ns (43.153%)  route 7.069ns (56.847%))
  Logic Levels:           5  (IBUF=1 LUT4=2 LUT6=1 OBUF=1)

    Location             Delay type                Incr(ns)  Path(ns)    Netlist Resource(s)
  -------------------------------------------------------------------    -------------------
    W13                                               0.000     0.000 r  switches_inputs[7] (IN)
                         net (fo=0)                   0.000     0.000    switches_inputs[7]
    W13                  IBUF (Prop_ibuf_I_O)         1.459     1.459 r  switches_inputs_IBUF[7]_inst/O
                         net (fo=2, routed)           3.285     4.744    SEVEN_SEGMENT_DISPLAY/DIGIT_SELECTOR/led_OBUF[7]
    SLICE_X58Y22         LUT4 (Prop_lut4_I0_O)        0.124     4.868 r  SEVEN_SEGMENT_DISPLAY/DIGIT_SELECTOR/CA_OBUF_inst_i_9/O
                         net (fo=2, routed)           1.104     5.972    SEVEN_SEGMENT_DISPLAY/DIGIT_SELECTOR/CA_OBUF_inst_i_9_n_0
    SLICE_X62Y23         LUT6 (Prop_lut6_I0_O)        0.124     6.096 f  SEVEN_SEGMENT_DISPLAY/DIGIT_SELECTOR/CA_OBUF_inst_i_5/O
                         net (fo=6, routed)           1.021     7.117    SEVEN_SEGMENT_DISPLAY/DIGIT_SELECTOR/CA_OBUF_inst_i_5_n_0
    SLICE_X62Y22         LUT4 (Prop_lut4_I0_O)        0.124     7.241 r  SEVEN_SEGMENT_DISPLAY/DIGIT_SELECTOR/CC_OBUF_inst_i_1/O
                         net (fo=1, routed)           1.659     8.900    CC_OBUF
    U8                   OBUF (Prop_obuf_I_O)         3.535    12.435 r  CC_OBUF_inst/O
                         net (fo=0)                   0.000    12.435    CC
    U8                                                                r  CC (OUT)
  -------------------------------------------------------------------    -------------------

Slack:                    inf
  Source:                 switches_inputs[7]
                            (input port)
  Destination:            CB
                            (output port)
  Path Group:             (none)
  Path Type:              Max at Slow Process Corner
  Data Path Delay:        11.988ns  (logic 5.360ns (44.713%)  route 6.628ns (55.287%))
  Logic Levels:           5  (IBUF=1 LUT4=1 LUT5=1 LUT6=1 OBUF=1)

    Location             Delay type                Incr(ns)  Path(ns)    Netlist Resource(s)
  -------------------------------------------------------------------    -------------------
    W13                                               0.000     0.000 r  switches_inputs[7] (IN)
                         net (fo=0)                   0.000     0.000    switches_inputs[7]
    W13                  IBUF (Prop_ibuf_I_O)         1.459     1.459 r  switches_inputs_IBUF[7]_inst/O
                         net (fo=2, routed)           3.285     4.744    SEVEN_SEGMENT_DISPLAY/DIGIT_SELECTOR/led_OBUF[7]
    SLICE_X58Y22         LUT4 (Prop_lut4_I0_O)        0.124     4.868 r  SEVEN_SEGMENT_DISPLAY/DIGIT_SELECTOR/CA_OBUF_inst_i_9/O
                         net (fo=2, routed)           1.104     5.972    SEVEN_SEGMENT_DISPLAY/DIGIT_SELECTOR/CA_OBUF_inst_i_9_n_0
    SLICE_X62Y23         LUT6 (Prop_lut6_I0_O)        0.124     6.096 f  SEVEN_SEGMENT_DISPLAY/DIGIT_SELECTOR/CA_OBUF_inst_i_5/O
                         net (fo=6, routed)           0.446     6.542    SEVEN_SEGMENT_DISPLAY/DIGIT_SELECTOR/CA_OBUF_inst_i_5_n_0
    SLICE_X62Y23         LUT5 (Prop_lut5_I3_O)        0.124     6.666 r  SEVEN_SEGMENT_DISPLAY/DIGIT_SELECTOR/CB_OBUF_inst_i_1/O
                         net (fo=1, routed)           1.793     8.458    CB_OBUF
    W6                   OBUF (Prop_obuf_I_O)         3.529    11.988 r  CB_OBUF_inst/O
                         net (fo=0)                   0.000    11.988    CB
    W6                                                                r  CB (OUT)
  -------------------------------------------------------------------    -------------------

Slack:                    inf
  Source:                 switches_inputs[8]
                            (input port)
  Destination:            led[8]
                            (output port)
  Path Group:             (none)
  Path Type:              Max at Slow Process Corner
  Data Path Delay:        10.146ns  (logic 4.959ns (48.872%)  route 5.188ns (51.128%))
  Logic Levels:           2  (IBUF=1 OBUF=1)

    Location             Delay type                Incr(ns)  Path(ns)    Netlist Resource(s)
  -------------------------------------------------------------------    -------------------
    V2                                                0.000     0.000 r  switches_inputs[8] (IN)
                         net (fo=0)                   0.000     0.000    switches_inputs[8]
    V2                   IBUF (Prop_ibuf_I_O)         1.454     1.454 r  switches_inputs_IBUF[8]_inst/O
                         net (fo=2, routed)           5.188     6.642    led_OBUF[8]
    V13                  OBUF (Prop_obuf_I_O)         3.504    10.146 r  led_OBUF[8]_inst/O
                         net (fo=0)                   0.000    10.146    led[8]
    V13                                                               r  led[8] (OUT)
  -------------------------------------------------------------------    -------------------

Slack:                    inf
  Source:                 switches_inputs[12]
                            (input port)
  Destination:            led[12]
                            (output port)
  Path Group:             (none)
  Path Type:              Max at Slow Process Corner
  Data Path Delay:        8.095ns  (logic 4.987ns (61.602%)  route 3.108ns (38.398%))
  Logic Levels:           2  (IBUF=1 OBUF=1)

    Location             Delay type                Incr(ns)  Path(ns)    Netlist Resource(s)
  -------------------------------------------------------------------    -------------------
    W2                                                0.000     0.000 r  switches_inputs[12] (IN)
                         net (fo=0)                   0.000     0.000    switches_inputs[12]
    W2                   IBUF (Prop_ibuf_I_O)         1.469     1.469 r  switches_inputs_IBUF[12]_inst/O
                         net (fo=2, routed)           3.108     4.577    led_OBUF[12]
    P3                   OBUF (Prop_obuf_I_O)         3.518     8.095 r  led_OBUF[12]_inst/O
                         net (fo=0)                   0.000     8.095    led[12]
    P3                                                                r  led[12] (OUT)
  -------------------------------------------------------------------    -------------------

Slack:                    inf
  Source:                 switches_inputs[15]
                            (input port)
  Destination:            led[15]
                            (output port)
  Path Group:             (none)
  Path Type:              Max at Slow Process Corner
  Data Path Delay:        8.040ns  (logic 4.978ns (61.909%)  route 3.063ns (38.091%))
  Logic Levels:           2  (IBUF=1 OBUF=1)

    Location             Delay type                Incr(ns)  Path(ns)    Netlist Resource(s)
  -------------------------------------------------------------------    -------------------
    R2                                                0.000     0.000 r  switches_inputs[15] (IN)
                         net (fo=0)                   0.000     0.000    switches_inputs[15]
    R2                   IBUF (Prop_ibuf_I_O)         1.456     1.456 r  switches_inputs_IBUF[15]_inst/O
                         net (fo=3, routed)           3.063     4.519    led_OBUF[15]
    L1                   OBUF (Prop_obuf_I_O)         3.521     8.040 r  led_OBUF[15]_inst/O
                         net (fo=0)                   0.000     8.040    led[15]
    L1                                                                r  led[15] (OUT)
  -------------------------------------------------------------------    -------------------





Min Delay Paths
--------------------------------------------------------------------------------------
Slack:                    inf
  Source:                 switches_inputs[6]
                            (input port)
  Destination:            led[6]
                            (output port)
  Path Group:             (none)
  Path Type:              Min at Fast Process Corner
  Data Path Delay:        1.888ns  (logic 1.425ns (75.486%)  route 0.463ns (24.514%))
  Logic Levels:           2  (IBUF=1 OBUF=1)

    Location             Delay type                Incr(ns)  Path(ns)    Netlist Resource(s)
  -------------------------------------------------------------------    -------------------
    W14                                               0.000     0.000 r  switches_inputs[6] (IN)
                         net (fo=0)                   0.000     0.000    switches_inputs[6]
    W14                  IBUF (Prop_ibuf_I_O)         0.218     0.218 r  switches_inputs_IBUF[6]_inst/O
                         net (fo=2, routed)           0.463     0.681    led_OBUF[6]
    U14                  OBUF (Prop_obuf_I_O)         1.207     1.888 r  led_OBUF[6]_inst/O
                         net (fo=0)                   0.000     1.888    led[6]
    U14                                                               r  led[6] (OUT)
  -------------------------------------------------------------------    -------------------

Slack:                    inf
  Source:                 switches_inputs[9]
                            (input port)
  Destination:            led[9]
                            (output port)
  Path Group:             (none)
  Path Type:              Min at Fast Process Corner
  Data Path Delay:        1.888ns  (logic 1.430ns (75.709%)  route 0.459ns (24.291%))
  Logic Levels:           2  (IBUF=1 OBUF=1)

    Location             Delay type                Incr(ns)  Path(ns)    Netlist Resource(s)
  -------------------------------------------------------------------    -------------------
    T3                                                0.000     0.000 r  switches_inputs[9] (IN)
                         net (fo=0)                   0.000     0.000    switches_inputs[9]
    T3                   IBUF (Prop_ibuf_I_O)         0.220     0.220 r  switches_inputs_IBUF[9]_inst/O
                         net (fo=2, routed)           0.459     0.679    led_OBUF[9]
    V3                   OBUF (Prop_obuf_I_O)         1.209     1.888 r  led_OBUF[9]_inst/O
                         net (fo=0)                   0.000     1.888    led[9]
    V3                                                                r  led[9] (OUT)
  -------------------------------------------------------------------    -------------------

Slack:                    inf
  Source:                 switches_inputs[5]
                            (input port)
  Destination:            led[5]
                            (output port)
  Path Group:             (none)
  Path Type:              Min at Fast Process Corner
  Data Path Delay:        1.889ns  (logic 1.450ns (76.719%)  route 0.440ns (23.281%))
  Logic Levels:           2  (IBUF=1 OBUF=1)

    Location             Delay type                Incr(ns)  Path(ns)    Netlist Resource(s)
  -------------------------------------------------------------------    -------------------
    V15                                               0.000     0.000 r  switches_inputs[5] (IN)
                         net (fo=0)                   0.000     0.000    switches_inputs[5]
    V15                  IBUF (Prop_ibuf_I_O)         0.234     0.234 r  switches_inputs_IBUF[5]_inst/O
                         net (fo=3, routed)           0.440     0.674    led_OBUF[5]
    U15                  OBUF (Prop_obuf_I_O)         1.216     1.889 r  led_OBUF[5]_inst/O
                         net (fo=0)                   0.000     1.889    led[5]
    U15                                                               r  led[5] (OUT)
  -------------------------------------------------------------------    -------------------

Slack:                    inf
  Source:                 switches_inputs[7]
                            (input port)
  Destination:            led[7]
                            (output port)
  Path Group:             (none)
  Path Type:              Min at Fast Process Corner
  Data Path Delay:        1.891ns  (logic 1.429ns (75.572%)  route 0.462ns (24.428%))
  Logic Levels:           2  (IBUF=1 OBUF=1)

    Location             Delay type                Incr(ns)  Path(ns)    Netlist Resource(s)
  -------------------------------------------------------------------    -------------------
    W13                                               0.000     0.000 r  switches_inputs[7] (IN)
                         net (fo=0)                   0.000     0.000    switches_inputs[7]
    W13                  IBUF (Prop_ibuf_I_O)         0.227     0.227 r  switches_inputs_IBUF[7]_inst/O
                         net (fo=2, routed)           0.462     0.689    led_OBUF[7]
    V14                  OBUF (Prop_obuf_I_O)         1.202     1.891 r  led_OBUF[7]_inst/O
                         net (fo=0)                   0.000     1.891    led[7]
    V14                                                               r  led[7] (OUT)
  -------------------------------------------------------------------    -------------------

Slack:                    inf
  Source:                 switches_inputs[0]
                            (input port)
  Destination:            led[0]
                            (output port)
  Path Group:             (none)
  Path Type:              Min at Fast Process Corner
  Data Path Delay:        1.892ns  (logic 1.427ns (75.410%)  route 0.465ns (24.590%))
  Logic Levels:           2  (IBUF=1 OBUF=1)

    Location             Delay type                Incr(ns)  Path(ns)    Netlist Resource(s)
  -------------------------------------------------------------------    -------------------
    V17                                               0.000     0.000 r  switches_inputs[0] (IN)
                         net (fo=0)                   0.000     0.000    switches_inputs[0]
    V17                  IBUF (Prop_ibuf_I_O)         0.221     0.221 r  switches_inputs_IBUF[0]_inst/O
                         net (fo=3, routed)           0.465     0.686    led_OBUF[0]
    U16                  OBUF (Prop_obuf_I_O)         1.206     1.892 r  led_OBUF[0]_inst/O
                         net (fo=0)                   0.000     1.892    led[0]
    U16                                                               r  led[0] (OUT)
  -------------------------------------------------------------------    -------------------

Slack:                    inf
  Source:                 switches_inputs[3]
                            (input port)
  Destination:            led[3]
                            (output port)
  Path Group:             (none)
  Path Type:              Min at Fast Process Corner
  Data Path Delay:        1.913ns  (logic 1.427ns (74.564%)  route 0.487ns (25.436%))
  Logic Levels:           2  (IBUF=1 OBUF=1)

    Location             Delay type                Incr(ns)  Path(ns)    Netlist Resource(s)
  -------------------------------------------------------------------    -------------------
    W17                                               0.000     0.000 r  switches_inputs[3] (IN)
                         net (fo=0)                   0.000     0.000    switches_inputs[3]
    W17                  IBUF (Prop_ibuf_I_O)         0.217     0.217 r  switches_inputs_IBUF[3]_inst/O
                         net (fo=2, routed)           0.487     0.703    led_OBUF[3]
    V19                  OBUF (Prop_obuf_I_O)         1.210     1.913 r  led_OBUF[3]_inst/O
                         net (fo=0)                   0.000     1.913    led[3]
    V19                                                               r  led[3] (OUT)
  -------------------------------------------------------------------    -------------------

Slack:                    inf
  Source:                 switches_inputs[2]
                            (input port)
  Destination:            led[2]
                            (output port)
  Path Group:             (none)
  Path Type:              Min at Fast Process Corner
  Data Path Delay:        1.920ns  (logic 1.434ns (74.696%)  route 0.486ns (25.304%))
  Logic Levels:           2  (IBUF=1 OBUF=1)

    Location             Delay type                Incr(ns)  Path(ns)    Netlist Resource(s)
  -------------------------------------------------------------------    -------------------
    W16                                               0.000     0.000 r  switches_inputs[2] (IN)
                         net (fo=0)                   0.000     0.000    switches_inputs[2]
    W16                  IBUF (Prop_ibuf_I_O)         0.232     0.232 r  switches_inputs_IBUF[2]_inst/O
                         net (fo=2, routed)           0.486     0.718    led_OBUF[2]
    U19                  OBUF (Prop_obuf_I_O)         1.202     1.920 r  led_OBUF[2]_inst/O
                         net (fo=0)                   0.000     1.920    led[2]
    U19                                                               r  led[2] (OUT)
  -------------------------------------------------------------------    -------------------

Slack:                    inf
  Source:                 switches_inputs[4]
                            (input port)
  Destination:            led[4]
                            (output port)
  Path Group:             (none)
  Path Type:              Min at Fast Process Corner
  Data Path Delay:        1.922ns  (logic 1.429ns (74.313%)  route 0.494ns (25.687%))
  Logic Levels:           2  (IBUF=1 OBUF=1)

    Location             Delay type                Incr(ns)  Path(ns)    Netlist Resource(s)
  -------------------------------------------------------------------    -------------------
    W15                                               0.000     0.000 r  switches_inputs[4] (IN)
                         net (fo=0)                   0.000     0.000    switches_inputs[4]
    W15                  IBUF (Prop_ibuf_I_O)         0.219     0.219 r  switches_inputs_IBUF[4]_inst/O
                         net (fo=3, routed)           0.494     0.713    led_OBUF[4]
    W18                  OBUF (Prop_obuf_I_O)         1.210     1.922 r  led_OBUF[4]_inst/O
                         net (fo=0)                   0.000     1.922    led[4]
    W18                                                               r  led[4] (OUT)
  -------------------------------------------------------------------    -------------------

Slack:                    inf
  Source:                 switches_inputs[10]
                            (input port)
  Destination:            led[10]
                            (output port)
  Path Group:             (none)
  Path Type:              Min at Fast Process Corner
  Data Path Delay:        1.944ns  (logic 1.452ns (74.706%)  route 0.492ns (25.294%))
  Logic Levels:           2  (IBUF=1 OBUF=1)

    Location             Delay type                Incr(ns)  Path(ns)    Netlist Resource(s)
  -------------------------------------------------------------------    -------------------
    T2                                                0.000     0.000 r  switches_inputs[10] (IN)
                         net (fo=0)                   0.000     0.000    switches_inputs[10]
    T2                   IBUF (Prop_ibuf_I_O)         0.226     0.226 r  switches_inputs_IBUF[10]_inst/O
                         net (fo=2, routed)           0.492     0.718    led_OBUF[10]
    W3                   OBUF (Prop_obuf_I_O)         1.226     1.944 r  led_OBUF[10]_inst/O
                         net (fo=0)                   0.000     1.944    led[10]
    W3                                                                r  led[10] (OUT)
  -------------------------------------------------------------------    -------------------

Slack:                    inf
  Source:                 switches_inputs[11]
                            (input port)
  Destination:            led[11]
                            (output port)
  Path Group:             (none)
  Path Type:              Min at Fast Process Corner
  Data Path Delay:        1.993ns  (logic 1.437ns (72.083%)  route 0.556ns (27.917%))
  Logic Levels:           2  (IBUF=1 OBUF=1)

    Location             Delay type                Incr(ns)  Path(ns)    Netlist Resource(s)
  -------------------------------------------------------------------    -------------------
    R3                                                0.000     0.000 r  switches_inputs[11] (IN)
                         net (fo=0)                   0.000     0.000    switches_inputs[11]
    R3                   IBUF (Prop_ibuf_I_O)         0.232     0.232 r  switches_inputs_IBUF[11]_inst/O
                         net (fo=3, routed)           0.556     0.788    led_OBUF[11]
    U3                   OBUF (Prop_obuf_I_O)         1.205     1.993 r  led_OBUF[11]_inst/O
                         net (fo=0)                   0.000     1.993    led[11]
    U3                                                                r  led[11] (OUT)
  -------------------------------------------------------------------    -------------------





--------------------------------------------------------------------------------------
Path Group:  (none)
From Clock:  sys_clk_pin
  To Clock:  

Max Delay            11 Endpoints
Min Delay            11 Endpoints
--------------------------------------------------------------------------------------


Max Delay Paths
--------------------------------------------------------------------------------------
Slack:                    inf
  Source:                 SEVEN_SEGMENT_DISPLAY/DIGIT_SELECTOR/q_reg[3]/C
                            (rising edge-triggered cell FDRE clocked by sys_clk_pin  {rise@0.000ns fall@5.000ns period=10.000ns})
  Destination:            CF
                            (output port)
  Path Group:             (none)
  Path Type:              Max at Slow Process Corner
  Data Path Delay:        9.942ns  (logic 4.795ns (48.233%)  route 5.147ns (51.767%))
  Logic Levels:           4  (LUT4=1 LUT5=2 OBUF=1)
  Clock Uncertainty:      0.025ns  ((TSJ^2 + TIJ^2)^1/2 + DJ) / 2 + PE
    Total System Jitter     (TSJ):    0.050ns
    Total Input Jitter      (TIJ):    0.000ns
    Discrete Jitter          (DJ):    0.000ns
    Phase Error              (PE):    0.000ns

    Location             Delay type                Incr(ns)  Path(ns)    Netlist Resource(s)
  -------------------------------------------------------------------    -------------------
                         (clock sys_clk_pin rise edge)
                                                      0.000     0.000 r  
    W5                                                0.000     0.000 r  clk (IN)
                         net (fo=0)                   0.000     0.000    clk
    W5                   IBUF (Prop_ibuf_I_O)         1.458     1.458 r  clk_IBUF_inst/O
                         net (fo=1, routed)           1.967     3.425    clk_IBUF
    BUFGCTRL_X0Y0        BUFG (Prop_bufg_I_O)         0.096     3.521 r  clk_IBUF_BUFG_inst/O
                         net (fo=21, routed)          1.619     5.140    SEVEN_SEGMENT_DISPLAY/DIGIT_SELECTOR/clk_IBUF_BUFG
    SLICE_X58Y23         FDRE                                         r  SEVEN_SEGMENT_DISPLAY/DIGIT_SELECTOR/q_reg[3]/C
  -------------------------------------------------------------------    -------------------
    SLICE_X58Y23         FDRE (Prop_fdre_C_Q)         0.456     5.596 r  SEVEN_SEGMENT_DISPLAY/DIGIT_SELECTOR/q_reg[3]/Q
                         net (fo=9, routed)           1.184     6.780    SEVEN_SEGMENT_DISPLAY/DIGIT_SELECTOR/d[0]
    SLICE_X64Y25         LUT4 (Prop_lut4_I3_O)        0.124     6.904 r  SEVEN_SEGMENT_DISPLAY/DIGIT_SELECTOR/CA_OBUF_inst_i_7/O
                         net (fo=2, routed)           0.992     7.897    SEVEN_SEGMENT_DISPLAY/DIGIT_SELECTOR/CA_OBUF_inst_i_7_n_0
    SLICE_X61Y23         LUT5 (Prop_lut5_I4_O)        0.152     8.049 f  SEVEN_SEGMENT_DISPLAY/DIGIT_SELECTOR/CB_OBUF_inst_i_3/O
                         net (fo=3, routed)           1.106     9.155    SEVEN_SEGMENT_DISPLAY/DIGIT_SELECTOR/CB_OBUF_inst_i_3_n_0
    SLICE_X62Y22         LUT5 (Prop_lut5_I2_O)        0.356     9.511 r  SEVEN_SEGMENT_DISPLAY/DIGIT_SELECTOR/CF_OBUF_inst_i_1/O
                         net (fo=1, routed)           1.864    11.375    CF_OBUF
    V5                   OBUF (Prop_obuf_I_O)         3.707    15.082 r  CF_OBUF_inst/O
                         net (fo=0)                   0.000    15.082    CF
    V5                                                                r  CF (OUT)
  -------------------------------------------------------------------    -------------------

Slack:                    inf
  Source:                 SEVEN_SEGMENT_DISPLAY/DIGIT_SELECTOR/q_reg[3]/C
                            (rising edge-triggered cell FDRE clocked by sys_clk_pin  {rise@0.000ns fall@5.000ns period=10.000ns})
  Destination:            CG
                            (output port)
  Path Group:             (none)
  Path Type:              Max at Slow Process Corner
  Data Path Delay:        9.786ns  (logic 4.589ns (46.900%)  route 5.196ns (53.100%))
  Logic Levels:           4  (LUT4=1 LUT5=2 OBUF=1)
  Clock Uncertainty:      0.025ns  ((TSJ^2 + TIJ^2)^1/2 + DJ) / 2 + PE
    Total System Jitter     (TSJ):    0.050ns
    Total Input Jitter      (TIJ):    0.000ns
    Discrete Jitter          (DJ):    0.000ns
    Phase Error              (PE):    0.000ns

    Location             Delay type                Incr(ns)  Path(ns)    Netlist Resource(s)
  -------------------------------------------------------------------    -------------------
                         (clock sys_clk_pin rise edge)
                                                      0.000     0.000 r  
    W5                                                0.000     0.000 r  clk (IN)
                         net (fo=0)                   0.000     0.000    clk
    W5                   IBUF (Prop_ibuf_I_O)         1.458     1.458 r  clk_IBUF_inst/O
                         net (fo=1, routed)           1.967     3.425    clk_IBUF
    BUFGCTRL_X0Y0        BUFG (Prop_bufg_I_O)         0.096     3.521 r  clk_IBUF_BUFG_inst/O
                         net (fo=21, routed)          1.619     5.140    SEVEN_SEGMENT_DISPLAY/DIGIT_SELECTOR/clk_IBUF_BUFG
    SLICE_X58Y23         FDRE                                         r  SEVEN_SEGMENT_DISPLAY/DIGIT_SELECTOR/q_reg[3]/C
  -------------------------------------------------------------------    -------------------
    SLICE_X58Y23         FDRE (Prop_fdre_C_Q)         0.456     5.596 f  SEVEN_SEGMENT_DISPLAY/DIGIT_SELECTOR/q_reg[3]/Q
                         net (fo=9, routed)           1.184     6.780    SEVEN_SEGMENT_DISPLAY/DIGIT_SELECTOR/d[0]
    SLICE_X64Y25         LUT4 (Prop_lut4_I3_O)        0.124     6.904 f  SEVEN_SEGMENT_DISPLAY/DIGIT_SELECTOR/CA_OBUF_inst_i_7/O
                         net (fo=2, routed)           0.992     7.897    SEVEN_SEGMENT_DISPLAY/DIGIT_SELECTOR/CA_OBUF_inst_i_7_n_0
    SLICE_X61Y23         LUT5 (Prop_lut5_I4_O)        0.152     8.049 r  SEVEN_SEGMENT_DISPLAY/DIGIT_SELECTOR/CB_OBUF_inst_i_3/O
                         net (fo=3, routed)           1.106     9.155    SEVEN_SEGMENT_DISPLAY/DIGIT_SELECTOR/CB_OBUF_inst_i_3_n_0
    SLICE_X62Y22         LUT5 (Prop_lut5_I4_O)        0.326     9.481 r  SEVEN_SEGMENT_DISPLAY/DIGIT_SELECTOR/CG_OBUF_inst_i_1/O
                         net (fo=1, routed)           1.914    11.394    CG_OBUF
    U7                   OBUF (Prop_obuf_I_O)         3.531    14.926 r  CG_OBUF_inst/O
                         net (fo=0)                   0.000    14.926    CG
    U7                                                                r  CG (OUT)
  -------------------------------------------------------------------    -------------------

Slack:                    inf
  Source:                 SEVEN_SEGMENT_DISPLAY/DIGIT_SELECTOR/q_reg[3]/C
                            (rising edge-triggered cell FDRE clocked by sys_clk_pin  {rise@0.000ns fall@5.000ns period=10.000ns})
  Destination:            CE
                            (output port)
  Path Group:             (none)
  Path Type:              Max at Slow Process Corner
  Data Path Delay:        9.591ns  (logic 4.584ns (47.793%)  route 5.007ns (52.207%))
  Logic Levels:           4  (LUT4=2 LUT6=1 OBUF=1)
  Clock Uncertainty:      0.025ns  ((TSJ^2 + TIJ^2)^1/2 + DJ) / 2 + PE
    Total System Jitter     (TSJ):    0.050ns
    Total Input Jitter      (TIJ):    0.000ns
    Discrete Jitter          (DJ):    0.000ns
    Phase Error              (PE):    0.000ns

    Location             Delay type                Incr(ns)  Path(ns)    Netlist Resource(s)
  -------------------------------------------------------------------    -------------------
                         (clock sys_clk_pin rise edge)
                                                      0.000     0.000 r  
    W5                                                0.000     0.000 r  clk (IN)
                         net (fo=0)                   0.000     0.000    clk
    W5                   IBUF (Prop_ibuf_I_O)         1.458     1.458 r  clk_IBUF_inst/O
                         net (fo=1, routed)           1.967     3.425    clk_IBUF
    BUFGCTRL_X0Y0        BUFG (Prop_bufg_I_O)         0.096     3.521 r  clk_IBUF_BUFG_inst/O
                         net (fo=21, routed)          1.619     5.140    SEVEN_SEGMENT_DISPLAY/DIGIT_SELECTOR/clk_IBUF_BUFG
    SLICE_X58Y23         FDRE                                         r  SEVEN_SEGMENT_DISPLAY/DIGIT_SELECTOR/q_reg[3]/C
  -------------------------------------------------------------------    -------------------
    SLICE_X58Y23         FDRE (Prop_fdre_C_Q)         0.456     5.596 r  SEVEN_SEGMENT_DISPLAY/DIGIT_SELECTOR/q_reg[3]/Q
                         net (fo=9, routed)           1.335     6.931    SEVEN_SEGMENT_DISPLAY/DIGIT_SELECTOR/d[0]
    SLICE_X64Y25         LUT4 (Prop_lut4_I3_O)        0.124     7.055 r  SEVEN_SEGMENT_DISPLAY/DIGIT_SELECTOR/CA_OBUF_inst_i_8/O
                         net (fo=2, routed)           1.028     8.083    SEVEN_SEGMENT_DISPLAY/DIGIT_SELECTOR/CA_OBUF_inst_i_8_n_0
    SLICE_X62Y23         LUT6 (Prop_lut6_I1_O)        0.124     8.207 r  SEVEN_SEGMENT_DISPLAY/DIGIT_SELECTOR/CA_OBUF_inst_i_4/O
                         net (fo=4, routed)           0.788     8.995    SEVEN_SEGMENT_DISPLAY/DIGIT_SELECTOR/CA_OBUF_inst_i_4_n_0
    SLICE_X62Y22         LUT4 (Prop_lut4_I0_O)        0.152     9.147 r  SEVEN_SEGMENT_DISPLAY/DIGIT_SELECTOR/CE_OBUF_inst_i_1/O
                         net (fo=1, routed)           1.856    11.003    CE_OBUF
    U5                   OBUF (Prop_obuf_I_O)         3.728    14.731 r  CE_OBUF_inst/O
                         net (fo=0)                   0.000    14.731    CE
    U5                                                                r  CE (OUT)
  -------------------------------------------------------------------    -------------------

Slack:                    inf
  Source:                 SEVEN_SEGMENT_DISPLAY/DIGIT_SELECTOR/q_reg[3]/C
                            (rising edge-triggered cell FDRE clocked by sys_clk_pin  {rise@0.000ns fall@5.000ns period=10.000ns})
  Destination:            CA
                            (output port)
  Path Group:             (none)
  Path Type:              Max at Slow Process Corner
  Data Path Delay:        9.566ns  (logic 4.567ns (47.738%)  route 5.000ns (52.262%))
  Logic Levels:           4  (LUT4=2 LUT6=1 OBUF=1)
  Clock Uncertainty:      0.025ns  ((TSJ^2 + TIJ^2)^1/2 + DJ) / 2 + PE
    Total System Jitter     (TSJ):    0.050ns
    Total Input Jitter      (TIJ):    0.000ns
    Discrete Jitter          (DJ):    0.000ns
    Phase Error              (PE):    0.000ns

    Location             Delay type                Incr(ns)  Path(ns)    Netlist Resource(s)
  -------------------------------------------------------------------    -------------------
                         (clock sys_clk_pin rise edge)
                                                      0.000     0.000 r  
    W5                                                0.000     0.000 r  clk (IN)
                         net (fo=0)                   0.000     0.000    clk
    W5                   IBUF (Prop_ibuf_I_O)         1.458     1.458 r  clk_IBUF_inst/O
                         net (fo=1, routed)           1.967     3.425    clk_IBUF
    BUFGCTRL_X0Y0        BUFG (Prop_bufg_I_O)         0.096     3.521 r  clk_IBUF_BUFG_inst/O
                         net (fo=21, routed)          1.619     5.140    SEVEN_SEGMENT_DISPLAY/DIGIT_SELECTOR/clk_IBUF_BUFG
    SLICE_X58Y23         FDRE                                         r  SEVEN_SEGMENT_DISPLAY/DIGIT_SELECTOR/q_reg[3]/C
  -------------------------------------------------------------------    -------------------
    SLICE_X58Y23         FDRE (Prop_fdre_C_Q)         0.456     5.596 r  SEVEN_SEGMENT_DISPLAY/DIGIT_SELECTOR/q_reg[3]/Q
                         net (fo=9, routed)           1.335     6.931    SEVEN_SEGMENT_DISPLAY/DIGIT_SELECTOR/d[0]
    SLICE_X64Y25         LUT4 (Prop_lut4_I3_O)        0.124     7.055 r  SEVEN_SEGMENT_DISPLAY/DIGIT_SELECTOR/CA_OBUF_inst_i_8/O
                         net (fo=2, routed)           1.028     8.083    SEVEN_SEGMENT_DISPLAY/DIGIT_SELECTOR/CA_OBUF_inst_i_8_n_0
    SLICE_X62Y23         LUT6 (Prop_lut6_I1_O)        0.124     8.207 r  SEVEN_SEGMENT_DISPLAY/DIGIT_SELECTOR/CA_OBUF_inst_i_4/O
                         net (fo=4, routed)           0.796     9.003    SEVEN_SEGMENT_DISPLAY/DIGIT_SELECTOR/CA_OBUF_inst_i_4_n_0
    SLICE_X62Y22         LUT4 (Prop_lut4_I2_O)        0.150     9.153 r  SEVEN_SEGMENT_DISPLAY/DIGIT_SELECTOR/CA_OBUF_inst_i_1/O
                         net (fo=1, routed)           1.841    10.994    CA_OBUF
    W7                   OBUF (Prop_obuf_I_O)         3.713    14.707 r  CA_OBUF_inst/O
                         net (fo=0)                   0.000    14.707    CA
    W7                                                                r  CA (OUT)
  -------------------------------------------------------------------    -------------------

Slack:                    inf
  Source:                 SEVEN_SEGMENT_DISPLAY/DIGIT_SELECTOR/q_reg[3]/C
                            (rising edge-triggered cell FDRE clocked by sys_clk_pin  {rise@0.000ns fall@5.000ns period=10.000ns})
  Destination:            CB
                            (output port)
  Path Group:             (none)
  Path Type:              Max at Slow Process Corner
  Data Path Delay:        9.202ns  (logic 4.357ns (47.350%)  route 4.845ns (52.650%))
  Logic Levels:           4  (LUT4=1 LUT5=2 OBUF=1)
  Clock Uncertainty:      0.025ns  ((TSJ^2 + TIJ^2)^1/2 + DJ) / 2 + PE
    Total System Jitter     (TSJ):    0.050ns
    Total Input Jitter      (TIJ):    0.000ns
    Discrete Jitter          (DJ):    0.000ns
    Phase Error              (PE):    0.000ns

    Location             Delay type                Incr(ns)  Path(ns)    Netlist Resource(s)
  -------------------------------------------------------------------    -------------------
                         (clock sys_clk_pin rise edge)
                                                      0.000     0.000 r  
    W5                                                0.000     0.000 r  clk (IN)
                         net (fo=0)                   0.000     0.000    clk
    W5                   IBUF (Prop_ibuf_I_O)         1.458     1.458 r  clk_IBUF_inst/O
                         net (fo=1, routed)           1.967     3.425    clk_IBUF
    BUFGCTRL_X0Y0        BUFG (Prop_bufg_I_O)         0.096     3.521 r  clk_IBUF_BUFG_inst/O
                         net (fo=21, routed)          1.619     5.140    SEVEN_SEGMENT_DISPLAY/DIGIT_SELECTOR/clk_IBUF_BUFG
    SLICE_X58Y23         FDRE                                         r  SEVEN_SEGMENT_DISPLAY/DIGIT_SELECTOR/q_reg[3]/C
  -------------------------------------------------------------------    -------------------
    SLICE_X58Y23         FDRE (Prop_fdre_C_Q)         0.456     5.596 f  SEVEN_SEGMENT_DISPLAY/DIGIT_SELECTOR/q_reg[3]/Q
                         net (fo=9, routed)           1.335     6.931    SEVEN_SEGMENT_DISPLAY/DIGIT_SELECTOR/d[0]
    SLICE_X64Y25         LUT4 (Prop_lut4_I3_O)        0.124     7.055 f  SEVEN_SEGMENT_DISPLAY/DIGIT_SELECTOR/CA_OBUF_inst_i_8/O
                         net (fo=2, routed)           1.035     8.090    SEVEN_SEGMENT_DISPLAY/DIGIT_SELECTOR/CA_OBUF_inst_i_8_n_0
    SLICE_X62Y23         LUT5 (Prop_lut5_I4_O)        0.124     8.214 r  SEVEN_SEGMENT_DISPLAY/DIGIT_SELECTOR/CB_OBUF_inst_i_2/O
                         net (fo=3, routed)           0.682     8.896    SEVEN_SEGMENT_DISPLAY/DIGIT_SELECTOR/CB_OBUF_inst_i_2_n_0
    SLICE_X62Y23         LUT5 (Prop_lut5_I1_O)        0.124     9.020 r  SEVEN_SEGMENT_DISPLAY/DIGIT_SELECTOR/CB_OBUF_inst_i_1/O
                         net (fo=1, routed)           1.793    10.813    CB_OBUF
    W6                   OBUF (Prop_obuf_I_O)         3.529    14.342 r  CB_OBUF_inst/O
                         net (fo=0)                   0.000    14.342    CB
    W6                                                                r  CB (OUT)
  -------------------------------------------------------------------    -------------------

Slack:                    inf
  Source:                 SEVEN_SEGMENT_DISPLAY/DIGIT_SELECTOR/q_reg[3]/C
                            (rising edge-triggered cell FDRE clocked by sys_clk_pin  {rise@0.000ns fall@5.000ns period=10.000ns})
  Destination:            CD
                            (output port)
  Path Group:             (none)
  Path Type:              Max at Slow Process Corner
  Data Path Delay:        9.189ns  (logic 4.364ns (47.490%)  route 4.825ns (52.510%))
  Logic Levels:           4  (LUT4=2 LUT6=1 OBUF=1)
  Clock Uncertainty:      0.025ns  ((TSJ^2 + TIJ^2)^1/2 + DJ) / 2 + PE
    Total System Jitter     (TSJ):    0.050ns
    Total Input Jitter      (TIJ):    0.000ns
    Discrete Jitter          (DJ):    0.000ns
    Phase Error              (PE):    0.000ns

    Location             Delay type                Incr(ns)  Path(ns)    Netlist Resource(s)
  -------------------------------------------------------------------    -------------------
                         (clock sys_clk_pin rise edge)
                                                      0.000     0.000 r  
    W5                                                0.000     0.000 r  clk (IN)
                         net (fo=0)                   0.000     0.000    clk
    W5                   IBUF (Prop_ibuf_I_O)         1.458     1.458 r  clk_IBUF_inst/O
                         net (fo=1, routed)           1.967     3.425    clk_IBUF
    BUFGCTRL_X0Y0        BUFG (Prop_bufg_I_O)         0.096     3.521 r  clk_IBUF_BUFG_inst/O
                         net (fo=21, routed)          1.619     5.140    SEVEN_SEGMENT_DISPLAY/DIGIT_SELECTOR/clk_IBUF_BUFG
    SLICE_X58Y23         FDRE                                         r  SEVEN_SEGMENT_DISPLAY/DIGIT_SELECTOR/q_reg[3]/C
  -------------------------------------------------------------------    -------------------
    SLICE_X58Y23         FDRE (Prop_fdre_C_Q)         0.456     5.596 r  SEVEN_SEGMENT_DISPLAY/DIGIT_SELECTOR/q_reg[3]/Q
                         net (fo=9, routed)           1.335     6.931    SEVEN_SEGMENT_DISPLAY/DIGIT_SELECTOR/d[0]
    SLICE_X64Y25         LUT4 (Prop_lut4_I3_O)        0.124     7.055 r  SEVEN_SEGMENT_DISPLAY/DIGIT_SELECTOR/CA_OBUF_inst_i_8/O
                         net (fo=2, routed)           1.028     8.083    SEVEN_SEGMENT_DISPLAY/DIGIT_SELECTOR/CA_OBUF_inst_i_8_n_0
    SLICE_X62Y23         LUT6 (Prop_lut6_I1_O)        0.124     8.207 r  SEVEN_SEGMENT_DISPLAY/DIGIT_SELECTOR/CA_OBUF_inst_i_4/O
                         net (fo=4, routed)           0.788     8.995    SEVEN_SEGMENT_DISPLAY/DIGIT_SELECTOR/CA_OBUF_inst_i_4_n_0
    SLICE_X62Y22         LUT4 (Prop_lut4_I0_O)        0.124     9.119 r  SEVEN_SEGMENT_DISPLAY/DIGIT_SELECTOR/CD_OBUF_inst_i_1/O
                         net (fo=1, routed)           1.674    10.793    CD_OBUF
    V8                   OBUF (Prop_obuf_I_O)         3.536    14.329 r  CD_OBUF_inst/O
                         net (fo=0)                   0.000    14.329    CD
    V8                                                                r  CD (OUT)
  -------------------------------------------------------------------    -------------------

Slack:                    inf
  Source:                 SEVEN_SEGMENT_DISPLAY/DIGIT_SELECTOR/q_reg[3]/C
                            (rising edge-triggered cell FDRE clocked by sys_clk_pin  {rise@0.000ns fall@5.000ns period=10.000ns})
  Destination:            CC
                            (output port)
  Path Group:             (none)
  Path Type:              Max at Slow Process Corner
  Data Path Delay:        9.181ns  (logic 4.363ns (47.523%)  route 4.818ns (52.477%))
  Logic Levels:           4  (LUT4=2 LUT6=1 OBUF=1)
  Clock Uncertainty:      0.025ns  ((TSJ^2 + TIJ^2)^1/2 + DJ) / 2 + PE
    Total System Jitter     (TSJ):    0.050ns
    Total Input Jitter      (TIJ):    0.000ns
    Discrete Jitter          (DJ):    0.000ns
    Phase Error              (PE):    0.000ns

    Location             Delay type                Incr(ns)  Path(ns)    Netlist Resource(s)
  -------------------------------------------------------------------    -------------------
                         (clock sys_clk_pin rise edge)
                                                      0.000     0.000 r  
    W5                                                0.000     0.000 r  clk (IN)
                         net (fo=0)                   0.000     0.000    clk
    W5                   IBUF (Prop_ibuf_I_O)         1.458     1.458 r  clk_IBUF_inst/O
                         net (fo=1, routed)           1.967     3.425    clk_IBUF
    BUFGCTRL_X0Y0        BUFG (Prop_bufg_I_O)         0.096     3.521 r  clk_IBUF_BUFG_inst/O
                         net (fo=21, routed)          1.619     5.140    SEVEN_SEGMENT_DISPLAY/DIGIT_SELECTOR/clk_IBUF_BUFG
    SLICE_X58Y23         FDRE                                         r  SEVEN_SEGMENT_DISPLAY/DIGIT_SELECTOR/q_reg[3]/C
  -------------------------------------------------------------------    -------------------
    SLICE_X58Y23         FDRE (Prop_fdre_C_Q)         0.456     5.596 f  SEVEN_SEGMENT_DISPLAY/DIGIT_SELECTOR/q_reg[3]/Q
                         net (fo=9, routed)           1.335     6.931    SEVEN_SEGMENT_DISPLAY/DIGIT_SELECTOR/d[0]
    SLICE_X64Y25         LUT4 (Prop_lut4_I3_O)        0.124     7.055 f  SEVEN_SEGMENT_DISPLAY/DIGIT_SELECTOR/CA_OBUF_inst_i_8/O
                         net (fo=2, routed)           1.028     8.083    SEVEN_SEGMENT_DISPLAY/DIGIT_SELECTOR/CA_OBUF_inst_i_8_n_0
    SLICE_X62Y23         LUT6 (Prop_lut6_I1_O)        0.124     8.207 f  SEVEN_SEGMENT_DISPLAY/DIGIT_SELECTOR/CA_OBUF_inst_i_4/O
                         net (fo=4, routed)           0.796     9.003    SEVEN_SEGMENT_DISPLAY/DIGIT_SELECTOR/CA_OBUF_inst_i_4_n_0
    SLICE_X62Y22         LUT4 (Prop_lut4_I2_O)        0.124     9.127 r  SEVEN_SEGMENT_DISPLAY/DIGIT_SELECTOR/CC_OBUF_inst_i_1/O
                         net (fo=1, routed)           1.659    10.786    CC_OBUF
    U8                   OBUF (Prop_obuf_I_O)         3.535    14.321 r  CC_OBUF_inst/O
                         net (fo=0)                   0.000    14.321    CC
    U8                                                                r  CC (OUT)
  -------------------------------------------------------------------    -------------------

Slack:                    inf
  Source:                 SEVEN_SEGMENT_DISPLAY/DIGIT_SELECTOR/q_reg[2]/C
                            (rising edge-triggered cell FDSE clocked by sys_clk_pin  {rise@0.000ns fall@5.000ns period=10.000ns})
  Destination:            AN3
                            (output port)
  Path Group:             (none)
  Path Type:              Max at Slow Process Corner
  Data Path Delay:        7.370ns  (logic 4.339ns (58.870%)  route 3.031ns (41.130%))
  Logic Levels:           2  (LUT1=1 OBUF=1)
  Clock Uncertainty:      0.025ns  ((TSJ^2 + TIJ^2)^1/2 + DJ) / 2 + PE
    Total System Jitter     (TSJ):    0.050ns
    Total Input Jitter      (TIJ):    0.000ns
    Discrete Jitter          (DJ):    0.000ns
    Phase Error              (PE):    0.000ns

    Location             Delay type                Incr(ns)  Path(ns)    Netlist Resource(s)
  -------------------------------------------------------------------    -------------------
                         (clock sys_clk_pin rise edge)
                                                      0.000     0.000 r  
    W5                                                0.000     0.000 r  clk (IN)
                         net (fo=0)                   0.000     0.000    clk
    W5                   IBUF (Prop_ibuf_I_O)         1.458     1.458 r  clk_IBUF_inst/O
                         net (fo=1, routed)           1.967     3.425    clk_IBUF
    BUFGCTRL_X0Y0        BUFG (Prop_bufg_I_O)         0.096     3.521 r  clk_IBUF_BUFG_inst/O
                         net (fo=21, routed)          1.619     5.140    SEVEN_SEGMENT_DISPLAY/DIGIT_SELECTOR/clk_IBUF_BUFG
    SLICE_X61Y23         FDSE                                         r  SEVEN_SEGMENT_DISPLAY/DIGIT_SELECTOR/q_reg[2]/C
  -------------------------------------------------------------------    -------------------
    SLICE_X61Y23         FDSE (Prop_fdse_C_Q)         0.456     5.596 f  SEVEN_SEGMENT_DISPLAY/DIGIT_SELECTOR/q_reg[2]/Q
                         net (fo=9, routed)           1.147     6.743    SEVEN_SEGMENT_DISPLAY/DIGIT_SELECTOR/d[1]
    SLICE_X61Y23         LUT1 (Prop_lut1_I0_O)        0.152     6.895 r  SEVEN_SEGMENT_DISPLAY/DIGIT_SELECTOR/AN3_OBUF_inst_i_1/O
                         net (fo=1, routed)           1.885     8.780    AN3_OBUF
    V4                   OBUF (Prop_obuf_I_O)         3.731    12.511 r  AN3_OBUF_inst/O
                         net (fo=0)                   0.000    12.511    AN3
    V4                                                                r  AN3 (OUT)
  -------------------------------------------------------------------    -------------------

Slack:                    inf
  Source:                 SEVEN_SEGMENT_DISPLAY/DIGIT_SELECTOR/q_reg[1]/C
                            (rising edge-triggered cell FDSE clocked by sys_clk_pin  {rise@0.000ns fall@5.000ns period=10.000ns})
  Destination:            AN2
                            (output port)
  Path Group:             (none)
  Path Type:              Max at Slow Process Corner
  Data Path Delay:        7.105ns  (logic 4.272ns (60.128%)  route 2.833ns (39.872%))
  Logic Levels:           2  (LUT1=1 OBUF=1)
  Clock Uncertainty:      0.025ns  ((TSJ^2 + TIJ^2)^1/2 + DJ) / 2 + PE
    Total System Jitter     (TSJ):    0.050ns
    Total Input Jitter      (TIJ):    0.000ns
    Discrete Jitter          (DJ):    0.000ns
    Phase Error              (PE):    0.000ns

    Location             Delay type                Incr(ns)  Path(ns)    Netlist Resource(s)
  -------------------------------------------------------------------    -------------------
                         (clock sys_clk_pin rise edge)
                                                      0.000     0.000 r  
    W5                                                0.000     0.000 r  clk (IN)
                         net (fo=0)                   0.000     0.000    clk
    W5                   IBUF (Prop_ibuf_I_O)         1.458     1.458 r  clk_IBUF_inst/O
                         net (fo=1, routed)           1.967     3.425    clk_IBUF
    BUFGCTRL_X0Y0        BUFG (Prop_bufg_I_O)         0.096     3.521 r  clk_IBUF_BUFG_inst/O
                         net (fo=21, routed)          1.619     5.140    SEVEN_SEGMENT_DISPLAY/DIGIT_SELECTOR/clk_IBUF_BUFG
    SLICE_X60Y23         FDSE                                         r  SEVEN_SEGMENT_DISPLAY/DIGIT_SELECTOR/q_reg[1]/C
  -------------------------------------------------------------------    -------------------
    SLICE_X60Y23         FDSE (Prop_fdse_C_Q)         0.478     5.618 f  SEVEN_SEGMENT_DISPLAY/DIGIT_SELECTOR/q_reg[1]/Q
                         net (fo=12, routed)          0.927     6.545    SEVEN_SEGMENT_DISPLAY/DIGIT_SELECTOR/digit_select[1]
    SLICE_X61Y23         LUT1 (Prop_lut1_I0_O)        0.295     6.840 r  SEVEN_SEGMENT_DISPLAY/DIGIT_SELECTOR/AN2_OBUF_inst_i_1/O
                         net (fo=1, routed)           1.906     8.746    AN2_OBUF
    U4                   OBUF (Prop_obuf_I_O)         3.499    12.245 r  AN2_OBUF_inst/O
                         net (fo=0)                   0.000    12.245    AN2
    U4                                                                r  AN2 (OUT)
  -------------------------------------------------------------------    -------------------

Slack:                    inf
  Source:                 SEVEN_SEGMENT_DISPLAY/DIGIT_SELECTOR/q_reg[0]/C
                            (rising edge-triggered cell FDSE clocked by sys_clk_pin  {rise@0.000ns fall@5.000ns period=10.000ns})
  Destination:            AN1
                            (output port)
  Path Group:             (none)
  Path Type:              Max at Slow Process Corner
  Data Path Delay:        7.007ns  (logic 4.373ns (62.406%)  route 2.634ns (37.594%))
  Logic Levels:           2  (LUT1=1 OBUF=1)
  Clock Uncertainty:      0.025ns  ((TSJ^2 + TIJ^2)^1/2 + DJ) / 2 + PE
    Total System Jitter     (TSJ):    0.050ns
    Total Input Jitter      (TIJ):    0.000ns
    Discrete Jitter          (DJ):    0.000ns
    Phase Error              (PE):    0.000ns

    Location             Delay type                Incr(ns)  Path(ns)    Netlist Resource(s)
  -------------------------------------------------------------------    -------------------
                         (clock sys_clk_pin rise edge)
                                                      0.000     0.000 r  
    W5                                                0.000     0.000 r  clk (IN)
                         net (fo=0)                   0.000     0.000    clk
    W5                   IBUF (Prop_ibuf_I_O)         1.458     1.458 r  clk_IBUF_inst/O
                         net (fo=1, routed)           1.967     3.425    clk_IBUF
    BUFGCTRL_X0Y0        BUFG (Prop_bufg_I_O)         0.096     3.521 r  clk_IBUF_BUFG_inst/O
                         net (fo=21, routed)          1.619     5.140    SEVEN_SEGMENT_DISPLAY/DIGIT_SELECTOR/clk_IBUF_BUFG
    SLICE_X60Y23         FDSE                                         r  SEVEN_SEGMENT_DISPLAY/DIGIT_SELECTOR/q_reg[0]/C
  -------------------------------------------------------------------    -------------------
    SLICE_X60Y23         FDSE (Prop_fdse_C_Q)         0.518     5.658 f  SEVEN_SEGMENT_DISPLAY/DIGIT_SELECTOR/q_reg[0]/Q
                         net (fo=12, routed)          0.683     6.341    SEVEN_SEGMENT_DISPLAY/DIGIT_SELECTOR/digit_select[0]
    SLICE_X62Y23         LUT1 (Prop_lut1_I0_O)        0.150     6.491 r  SEVEN_SEGMENT_DISPLAY/DIGIT_SELECTOR/AN1_OBUF_inst_i_1/O
                         net (fo=1, routed)           1.952     8.443    AN1_OBUF
    U2                   OBUF (Prop_obuf_I_O)         3.705    12.147 r  AN1_OBUF_inst/O
                         net (fo=0)                   0.000    12.147    AN1
    U2                                                                r  AN1 (OUT)
  -------------------------------------------------------------------    -------------------





Min Delay Paths
--------------------------------------------------------------------------------------
Slack:                    inf
  Source:                 SEVEN_SEGMENT_DISPLAY/DIGIT_SELECTOR/q_reg[3]/C
                            (rising edge-triggered cell FDRE clocked by sys_clk_pin  {rise@0.000ns fall@5.000ns period=10.000ns})
  Destination:            AN4
                            (output port)
  Path Group:             (none)
  Path Type:              Min at Fast Process Corner
  Data Path Delay:        2.101ns  (logic 1.397ns (66.527%)  route 0.703ns (33.473%))
  Logic Levels:           2  (LUT1=1 OBUF=1)
  Clock Uncertainty:      0.025ns  ((TSJ^2 + TIJ^2)^1/2 + DJ) / 2 + PE
    Total System Jitter     (TSJ):    0.050ns
    Total Input Jitter      (TIJ):    0.000ns
    Discrete Jitter          (DJ):    0.000ns
    Phase Error              (PE):    0.000ns

    Location             Delay type                Incr(ns)  Path(ns)    Netlist Resource(s)
  -------------------------------------------------------------------    -------------------
                         (clock sys_clk_pin rise edge)
                                                      0.000     0.000 r  
    W5                                                0.000     0.000 r  clk (IN)
                         net (fo=0)                   0.000     0.000    clk
    W5                   IBUF (Prop_ibuf_I_O)         0.226     0.226 r  clk_IBUF_inst/O
                         net (fo=1, routed)           0.631     0.858    clk_IBUF
    BUFGCTRL_X0Y0        BUFG (Prop_bufg_I_O)         0.026     0.884 r  clk_IBUF_BUFG_inst/O
                         net (fo=21, routed)          0.582     1.465    SEVEN_SEGMENT_DISPLAY/DIGIT_SELECTOR/clk_IBUF_BUFG
    SLICE_X58Y23         FDRE                                         r  SEVEN_SEGMENT_DISPLAY/DIGIT_SELECTOR/q_reg[3]/C
  -------------------------------------------------------------------    -------------------
    SLICE_X58Y23         FDRE (Prop_fdre_C_Q)         0.141     1.606 f  SEVEN_SEGMENT_DISPLAY/DIGIT_SELECTOR/q_reg[3]/Q
                         net (fo=9, routed)           0.238     1.844    SEVEN_SEGMENT_DISPLAY/DIGIT_SELECTOR/d[0]
    SLICE_X63Y23         LUT1 (Prop_lut1_I0_O)        0.045     1.889 r  SEVEN_SEGMENT_DISPLAY/DIGIT_SELECTOR/AN4_OBUF_inst_i_1/O
                         net (fo=1, routed)           0.465     2.354    AN4_OBUF
    W4                   OBUF (Prop_obuf_I_O)         1.211     3.566 r  AN4_OBUF_inst/O
                         net (fo=0)                   0.000     3.566    AN4
    W4                                                                r  AN4 (OUT)
  -------------------------------------------------------------------    -------------------

Slack:                    inf
  Source:                 SEVEN_SEGMENT_DISPLAY/DIGIT_SELECTOR/q_reg[3]/C
                            (rising edge-triggered cell FDRE clocked by sys_clk_pin  {rise@0.000ns fall@5.000ns period=10.000ns})
  Destination:            CB
                            (output port)
  Path Group:             (none)
  Path Type:              Min at Fast Process Corner
  Data Path Delay:        2.127ns  (logic 1.461ns (68.684%)  route 0.666ns (31.316%))
  Logic Levels:           3  (LUT4=1 LUT5=1 OBUF=1)
  Clock Uncertainty:      0.025ns  ((TSJ^2 + TIJ^2)^1/2 + DJ) / 2 + PE
    Total System Jitter     (TSJ):    0.050ns
    Total Input Jitter      (TIJ):    0.000ns
    Discrete Jitter          (DJ):    0.000ns
    Phase Error              (PE):    0.000ns

    Location             Delay type                Incr(ns)  Path(ns)    Netlist Resource(s)
  -------------------------------------------------------------------    -------------------
                         (clock sys_clk_pin rise edge)
                                                      0.000     0.000 r  
    W5                                                0.000     0.000 r  clk (IN)
                         net (fo=0)                   0.000     0.000    clk
    W5                   IBUF (Prop_ibuf_I_O)         0.226     0.226 r  clk_IBUF_inst/O
                         net (fo=1, routed)           0.631     0.858    clk_IBUF
    BUFGCTRL_X0Y0        BUFG (Prop_bufg_I_O)         0.026     0.884 r  clk_IBUF_BUFG_inst/O
                         net (fo=21, routed)          0.582     1.465    SEVEN_SEGMENT_DISPLAY/DIGIT_SELECTOR/clk_IBUF_BUFG
    SLICE_X58Y23         FDRE                                         r  SEVEN_SEGMENT_DISPLAY/DIGIT_SELECTOR/q_reg[3]/C
  -------------------------------------------------------------------    -------------------
    SLICE_X58Y23         FDRE (Prop_fdre_C_Q)         0.141     1.606 r  SEVEN_SEGMENT_DISPLAY/DIGIT_SELECTOR/q_reg[3]/Q
                         net (fo=9, routed)           0.132     1.738    SEVEN_SEGMENT_DISPLAY/DIGIT_MUX/d[0]
    SLICE_X61Y23         LUT4 (Prop_lut4_I3_O)        0.045     1.783 r  SEVEN_SEGMENT_DISPLAY/DIGIT_MUX/time_digit/O
                         net (fo=7, routed)           0.158     1.941    SEVEN_SEGMENT_DISPLAY/DIGIT_SELECTOR/CG
    SLICE_X62Y23         LUT5 (Prop_lut5_I4_O)        0.045     1.986 r  SEVEN_SEGMENT_DISPLAY/DIGIT_SELECTOR/CB_OBUF_inst_i_1/O
                         net (fo=1, routed)           0.376     2.362    CB_OBUF
    W6                   OBUF (Prop_obuf_I_O)         1.230     3.592 r  CB_OBUF_inst/O
                         net (fo=0)                   0.000     3.592    CB
    W6                                                                r  CB (OUT)
  -------------------------------------------------------------------    -------------------

Slack:                    inf
  Source:                 SEVEN_SEGMENT_DISPLAY/DIGIT_SELECTOR/q_reg[1]/C
                            (rising edge-triggered cell FDSE clocked by sys_clk_pin  {rise@0.000ns fall@5.000ns period=10.000ns})
  Destination:            AN2
                            (output port)
  Path Group:             (none)
  Path Type:              Min at Fast Process Corner
  Data Path Delay:        2.246ns  (logic 1.446ns (64.389%)  route 0.800ns (35.611%))
  Logic Levels:           2  (LUT1=1 OBUF=1)
  Clock Uncertainty:      0.025ns  ((TSJ^2 + TIJ^2)^1/2 + DJ) / 2 + PE
    Total System Jitter     (TSJ):    0.050ns
    Total Input Jitter      (TIJ):    0.000ns
    Discrete Jitter          (DJ):    0.000ns
    Phase Error              (PE):    0.000ns

    Location             Delay type                Incr(ns)  Path(ns)    Netlist Resource(s)
  -------------------------------------------------------------------    -------------------
                         (clock sys_clk_pin rise edge)
                                                      0.000     0.000 r  
    W5                                                0.000     0.000 r  clk (IN)
                         net (fo=0)                   0.000     0.000    clk
    W5                   IBUF (Prop_ibuf_I_O)         0.226     0.226 r  clk_IBUF_inst/O
                         net (fo=1, routed)           0.631     0.858    clk_IBUF
    BUFGCTRL_X0Y0        BUFG (Prop_bufg_I_O)         0.026     0.884 r  clk_IBUF_BUFG_inst/O
                         net (fo=21, routed)          0.582     1.465    SEVEN_SEGMENT_DISPLAY/DIGIT_SELECTOR/clk_IBUF_BUFG
    SLICE_X60Y23         FDSE                                         r  SEVEN_SEGMENT_DISPLAY/DIGIT_SELECTOR/q_reg[1]/C
  -------------------------------------------------------------------    -------------------
    SLICE_X60Y23         FDSE (Prop_fdse_C_Q)         0.148     1.613 f  SEVEN_SEGMENT_DISPLAY/DIGIT_SELECTOR/q_reg[1]/Q
                         net (fo=12, routed)          0.354     1.967    SEVEN_SEGMENT_DISPLAY/DIGIT_SELECTOR/digit_select[1]
    SLICE_X61Y23         LUT1 (Prop_lut1_I0_O)        0.098     2.065 r  SEVEN_SEGMENT_DISPLAY/DIGIT_SELECTOR/AN2_OBUF_inst_i_1/O
                         net (fo=1, routed)           0.446     2.511    AN2_OBUF
    U4                   OBUF (Prop_obuf_I_O)         1.200     3.711 r  AN2_OBUF_inst/O
                         net (fo=0)                   0.000     3.711    AN2
    U4                                                                r  AN2 (OUT)
  -------------------------------------------------------------------    -------------------

Slack:                    inf
  Source:                 SEVEN_SEGMENT_DISPLAY/DIGIT_SELECTOR/q_reg[0]/C
                            (rising edge-triggered cell FDSE clocked by sys_clk_pin  {rise@0.000ns fall@5.000ns period=10.000ns})
  Destination:            AN1
                            (output port)
  Path Group:             (none)
  Path Type:              Min at Fast Process Corner
  Data Path Delay:        2.253ns  (logic 1.476ns (65.506%)  route 0.777ns (34.494%))
  Logic Levels:           2  (LUT1=1 OBUF=1)
  Clock Uncertainty:      0.025ns  ((TSJ^2 + TIJ^2)^1/2 + DJ) / 2 + PE
    Total System Jitter     (TSJ):    0.050ns
    Total Input Jitter      (TIJ):    0.000ns
    Discrete Jitter          (DJ):    0.000ns
    Phase Error              (PE):    0.000ns

    Location             Delay type                Incr(ns)  Path(ns)    Netlist Resource(s)
  -------------------------------------------------------------------    -------------------
                         (clock sys_clk_pin rise edge)
                                                      0.000     0.000 r  
    W5                                                0.000     0.000 r  clk (IN)
                         net (fo=0)                   0.000     0.000    clk
    W5                   IBUF (Prop_ibuf_I_O)         0.226     0.226 r  clk_IBUF_inst/O
                         net (fo=1, routed)           0.631     0.858    clk_IBUF
    BUFGCTRL_X0Y0        BUFG (Prop_bufg_I_O)         0.026     0.884 r  clk_IBUF_BUFG_inst/O
                         net (fo=21, routed)          0.582     1.465    SEVEN_SEGMENT_DISPLAY/DIGIT_SELECTOR/clk_IBUF_BUFG
    SLICE_X60Y23         FDSE                                         r  SEVEN_SEGMENT_DISPLAY/DIGIT_SELECTOR/q_reg[0]/C
  -------------------------------------------------------------------    -------------------
    SLICE_X60Y23         FDSE (Prop_fdse_C_Q)         0.164     1.629 f  SEVEN_SEGMENT_DISPLAY/DIGIT_SELECTOR/q_reg[0]/Q
                         net (fo=12, routed)          0.297     1.926    SEVEN_SEGMENT_DISPLAY/DIGIT_SELECTOR/digit_select[0]
    SLICE_X62Y23         LUT1 (Prop_lut1_I0_O)        0.046     1.972 r  SEVEN_SEGMENT_DISPLAY/DIGIT_SELECTOR/AN1_OBUF_inst_i_1/O
                         net (fo=1, routed)           0.481     2.452    AN1_OBUF
    U2                   OBUF (Prop_obuf_I_O)         1.266     3.718 r  AN1_OBUF_inst/O
                         net (fo=0)                   0.000     3.718    AN1
    U2                                                                r  AN1 (OUT)
  -------------------------------------------------------------------    -------------------

Slack:                    inf
  Source:                 SEVEN_SEGMENT_DISPLAY/DIGIT_SELECTOR/q_reg[3]/C
                            (rising edge-triggered cell FDRE clocked by sys_clk_pin  {rise@0.000ns fall@5.000ns period=10.000ns})
  Destination:            CG
                            (output port)
  Path Group:             (none)
  Path Type:              Min at Fast Process Corner
  Data Path Delay:        2.283ns  (logic 1.463ns (64.103%)  route 0.819ns (35.897%))
  Logic Levels:           3  (LUT4=1 LUT5=1 OBUF=1)
  Clock Uncertainty:      0.025ns  ((TSJ^2 + TIJ^2)^1/2 + DJ) / 2 + PE
    Total System Jitter     (TSJ):    0.050ns
    Total Input Jitter      (TIJ):    0.000ns
    Discrete Jitter          (DJ):    0.000ns
    Phase Error              (PE):    0.000ns

    Location             Delay type                Incr(ns)  Path(ns)    Netlist Resource(s)
  -------------------------------------------------------------------    -------------------
                         (clock sys_clk_pin rise edge)
                                                      0.000     0.000 r  
    W5                                                0.000     0.000 r  clk (IN)
                         net (fo=0)                   0.000     0.000    clk
    W5                   IBUF (Prop_ibuf_I_O)         0.226     0.226 r  clk_IBUF_inst/O
                         net (fo=1, routed)           0.631     0.858    clk_IBUF
    BUFGCTRL_X0Y0        BUFG (Prop_bufg_I_O)         0.026     0.884 r  clk_IBUF_BUFG_inst/O
                         net (fo=21, routed)          0.582     1.465    SEVEN_SEGMENT_DISPLAY/DIGIT_SELECTOR/clk_IBUF_BUFG
    SLICE_X58Y23         FDRE                                         r  SEVEN_SEGMENT_DISPLAY/DIGIT_SELECTOR/q_reg[3]/C
  -------------------------------------------------------------------    -------------------
    SLICE_X58Y23         FDRE (Prop_fdre_C_Q)         0.141     1.606 r  SEVEN_SEGMENT_DISPLAY/DIGIT_SELECTOR/q_reg[3]/Q
                         net (fo=9, routed)           0.132     1.738    SEVEN_SEGMENT_DISPLAY/DIGIT_MUX/d[0]
    SLICE_X61Y23         LUT4 (Prop_lut4_I3_O)        0.045     1.783 r  SEVEN_SEGMENT_DISPLAY/DIGIT_MUX/time_digit/O
                         net (fo=7, routed)           0.252     2.035    SEVEN_SEGMENT_DISPLAY/DIGIT_SELECTOR/CG
    SLICE_X62Y22         LUT5 (Prop_lut5_I3_O)        0.045     2.080 r  SEVEN_SEGMENT_DISPLAY/DIGIT_SELECTOR/CG_OBUF_inst_i_1/O
                         net (fo=1, routed)           0.436     2.516    CG_OBUF
    U7                   OBUF (Prop_obuf_I_O)         1.232     3.748 r  CG_OBUF_inst/O
                         net (fo=0)                   0.000     3.748    CG
    U7                                                                r  CG (OUT)
  -------------------------------------------------------------------    -------------------

Slack:                    inf
  Source:                 SEVEN_SEGMENT_DISPLAY/DIGIT_SELECTOR/q_reg[3]/C
                            (rising edge-triggered cell FDRE clocked by sys_clk_pin  {rise@0.000ns fall@5.000ns period=10.000ns})
  Destination:            CF
                            (output port)
  Path Group:             (none)
  Path Type:              Min at Fast Process Corner
  Data Path Delay:        2.284ns  (logic 1.499ns (65.624%)  route 0.785ns (34.376%))
  Logic Levels:           3  (LUT4=1 LUT5=1 OBUF=1)
  Clock Uncertainty:      0.025ns  ((TSJ^2 + TIJ^2)^1/2 + DJ) / 2 + PE
    Total System Jitter     (TSJ):    0.050ns
    Total Input Jitter      (TIJ):    0.000ns
    Discrete Jitter          (DJ):    0.000ns
    Phase Error              (PE):    0.000ns

    Location             Delay type                Incr(ns)  Path(ns)    Netlist Resource(s)
  -------------------------------------------------------------------    -------------------
                         (clock sys_clk_pin rise edge)
                                                      0.000     0.000 r  
    W5                                                0.000     0.000 r  clk (IN)
                         net (fo=0)                   0.000     0.000    clk
    W5                   IBUF (Prop_ibuf_I_O)         0.226     0.226 r  clk_IBUF_inst/O
                         net (fo=1, routed)           0.631     0.858    clk_IBUF
    BUFGCTRL_X0Y0        BUFG (Prop_bufg_I_O)         0.026     0.884 r  clk_IBUF_BUFG_inst/O
                         net (fo=21, routed)          0.582     1.465    SEVEN_SEGMENT_DISPLAY/DIGIT_SELECTOR/clk_IBUF_BUFG
    SLICE_X58Y23         FDRE                                         r  SEVEN_SEGMENT_DISPLAY/DIGIT_SELECTOR/q_reg[3]/C
  -------------------------------------------------------------------    -------------------
    SLICE_X58Y23         FDRE (Prop_fdre_C_Q)         0.141     1.606 r  SEVEN_SEGMENT_DISPLAY/DIGIT_SELECTOR/q_reg[3]/Q
                         net (fo=9, routed)           0.132     1.738    SEVEN_SEGMENT_DISPLAY/DIGIT_MUX/d[0]
    SLICE_X61Y23         LUT4 (Prop_lut4_I3_O)        0.045     1.783 r  SEVEN_SEGMENT_DISPLAY/DIGIT_MUX/time_digit/O
                         net (fo=7, routed)           0.252     2.035    SEVEN_SEGMENT_DISPLAY/DIGIT_SELECTOR/CG
    SLICE_X62Y22         LUT5 (Prop_lut5_I4_O)        0.042     2.077 r  SEVEN_SEGMENT_DISPLAY/DIGIT_SELECTOR/CF_OBUF_inst_i_1/O
                         net (fo=1, routed)           0.401     2.478    CF_OBUF
    V5                   OBUF (Prop_obuf_I_O)         1.271     3.749 r  CF_OBUF_inst/O
                         net (fo=0)                   0.000     3.749    CF
    V5                                                                r  CF (OUT)
  -------------------------------------------------------------------    -------------------

Slack:                    inf
  Source:                 SEVEN_SEGMENT_DISPLAY/DIGIT_SELECTOR/q_reg[3]/C
                            (rising edge-triggered cell FDRE clocked by sys_clk_pin  {rise@0.000ns fall@5.000ns period=10.000ns})
  Destination:            CD
                            (output port)
  Path Group:             (none)
  Path Type:              Min at Fast Process Corner
  Data Path Delay:        2.311ns  (logic 1.512ns (65.434%)  route 0.799ns (34.566%))
  Logic Levels:           4  (LUT4=2 LUT6=1 OBUF=1)
  Clock Uncertainty:      0.025ns  ((TSJ^2 + TIJ^2)^1/2 + DJ) / 2 + PE
    Total System Jitter     (TSJ):    0.050ns
    Total Input Jitter      (TIJ):    0.000ns
    Discrete Jitter          (DJ):    0.000ns
    Phase Error              (PE):    0.000ns

    Location             Delay type                Incr(ns)  Path(ns)    Netlist Resource(s)
  -------------------------------------------------------------------    -------------------
                         (clock sys_clk_pin rise edge)
                                                      0.000     0.000 r  
    W5                                                0.000     0.000 r  clk (IN)
                         net (fo=0)                   0.000     0.000    clk
    W5                   IBUF (Prop_ibuf_I_O)         0.226     0.226 r  clk_IBUF_inst/O
                         net (fo=1, routed)           0.631     0.858    clk_IBUF
    BUFGCTRL_X0Y0        BUFG (Prop_bufg_I_O)         0.026     0.884 r  clk_IBUF_BUFG_inst/O
                         net (fo=21, routed)          0.582     1.465    SEVEN_SEGMENT_DISPLAY/DIGIT_SELECTOR/clk_IBUF_BUFG
    SLICE_X58Y23         FDRE                                         r  SEVEN_SEGMENT_DISPLAY/DIGIT_SELECTOR/q_reg[3]/C
  -------------------------------------------------------------------    -------------------
    SLICE_X58Y23         FDRE (Prop_fdre_C_Q)         0.141     1.606 r  SEVEN_SEGMENT_DISPLAY/DIGIT_SELECTOR/q_reg[3]/Q
                         net (fo=9, routed)           0.132     1.738    SEVEN_SEGMENT_DISPLAY/DIGIT_MUX/d[0]
    SLICE_X61Y23         LUT4 (Prop_lut4_I3_O)        0.045     1.783 f  SEVEN_SEGMENT_DISPLAY/DIGIT_MUX/time_digit/O
                         net (fo=7, routed)           0.106     1.889    SEVEN_SEGMENT_DISPLAY/DIGIT_SELECTOR/CG
    SLICE_X61Y23         LUT6 (Prop_lut6_I5_O)        0.045     1.934 r  SEVEN_SEGMENT_DISPLAY/DIGIT_SELECTOR/CA_OBUF_inst_i_3/O
                         net (fo=4, routed)           0.237     2.171    SEVEN_SEGMENT_DISPLAY/DIGIT_SELECTOR/CA_OBUF_inst_i_3_n_0
    SLICE_X62Y22         LUT4 (Prop_lut4_I3_O)        0.045     2.216 r  SEVEN_SEGMENT_DISPLAY/DIGIT_SELECTOR/CD_OBUF_inst_i_1/O
                         net (fo=1, routed)           0.324     2.540    CD_OBUF
    V8                   OBUF (Prop_obuf_I_O)         1.236     3.777 r  CD_OBUF_inst/O
                         net (fo=0)                   0.000     3.777    CD
    V8                                                                r  CD (OUT)
  -------------------------------------------------------------------    -------------------

Slack:                    inf
  Source:                 SEVEN_SEGMENT_DISPLAY/DIGIT_SELECTOR/q_reg[3]/C
                            (rising edge-triggered cell FDRE clocked by sys_clk_pin  {rise@0.000ns fall@5.000ns period=10.000ns})
  Destination:            CC
                            (output port)
  Path Group:             (none)
  Path Type:              Min at Fast Process Corner
  Data Path Delay:        2.312ns  (logic 1.512ns (65.397%)  route 0.800ns (34.603%))
  Logic Levels:           4  (LUT4=2 LUT6=1 OBUF=1)
  Clock Uncertainty:      0.025ns  ((TSJ^2 + TIJ^2)^1/2 + DJ) / 2 + PE
    Total System Jitter     (TSJ):    0.050ns
    Total Input Jitter      (TIJ):    0.000ns
    Discrete Jitter          (DJ):    0.000ns
    Phase Error              (PE):    0.000ns

    Location             Delay type                Incr(ns)  Path(ns)    Netlist Resource(s)
  -------------------------------------------------------------------    -------------------
                         (clock sys_clk_pin rise edge)
                                                      0.000     0.000 r  
    W5                                                0.000     0.000 r  clk (IN)
                         net (fo=0)                   0.000     0.000    clk
    W5                   IBUF (Prop_ibuf_I_O)         0.226     0.226 r  clk_IBUF_inst/O
                         net (fo=1, routed)           0.631     0.858    clk_IBUF
    BUFGCTRL_X0Y0        BUFG (Prop_bufg_I_O)         0.026     0.884 r  clk_IBUF_BUFG_inst/O
                         net (fo=21, routed)          0.582     1.465    SEVEN_SEGMENT_DISPLAY/DIGIT_SELECTOR/clk_IBUF_BUFG
    SLICE_X58Y23         FDRE                                         r  SEVEN_SEGMENT_DISPLAY/DIGIT_SELECTOR/q_reg[3]/C
  -------------------------------------------------------------------    -------------------
    SLICE_X58Y23         FDRE (Prop_fdre_C_Q)         0.141     1.606 r  SEVEN_SEGMENT_DISPLAY/DIGIT_SELECTOR/q_reg[3]/Q
                         net (fo=9, routed)           0.132     1.738    SEVEN_SEGMENT_DISPLAY/DIGIT_MUX/d[0]
    SLICE_X61Y23         LUT4 (Prop_lut4_I3_O)        0.045     1.783 r  SEVEN_SEGMENT_DISPLAY/DIGIT_MUX/time_digit/O
                         net (fo=7, routed)           0.106     1.889    SEVEN_SEGMENT_DISPLAY/DIGIT_SELECTOR/CG
    SLICE_X61Y23         LUT6 (Prop_lut6_I5_O)        0.045     1.934 f  SEVEN_SEGMENT_DISPLAY/DIGIT_SELECTOR/CA_OBUF_inst_i_3/O
                         net (fo=4, routed)           0.236     2.170    SEVEN_SEGMENT_DISPLAY/DIGIT_SELECTOR/CA_OBUF_inst_i_3_n_0
    SLICE_X62Y22         LUT4 (Prop_lut4_I1_O)        0.045     2.215 r  SEVEN_SEGMENT_DISPLAY/DIGIT_SELECTOR/CC_OBUF_inst_i_1/O
                         net (fo=1, routed)           0.326     2.541    CC_OBUF
    U8                   OBUF (Prop_obuf_I_O)         1.236     3.777 r  CC_OBUF_inst/O
                         net (fo=0)                   0.000     3.777    CC
    U8                                                                r  CC (OUT)
  -------------------------------------------------------------------    -------------------

Slack:                    inf
  Source:                 SEVEN_SEGMENT_DISPLAY/DIGIT_SELECTOR/q_reg[2]/C
                            (rising edge-triggered cell FDSE clocked by sys_clk_pin  {rise@0.000ns fall@5.000ns period=10.000ns})
  Destination:            AN3
                            (output port)
  Path Group:             (none)
  Path Type:              Min at Fast Process Corner
  Data Path Delay:        2.348ns  (logic 1.475ns (62.806%)  route 0.873ns (37.194%))
  Logic Levels:           2  (LUT1=1 OBUF=1)
  Clock Uncertainty:      0.025ns  ((TSJ^2 + TIJ^2)^1/2 + DJ) / 2 + PE
    Total System Jitter     (TSJ):    0.050ns
    Total Input Jitter      (TIJ):    0.000ns
    Discrete Jitter          (DJ):    0.000ns
    Phase Error              (PE):    0.000ns

    Location             Delay type                Incr(ns)  Path(ns)    Netlist Resource(s)
  -------------------------------------------------------------------    -------------------
                         (clock sys_clk_pin rise edge)
                                                      0.000     0.000 r  
    W5                                                0.000     0.000 r  clk (IN)
                         net (fo=0)                   0.000     0.000    clk
    W5                   IBUF (Prop_ibuf_I_O)         0.226     0.226 r  clk_IBUF_inst/O
                         net (fo=1, routed)           0.631     0.858    clk_IBUF
    BUFGCTRL_X0Y0        BUFG (Prop_bufg_I_O)         0.026     0.884 r  clk_IBUF_BUFG_inst/O
                         net (fo=21, routed)          0.582     1.465    SEVEN_SEGMENT_DISPLAY/DIGIT_SELECTOR/clk_IBUF_BUFG
    SLICE_X61Y23         FDSE                                         r  SEVEN_SEGMENT_DISPLAY/DIGIT_SELECTOR/q_reg[2]/C
  -------------------------------------------------------------------    -------------------
    SLICE_X61Y23         FDSE (Prop_fdse_C_Q)         0.141     1.606 f  SEVEN_SEGMENT_DISPLAY/DIGIT_SELECTOR/q_reg[2]/Q
                         net (fo=9, routed)           0.435     2.041    SEVEN_SEGMENT_DISPLAY/DIGIT_SELECTOR/d[1]
    SLICE_X61Y23         LUT1 (Prop_lut1_I0_O)        0.043     2.084 r  SEVEN_SEGMENT_DISPLAY/DIGIT_SELECTOR/AN3_OBUF_inst_i_1/O
                         net (fo=1, routed)           0.439     2.523    AN3_OBUF
    V4                   OBUF (Prop_obuf_I_O)         1.291     3.814 r  AN3_OBUF_inst/O
                         net (fo=0)                   0.000     3.814    AN3
    V4                                                                r  AN3 (OUT)
  -------------------------------------------------------------------    -------------------

Slack:                    inf
  Source:                 SEVEN_SEGMENT_DISPLAY/DIGIT_SELECTOR/q_reg[3]/C
                            (rising edge-triggered cell FDRE clocked by sys_clk_pin  {rise@0.000ns fall@5.000ns period=10.000ns})
  Destination:            CA
                            (output port)
  Path Group:             (none)
  Path Type:              Min at Fast Process Corner
  Data Path Delay:        2.431ns  (logic 1.553ns (63.863%)  route 0.879ns (36.137%))
  Logic Levels:           4  (LUT4=2 LUT6=1 OBUF=1)
  Clock Uncertainty:      0.025ns  ((TSJ^2 + TIJ^2)^1/2 + DJ) / 2 + PE
    Total System Jitter     (TSJ):    0.050ns
    Total Input Jitter      (TIJ):    0.000ns
    Discrete Jitter          (DJ):    0.000ns
    Phase Error              (PE):    0.000ns

    Location             Delay type                Incr(ns)  Path(ns)    Netlist Resource(s)
  -------------------------------------------------------------------    -------------------
                         (clock sys_clk_pin rise edge)
                                                      0.000     0.000 r  
    W5                                                0.000     0.000 r  clk (IN)
                         net (fo=0)                   0.000     0.000    clk
    W5                   IBUF (Prop_ibuf_I_O)         0.226     0.226 r  clk_IBUF_inst/O
                         net (fo=1, routed)           0.631     0.858    clk_IBUF
    BUFGCTRL_X0Y0        BUFG (Prop_bufg_I_O)         0.026     0.884 r  clk_IBUF_BUFG_inst/O
                         net (fo=21, routed)          0.582     1.465    SEVEN_SEGMENT_DISPLAY/DIGIT_SELECTOR/clk_IBUF_BUFG
    SLICE_X58Y23         FDRE                                         r  SEVEN_SEGMENT_DISPLAY/DIGIT_SELECTOR/q_reg[3]/C
  -------------------------------------------------------------------    -------------------
    SLICE_X58Y23         FDRE (Prop_fdre_C_Q)         0.141     1.606 r  SEVEN_SEGMENT_DISPLAY/DIGIT_SELECTOR/q_reg[3]/Q
                         net (fo=9, routed)           0.132     1.738    SEVEN_SEGMENT_DISPLAY/DIGIT_MUX/d[0]
    SLICE_X61Y23         LUT4 (Prop_lut4_I3_O)        0.045     1.783 f  SEVEN_SEGMENT_DISPLAY/DIGIT_MUX/time_digit/O
                         net (fo=7, routed)           0.106     1.889    SEVEN_SEGMENT_DISPLAY/DIGIT_SELECTOR/CG
    SLICE_X61Y23         LUT6 (Prop_lut6_I5_O)        0.045     1.934 r  SEVEN_SEGMENT_DISPLAY/DIGIT_SELECTOR/CA_OBUF_inst_i_3/O
                         net (fo=4, routed)           0.236     2.170    SEVEN_SEGMENT_DISPLAY/DIGIT_SELECTOR/CA_OBUF_inst_i_3_n_0
    SLICE_X62Y22         LUT4 (Prop_lut4_I1_O)        0.048     2.218 r  SEVEN_SEGMENT_DISPLAY/DIGIT_SELECTOR/CA_OBUF_inst_i_1/O
                         net (fo=1, routed)           0.405     2.623    CA_OBUF
    W7                   OBUF (Prop_obuf_I_O)         1.274     3.897 r  CA_OBUF_inst/O
                         net (fo=0)                   0.000     3.897    CA
    W7                                                                r  CA (OUT)
  -------------------------------------------------------------------    -------------------





--------------------------------------------------------------------------------------
Path Group:  (none)
From Clock:  
  To Clock:  sys_clk_pin

Max Delay            21 Endpoints
Min Delay            21 Endpoints
--------------------------------------------------------------------------------------


Max Delay Paths
--------------------------------------------------------------------------------------
Slack:                    inf
  Source:                 reset
                            (input port)
  Destination:            SEVEN_SEGMENT_DISPLAY/DIGIT_SELECTOR/q_reg[3]/D
                            (rising edge-triggered cell FDRE clocked by sys_clk_pin  {rise@0.000ns fall@5.000ns period=10.000ns})
  Path Group:             (none)
  Path Type:              Setup (Max at Slow Process Corner)
  Data Path Delay:        5.287ns  (logic 1.565ns (29.605%)  route 3.722ns (70.395%))
  Logic Levels:           2  (IBUF=1 LUT6=1)
  Clock Path Skew:        4.844ns (DCD - SCD + CPR)
    Destination Clock Delay (DCD):    4.844ns
    Source Clock Delay      (SCD):    0.000ns
    Clock Pessimism Removal (CPR):    0.000ns
  Clock Uncertainty:      0.025ns  ((TSJ^2 + TIJ^2)^1/2 + DJ) / 2 + PE
    Total System Jitter     (TSJ):    0.050ns
    Total Input Jitter      (TIJ):    0.000ns
    Discrete Jitter          (DJ):    0.000ns
    Phase Error              (PE):    0.000ns

    Location             Delay type                Incr(ns)  Path(ns)    Netlist Resource(s)
  -------------------------------------------------------------------    -------------------
    U18                                               0.000     0.000 r  reset (IN)
                         net (fo=0)                   0.000     0.000    reset
    U18                  IBUF (Prop_ibuf_I_O)         1.441     1.441 r  reset_IBUF_inst/O
                         net (fo=21, routed)          3.722     5.163    SEVEN_SEGMENT_DISPLAY/DIGIT_SELECTOR/reset_IBUF
    SLICE_X58Y23         LUT6 (Prop_lut6_I0_O)        0.124     5.287 r  SEVEN_SEGMENT_DISPLAY/DIGIT_SELECTOR/q[3]_i_1/O
                         net (fo=1, routed)           0.000     5.287    SEVEN_SEGMENT_DISPLAY/DIGIT_SELECTOR/q[3]_i_1_n_0
    SLICE_X58Y23         FDRE                                         r  SEVEN_SEGMENT_DISPLAY/DIGIT_SELECTOR/q_reg[3]/D
  -------------------------------------------------------------------    -------------------

                         (clock sys_clk_pin rise edge)
                                                      0.000     0.000 r  
    W5                                                0.000     0.000 r  clk (IN)
                         net (fo=0)                   0.000     0.000    clk
    W5                   IBUF (Prop_ibuf_I_O)         1.388     1.388 r  clk_IBUF_inst/O
                         net (fo=1, routed)           1.862     3.250    clk_IBUF
    BUFGCTRL_X0Y0        BUFG (Prop_bufg_I_O)         0.091     3.341 r  clk_IBUF_BUFG_inst/O
                         net (fo=21, routed)          1.503     4.844    SEVEN_SEGMENT_DISPLAY/DIGIT_SELECTOR/clk_IBUF_BUFG
    SLICE_X58Y23         FDRE                                         r  SEVEN_SEGMENT_DISPLAY/DIGIT_SELECTOR/q_reg[3]/C

Slack:                    inf
  Source:                 reset
                            (input port)
  Destination:            SEVEN_SEGMENT_DISPLAY/DIGIT_SELECTOR/count_reg[16]/R
                            (rising edge-triggered cell FDRE clocked by sys_clk_pin  {rise@0.000ns fall@5.000ns period=10.000ns})
  Path Group:             (none)
  Path Type:              Setup (Max at Slow Process Corner)
  Data Path Delay:        5.235ns  (logic 1.441ns (27.532%)  route 3.794ns (72.468%))
  Logic Levels:           1  (IBUF=1)
  Clock Path Skew:        4.844ns (DCD - SCD + CPR)
    Destination Clock Delay (DCD):    4.844ns
    Source Clock Delay      (SCD):    0.000ns
    Clock Pessimism Removal (CPR):    0.000ns
  Clock Uncertainty:      0.025ns  ((TSJ^2 + TIJ^2)^1/2 + DJ) / 2 + PE
    Total System Jitter     (TSJ):    0.050ns
    Total Input Jitter      (TIJ):    0.000ns
    Discrete Jitter          (DJ):    0.000ns
    Phase Error              (PE):    0.000ns

    Location             Delay type                Incr(ns)  Path(ns)    Netlist Resource(s)
  -------------------------------------------------------------------    -------------------
    U18                                               0.000     0.000 r  reset (IN)
                         net (fo=0)                   0.000     0.000    reset
    U18                  IBUF (Prop_ibuf_I_O)         1.441     1.441 r  reset_IBUF_inst/O
                         net (fo=21, routed)          3.794     5.235    SEVEN_SEGMENT_DISPLAY/DIGIT_SELECTOR/reset_IBUF
    SLICE_X59Y23         FDRE                                         r  SEVEN_SEGMENT_DISPLAY/DIGIT_SELECTOR/count_reg[16]/R
  -------------------------------------------------------------------    -------------------

                         (clock sys_clk_pin rise edge)
                                                      0.000     0.000 r  
    W5                                                0.000     0.000 r  clk (IN)
                         net (fo=0)                   0.000     0.000    clk
    W5                   IBUF (Prop_ibuf_I_O)         1.388     1.388 r  clk_IBUF_inst/O
                         net (fo=1, routed)           1.862     3.250    clk_IBUF
    BUFGCTRL_X0Y0        BUFG (Prop_bufg_I_O)         0.091     3.341 r  clk_IBUF_BUFG_inst/O
                         net (fo=21, routed)          1.503     4.844    SEVEN_SEGMENT_DISPLAY/DIGIT_SELECTOR/clk_IBUF_BUFG
    SLICE_X59Y23         FDRE                                         r  SEVEN_SEGMENT_DISPLAY/DIGIT_SELECTOR/count_reg[16]/C

Slack:                    inf
  Source:                 reset
                            (input port)
  Destination:            SEVEN_SEGMENT_DISPLAY/DIGIT_SELECTOR/count_reg[12]/R
                            (rising edge-triggered cell FDRE clocked by sys_clk_pin  {rise@0.000ns fall@5.000ns period=10.000ns})
  Path Group:             (none)
  Path Type:              Setup (Max at Slow Process Corner)
  Data Path Delay:        5.067ns  (logic 1.441ns (28.447%)  route 3.625ns (71.553%))
  Logic Levels:           1  (IBUF=1)
  Clock Path Skew:        4.845ns (DCD - SCD + CPR)
    Destination Clock Delay (DCD):    4.845ns
    Source Clock Delay      (SCD):    0.000ns
    Clock Pessimism Removal (CPR):    0.000ns
  Clock Uncertainty:      0.025ns  ((TSJ^2 + TIJ^2)^1/2 + DJ) / 2 + PE
    Total System Jitter     (TSJ):    0.050ns
    Total Input Jitter      (TIJ):    0.000ns
    Discrete Jitter          (DJ):    0.000ns
    Phase Error              (PE):    0.000ns

    Location             Delay type                Incr(ns)  Path(ns)    Netlist Resource(s)
  -------------------------------------------------------------------    -------------------
    U18                                               0.000     0.000 r  reset (IN)
                         net (fo=0)                   0.000     0.000    reset
    U18                  IBUF (Prop_ibuf_I_O)         1.441     1.441 r  reset_IBUF_inst/O
                         net (fo=21, routed)          3.625     5.067    SEVEN_SEGMENT_DISPLAY/DIGIT_SELECTOR/reset_IBUF
    SLICE_X59Y22         FDRE                                         r  SEVEN_SEGMENT_DISPLAY/DIGIT_SELECTOR/count_reg[12]/R
  -------------------------------------------------------------------    -------------------

                         (clock sys_clk_pin rise edge)
                                                      0.000     0.000 r  
    W5                                                0.000     0.000 r  clk (IN)
                         net (fo=0)                   0.000     0.000    clk
    W5                   IBUF (Prop_ibuf_I_O)         1.388     1.388 r  clk_IBUF_inst/O
                         net (fo=1, routed)           1.862     3.250    clk_IBUF
    BUFGCTRL_X0Y0        BUFG (Prop_bufg_I_O)         0.091     3.341 r  clk_IBUF_BUFG_inst/O
                         net (fo=21, routed)          1.504     4.845    SEVEN_SEGMENT_DISPLAY/DIGIT_SELECTOR/clk_IBUF_BUFG
    SLICE_X59Y22         FDRE                                         r  SEVEN_SEGMENT_DISPLAY/DIGIT_SELECTOR/count_reg[12]/C

Slack:                    inf
  Source:                 reset
                            (input port)
  Destination:            SEVEN_SEGMENT_DISPLAY/DIGIT_SELECTOR/count_reg[13]/R
                            (rising edge-triggered cell FDRE clocked by sys_clk_pin  {rise@0.000ns fall@5.000ns period=10.000ns})
  Path Group:             (none)
  Path Type:              Setup (Max at Slow Process Corner)
  Data Path Delay:        5.067ns  (logic 1.441ns (28.447%)  route 3.625ns (71.553%))
  Logic Levels:           1  (IBUF=1)
  Clock Path Skew:        4.845ns (DCD - SCD + CPR)
    Destination Clock Delay (DCD):    4.845ns
    Source Clock Delay      (SCD):    0.000ns
    Clock Pessimism Removal (CPR):    0.000ns
  Clock Uncertainty:      0.025ns  ((TSJ^2 + TIJ^2)^1/2 + DJ) / 2 + PE
    Total System Jitter     (TSJ):    0.050ns
    Total Input Jitter      (TIJ):    0.000ns
    Discrete Jitter          (DJ):    0.000ns
    Phase Error              (PE):    0.000ns

    Location             Delay type                Incr(ns)  Path(ns)    Netlist Resource(s)
  -------------------------------------------------------------------    -------------------
    U18                                               0.000     0.000 r  reset (IN)
                         net (fo=0)                   0.000     0.000    reset
    U18                  IBUF (Prop_ibuf_I_O)         1.441     1.441 r  reset_IBUF_inst/O
                         net (fo=21, routed)          3.625     5.067    SEVEN_SEGMENT_DISPLAY/DIGIT_SELECTOR/reset_IBUF
    SLICE_X59Y22         FDRE                                         r  SEVEN_SEGMENT_DISPLAY/DIGIT_SELECTOR/count_reg[13]/R
  -------------------------------------------------------------------    -------------------

                         (clock sys_clk_pin rise edge)
                                                      0.000     0.000 r  
    W5                                                0.000     0.000 r  clk (IN)
                         net (fo=0)                   0.000     0.000    clk
    W5                   IBUF (Prop_ibuf_I_O)         1.388     1.388 r  clk_IBUF_inst/O
                         net (fo=1, routed)           1.862     3.250    clk_IBUF
    BUFGCTRL_X0Y0        BUFG (Prop_bufg_I_O)         0.091     3.341 r  clk_IBUF_BUFG_inst/O
                         net (fo=21, routed)          1.504     4.845    SEVEN_SEGMENT_DISPLAY/DIGIT_SELECTOR/clk_IBUF_BUFG
    SLICE_X59Y22         FDRE                                         r  SEVEN_SEGMENT_DISPLAY/DIGIT_SELECTOR/count_reg[13]/C

Slack:                    inf
  Source:                 reset
                            (input port)
  Destination:            SEVEN_SEGMENT_DISPLAY/DIGIT_SELECTOR/count_reg[14]/R
                            (rising edge-triggered cell FDRE clocked by sys_clk_pin  {rise@0.000ns fall@5.000ns period=10.000ns})
  Path Group:             (none)
  Path Type:              Setup (Max at Slow Process Corner)
  Data Path Delay:        5.067ns  (logic 1.441ns (28.447%)  route 3.625ns (71.553%))
  Logic Levels:           1  (IBUF=1)
  Clock Path Skew:        4.845ns (DCD - SCD + CPR)
    Destination Clock Delay (DCD):    4.845ns
    Source Clock Delay      (SCD):    0.000ns
    Clock Pessimism Removal (CPR):    0.000ns
  Clock Uncertainty:      0.025ns  ((TSJ^2 + TIJ^2)^1/2 + DJ) / 2 + PE
    Total System Jitter     (TSJ):    0.050ns
    Total Input Jitter      (TIJ):    0.000ns
    Discrete Jitter          (DJ):    0.000ns
    Phase Error              (PE):    0.000ns

    Location             Delay type                Incr(ns)  Path(ns)    Netlist Resource(s)
  -------------------------------------------------------------------    -------------------
    U18                                               0.000     0.000 r  reset (IN)
                         net (fo=0)                   0.000     0.000    reset
    U18                  IBUF (Prop_ibuf_I_O)         1.441     1.441 r  reset_IBUF_inst/O
                         net (fo=21, routed)          3.625     5.067    SEVEN_SEGMENT_DISPLAY/DIGIT_SELECTOR/reset_IBUF
    SLICE_X59Y22         FDRE                                         r  SEVEN_SEGMENT_DISPLAY/DIGIT_SELECTOR/count_reg[14]/R
  -------------------------------------------------------------------    -------------------

                         (clock sys_clk_pin rise edge)
                                                      0.000     0.000 r  
    W5                                                0.000     0.000 r  clk (IN)
                         net (fo=0)                   0.000     0.000    clk
    W5                   IBUF (Prop_ibuf_I_O)         1.388     1.388 r  clk_IBUF_inst/O
                         net (fo=1, routed)           1.862     3.250    clk_IBUF
    BUFGCTRL_X0Y0        BUFG (Prop_bufg_I_O)         0.091     3.341 r  clk_IBUF_BUFG_inst/O
                         net (fo=21, routed)          1.504     4.845    SEVEN_SEGMENT_DISPLAY/DIGIT_SELECTOR/clk_IBUF_BUFG
    SLICE_X59Y22         FDRE                                         r  SEVEN_SEGMENT_DISPLAY/DIGIT_SELECTOR/count_reg[14]/C

Slack:                    inf
  Source:                 reset
                            (input port)
  Destination:            SEVEN_SEGMENT_DISPLAY/DIGIT_SELECTOR/count_reg[15]/R
                            (rising edge-triggered cell FDRE clocked by sys_clk_pin  {rise@0.000ns fall@5.000ns period=10.000ns})
  Path Group:             (none)
  Path Type:              Setup (Max at Slow Process Corner)
  Data Path Delay:        5.067ns  (logic 1.441ns (28.447%)  route 3.625ns (71.553%))
  Logic Levels:           1  (IBUF=1)
  Clock Path Skew:        4.845ns (DCD - SCD + CPR)
    Destination Clock Delay (DCD):    4.845ns
    Source Clock Delay      (SCD):    0.000ns
    Clock Pessimism Removal (CPR):    0.000ns
  Clock Uncertainty:      0.025ns  ((TSJ^2 + TIJ^2)^1/2 + DJ) / 2 + PE
    Total System Jitter     (TSJ):    0.050ns
    Total Input Jitter      (TIJ):    0.000ns
    Discrete Jitter          (DJ):    0.000ns
    Phase Error              (PE):    0.000ns

    Location             Delay type                Incr(ns)  Path(ns)    Netlist Resource(s)
  -------------------------------------------------------------------    -------------------
    U18                                               0.000     0.000 r  reset (IN)
                         net (fo=0)                   0.000     0.000    reset
    U18                  IBUF (Prop_ibuf_I_O)         1.441     1.441 r  reset_IBUF_inst/O
                         net (fo=21, routed)          3.625     5.067    SEVEN_SEGMENT_DISPLAY/DIGIT_SELECTOR/reset_IBUF
    SLICE_X59Y22         FDRE                                         r  SEVEN_SEGMENT_DISPLAY/DIGIT_SELECTOR/count_reg[15]/R
  -------------------------------------------------------------------    -------------------

                         (clock sys_clk_pin rise edge)
                                                      0.000     0.000 r  
    W5                                                0.000     0.000 r  clk (IN)
                         net (fo=0)                   0.000     0.000    clk
    W5                   IBUF (Prop_ibuf_I_O)         1.388     1.388 r  clk_IBUF_inst/O
                         net (fo=1, routed)           1.862     3.250    clk_IBUF
    BUFGCTRL_X0Y0        BUFG (Prop_bufg_I_O)         0.091     3.341 r  clk_IBUF_BUFG_inst/O
                         net (fo=21, routed)          1.504     4.845    SEVEN_SEGMENT_DISPLAY/DIGIT_SELECTOR/clk_IBUF_BUFG
    SLICE_X59Y22         FDRE                                         r  SEVEN_SEGMENT_DISPLAY/DIGIT_SELECTOR/count_reg[15]/C

Slack:                    inf
  Source:                 reset
                            (input port)
  Destination:            SEVEN_SEGMENT_DISPLAY/DIGIT_SELECTOR/q_reg[0]/S
                            (rising edge-triggered cell FDSE clocked by sys_clk_pin  {rise@0.000ns fall@5.000ns period=10.000ns})
  Path Group:             (none)
  Path Type:              Setup (Max at Slow Process Corner)
  Data Path Delay:        4.916ns  (logic 1.441ns (29.320%)  route 3.474ns (70.680%))
  Logic Levels:           1  (IBUF=1)
  Clock Path Skew:        4.844ns (DCD - SCD + CPR)
    Destination Clock Delay (DCD):    4.844ns
    Source Clock Delay      (SCD):    0.000ns
    Clock Pessimism Removal (CPR):    0.000ns
  Clock Uncertainty:      0.025ns  ((TSJ^2 + TIJ^2)^1/2 + DJ) / 2 + PE
    Total System Jitter     (TSJ):    0.050ns
    Total Input Jitter      (TIJ):    0.000ns
    Discrete Jitter          (DJ):    0.000ns
    Phase Error              (PE):    0.000ns

    Location             Delay type                Incr(ns)  Path(ns)    Netlist Resource(s)
  -------------------------------------------------------------------    -------------------
    U18                                               0.000     0.000 r  reset (IN)
                         net (fo=0)                   0.000     0.000    reset
    U18                  IBUF (Prop_ibuf_I_O)         1.441     1.441 r  reset_IBUF_inst/O
                         net (fo=21, routed)          3.474     4.916    SEVEN_SEGMENT_DISPLAY/DIGIT_SELECTOR/reset_IBUF
    SLICE_X60Y23         FDSE                                         r  SEVEN_SEGMENT_DISPLAY/DIGIT_SELECTOR/q_reg[0]/S
  -------------------------------------------------------------------    -------------------

                         (clock sys_clk_pin rise edge)
                                                      0.000     0.000 r  
    W5                                                0.000     0.000 r  clk (IN)
                         net (fo=0)                   0.000     0.000    clk
    W5                   IBUF (Prop_ibuf_I_O)         1.388     1.388 r  clk_IBUF_inst/O
                         net (fo=1, routed)           1.862     3.250    clk_IBUF
    BUFGCTRL_X0Y0        BUFG (Prop_bufg_I_O)         0.091     3.341 r  clk_IBUF_BUFG_inst/O
                         net (fo=21, routed)          1.503     4.844    SEVEN_SEGMENT_DISPLAY/DIGIT_SELECTOR/clk_IBUF_BUFG
    SLICE_X60Y23         FDSE                                         r  SEVEN_SEGMENT_DISPLAY/DIGIT_SELECTOR/q_reg[0]/C

Slack:                    inf
  Source:                 reset
                            (input port)
  Destination:            SEVEN_SEGMENT_DISPLAY/DIGIT_SELECTOR/q_reg[1]/S
                            (rising edge-triggered cell FDSE clocked by sys_clk_pin  {rise@0.000ns fall@5.000ns period=10.000ns})
  Path Group:             (none)
  Path Type:              Setup (Max at Slow Process Corner)
  Data Path Delay:        4.916ns  (logic 1.441ns (29.320%)  route 3.474ns (70.680%))
  Logic Levels:           1  (IBUF=1)
  Clock Path Skew:        4.844ns (DCD - SCD + CPR)
    Destination Clock Delay (DCD):    4.844ns
    Source Clock Delay      (SCD):    0.000ns
    Clock Pessimism Removal (CPR):    0.000ns
  Clock Uncertainty:      0.025ns  ((TSJ^2 + TIJ^2)^1/2 + DJ) / 2 + PE
    Total System Jitter     (TSJ):    0.050ns
    Total Input Jitter      (TIJ):    0.000ns
    Discrete Jitter          (DJ):    0.000ns
    Phase Error              (PE):    0.000ns

    Location             Delay type                Incr(ns)  Path(ns)    Netlist Resource(s)
  -------------------------------------------------------------------    -------------------
    U18                                               0.000     0.000 r  reset (IN)
                         net (fo=0)                   0.000     0.000    reset
    U18                  IBUF (Prop_ibuf_I_O)         1.441     1.441 r  reset_IBUF_inst/O
                         net (fo=21, routed)          3.474     4.916    SEVEN_SEGMENT_DISPLAY/DIGIT_SELECTOR/reset_IBUF
    SLICE_X60Y23         FDSE                                         r  SEVEN_SEGMENT_DISPLAY/DIGIT_SELECTOR/q_reg[1]/S
  -------------------------------------------------------------------    -------------------

                         (clock sys_clk_pin rise edge)
                                                      0.000     0.000 r  
    W5                                                0.000     0.000 r  clk (IN)
                         net (fo=0)                   0.000     0.000    clk
    W5                   IBUF (Prop_ibuf_I_O)         1.388     1.388 r  clk_IBUF_inst/O
                         net (fo=1, routed)           1.862     3.250    clk_IBUF
    BUFGCTRL_X0Y0        BUFG (Prop_bufg_I_O)         0.091     3.341 r  clk_IBUF_BUFG_inst/O
                         net (fo=21, routed)          1.503     4.844    SEVEN_SEGMENT_DISPLAY/DIGIT_SELECTOR/clk_IBUF_BUFG
    SLICE_X60Y23         FDSE                                         r  SEVEN_SEGMENT_DISPLAY/DIGIT_SELECTOR/q_reg[1]/C

Slack:                    inf
  Source:                 reset
                            (input port)
  Destination:            SEVEN_SEGMENT_DISPLAY/DIGIT_SELECTOR/q_reg[2]/S
                            (rising edge-triggered cell FDSE clocked by sys_clk_pin  {rise@0.000ns fall@5.000ns period=10.000ns})
  Path Group:             (none)
  Path Type:              Setup (Max at Slow Process Corner)
  Data Path Delay:        4.916ns  (logic 1.441ns (29.320%)  route 3.474ns (70.680%))
  Logic Levels:           1  (IBUF=1)
  Clock Path Skew:        4.844ns (DCD - SCD + CPR)
    Destination Clock Delay (DCD):    4.844ns
    Source Clock Delay      (SCD):    0.000ns
    Clock Pessimism Removal (CPR):    0.000ns
  Clock Uncertainty:      0.025ns  ((TSJ^2 + TIJ^2)^1/2 + DJ) / 2 + PE
    Total System Jitter     (TSJ):    0.050ns
    Total Input Jitter      (TIJ):    0.000ns
    Discrete Jitter          (DJ):    0.000ns
    Phase Error              (PE):    0.000ns

    Location             Delay type                Incr(ns)  Path(ns)    Netlist Resource(s)
  -------------------------------------------------------------------    -------------------
    U18                                               0.000     0.000 r  reset (IN)
                         net (fo=0)                   0.000     0.000    reset
    U18                  IBUF (Prop_ibuf_I_O)         1.441     1.441 r  reset_IBUF_inst/O
                         net (fo=21, routed)          3.474     4.916    SEVEN_SEGMENT_DISPLAY/DIGIT_SELECTOR/reset_IBUF
    SLICE_X61Y23         FDSE                                         r  SEVEN_SEGMENT_DISPLAY/DIGIT_SELECTOR/q_reg[2]/S
  -------------------------------------------------------------------    -------------------

                         (clock sys_clk_pin rise edge)
                                                      0.000     0.000 r  
    W5                                                0.000     0.000 r  clk (IN)
                         net (fo=0)                   0.000     0.000    clk
    W5                   IBUF (Prop_ibuf_I_O)         1.388     1.388 r  clk_IBUF_inst/O
                         net (fo=1, routed)           1.862     3.250    clk_IBUF
    BUFGCTRL_X0Y0        BUFG (Prop_bufg_I_O)         0.091     3.341 r  clk_IBUF_BUFG_inst/O
                         net (fo=21, routed)          1.503     4.844    SEVEN_SEGMENT_DISPLAY/DIGIT_SELECTOR/clk_IBUF_BUFG
    SLICE_X61Y23         FDSE                                         r  SEVEN_SEGMENT_DISPLAY/DIGIT_SELECTOR/q_reg[2]/C

Slack:                    inf
  Source:                 reset
                            (input port)
  Destination:            SEVEN_SEGMENT_DISPLAY/DIGIT_SELECTOR/count_reg[10]/R
                            (rising edge-triggered cell FDRE clocked by sys_clk_pin  {rise@0.000ns fall@5.000ns period=10.000ns})
  Path Group:             (none)
  Path Type:              Setup (Max at Slow Process Corner)
  Data Path Delay:        4.601ns  (logic 1.441ns (31.327%)  route 3.159ns (68.673%))
  Logic Levels:           1  (IBUF=1)
  Clock Path Skew:        4.847ns (DCD - SCD + CPR)
    Destination Clock Delay (DCD):    4.847ns
    Source Clock Delay      (SCD):    0.000ns
    Clock Pessimism Removal (CPR):    0.000ns
  Clock Uncertainty:      0.025ns  ((TSJ^2 + TIJ^2)^1/2 + DJ) / 2 + PE
    Total System Jitter     (TSJ):    0.050ns
    Total Input Jitter      (TIJ):    0.000ns
    Discrete Jitter          (DJ):    0.000ns
    Phase Error              (PE):    0.000ns

    Location             Delay type                Incr(ns)  Path(ns)    Netlist Resource(s)
  -------------------------------------------------------------------    -------------------
    U18                                               0.000     0.000 r  reset (IN)
                         net (fo=0)                   0.000     0.000    reset
    U18                  IBUF (Prop_ibuf_I_O)         1.441     1.441 r  reset_IBUF_inst/O
                         net (fo=21, routed)          3.159     4.601    SEVEN_SEGMENT_DISPLAY/DIGIT_SELECTOR/reset_IBUF
    SLICE_X59Y21         FDRE                                         r  SEVEN_SEGMENT_DISPLAY/DIGIT_SELECTOR/count_reg[10]/R
  -------------------------------------------------------------------    -------------------

                         (clock sys_clk_pin rise edge)
                                                      0.000     0.000 r  
    W5                                                0.000     0.000 r  clk (IN)
                         net (fo=0)                   0.000     0.000    clk
    W5                   IBUF (Prop_ibuf_I_O)         1.388     1.388 r  clk_IBUF_inst/O
                         net (fo=1, routed)           1.862     3.250    clk_IBUF
    BUFGCTRL_X0Y0        BUFG (Prop_bufg_I_O)         0.091     3.341 r  clk_IBUF_BUFG_inst/O
                         net (fo=21, routed)          1.506     4.847    SEVEN_SEGMENT_DISPLAY/DIGIT_SELECTOR/clk_IBUF_BUFG
    SLICE_X59Y21         FDRE                                         r  SEVEN_SEGMENT_DISPLAY/DIGIT_SELECTOR/count_reg[10]/C





Min Delay Paths
--------------------------------------------------------------------------------------
Slack:                    inf
  Source:                 reset
                            (input port)
  Destination:            SEVEN_SEGMENT_DISPLAY/DIGIT_SELECTOR/count_reg[0]/R
                            (rising edge-triggered cell FDRE clocked by sys_clk_pin  {rise@0.000ns fall@5.000ns period=10.000ns})
  Path Group:             (none)
  Path Type:              Hold (Min at Fast Process Corner)
  Data Path Delay:        1.564ns  (logic 0.210ns (13.393%)  route 1.355ns (86.607%))
  Logic Levels:           1  (IBUF=1)
  Clock Path Skew:        1.981ns (DCD - SCD - CPR)
    Destination Clock Delay (DCD):    1.981ns
    Source Clock Delay      (SCD):    0.000ns
    Clock Pessimism Removal (CPR):    -0.000ns

    Location             Delay type                Incr(ns)  Path(ns)    Netlist Resource(s)
  -------------------------------------------------------------------    -------------------
    U18                                               0.000     0.000 r  reset (IN)
                         net (fo=0)                   0.000     0.000    reset
    U18                  IBUF (Prop_ibuf_I_O)         0.210     0.210 r  reset_IBUF_inst/O
                         net (fo=21, routed)          1.355     1.564    SEVEN_SEGMENT_DISPLAY/DIGIT_SELECTOR/reset_IBUF
    SLICE_X59Y19         FDRE                                         r  SEVEN_SEGMENT_DISPLAY/DIGIT_SELECTOR/count_reg[0]/R
  -------------------------------------------------------------------    -------------------

                         (clock sys_clk_pin rise edge)
                                                      0.000     0.000 r  
    W5                                                0.000     0.000 r  clk (IN)
                         net (fo=0)                   0.000     0.000    clk
    W5                   IBUF (Prop_ibuf_I_O)         0.414     0.414 r  clk_IBUF_inst/O
                         net (fo=1, routed)           0.685     1.099    clk_IBUF
    BUFGCTRL_X0Y0        BUFG (Prop_bufg_I_O)         0.029     1.128 r  clk_IBUF_BUFG_inst/O
                         net (fo=21, routed)          0.854     1.981    SEVEN_SEGMENT_DISPLAY/DIGIT_SELECTOR/clk_IBUF_BUFG
    SLICE_X59Y19         FDRE                                         r  SEVEN_SEGMENT_DISPLAY/DIGIT_SELECTOR/count_reg[0]/C

Slack:                    inf
  Source:                 reset
                            (input port)
  Destination:            SEVEN_SEGMENT_DISPLAY/DIGIT_SELECTOR/count_reg[1]/R
                            (rising edge-triggered cell FDRE clocked by sys_clk_pin  {rise@0.000ns fall@5.000ns period=10.000ns})
  Path Group:             (none)
  Path Type:              Hold (Min at Fast Process Corner)
  Data Path Delay:        1.564ns  (logic 0.210ns (13.393%)  route 1.355ns (86.607%))
  Logic Levels:           1  (IBUF=1)
  Clock Path Skew:        1.981ns (DCD - SCD - CPR)
    Destination Clock Delay (DCD):    1.981ns
    Source Clock Delay      (SCD):    0.000ns
    Clock Pessimism Removal (CPR):    -0.000ns

    Location             Delay type                Incr(ns)  Path(ns)    Netlist Resource(s)
  -------------------------------------------------------------------    -------------------
    U18                                               0.000     0.000 r  reset (IN)
                         net (fo=0)                   0.000     0.000    reset
    U18                  IBUF (Prop_ibuf_I_O)         0.210     0.210 r  reset_IBUF_inst/O
                         net (fo=21, routed)          1.355     1.564    SEVEN_SEGMENT_DISPLAY/DIGIT_SELECTOR/reset_IBUF
    SLICE_X59Y19         FDRE                                         r  SEVEN_SEGMENT_DISPLAY/DIGIT_SELECTOR/count_reg[1]/R
  -------------------------------------------------------------------    -------------------

                         (clock sys_clk_pin rise edge)
                                                      0.000     0.000 r  
    W5                                                0.000     0.000 r  clk (IN)
                         net (fo=0)                   0.000     0.000    clk
    W5                   IBUF (Prop_ibuf_I_O)         0.414     0.414 r  clk_IBUF_inst/O
                         net (fo=1, routed)           0.685     1.099    clk_IBUF
    BUFGCTRL_X0Y0        BUFG (Prop_bufg_I_O)         0.029     1.128 r  clk_IBUF_BUFG_inst/O
                         net (fo=21, routed)          0.854     1.981    SEVEN_SEGMENT_DISPLAY/DIGIT_SELECTOR/clk_IBUF_BUFG
    SLICE_X59Y19         FDRE                                         r  SEVEN_SEGMENT_DISPLAY/DIGIT_SELECTOR/count_reg[1]/C

Slack:                    inf
  Source:                 reset
                            (input port)
  Destination:            SEVEN_SEGMENT_DISPLAY/DIGIT_SELECTOR/count_reg[2]/R
                            (rising edge-triggered cell FDRE clocked by sys_clk_pin  {rise@0.000ns fall@5.000ns period=10.000ns})
  Path Group:             (none)
  Path Type:              Hold (Min at Fast Process Corner)
  Data Path Delay:        1.564ns  (logic 0.210ns (13.393%)  route 1.355ns (86.607%))
  Logic Levels:           1  (IBUF=1)
  Clock Path Skew:        1.981ns (DCD - SCD - CPR)
    Destination Clock Delay (DCD):    1.981ns
    Source Clock Delay      (SCD):    0.000ns
    Clock Pessimism Removal (CPR):    -0.000ns

    Location             Delay type                Incr(ns)  Path(ns)    Netlist Resource(s)
  -------------------------------------------------------------------    -------------------
    U18                                               0.000     0.000 r  reset (IN)
                         net (fo=0)                   0.000     0.000    reset
    U18                  IBUF (Prop_ibuf_I_O)         0.210     0.210 r  reset_IBUF_inst/O
                         net (fo=21, routed)          1.355     1.564    SEVEN_SEGMENT_DISPLAY/DIGIT_SELECTOR/reset_IBUF
    SLICE_X59Y19         FDRE                                         r  SEVEN_SEGMENT_DISPLAY/DIGIT_SELECTOR/count_reg[2]/R
  -------------------------------------------------------------------    -------------------

                         (clock sys_clk_pin rise edge)
                                                      0.000     0.000 r  
    W5                                                0.000     0.000 r  clk (IN)
                         net (fo=0)                   0.000     0.000    clk
    W5                   IBUF (Prop_ibuf_I_O)         0.414     0.414 r  clk_IBUF_inst/O
                         net (fo=1, routed)           0.685     1.099    clk_IBUF
    BUFGCTRL_X0Y0        BUFG (Prop_bufg_I_O)         0.029     1.128 r  clk_IBUF_BUFG_inst/O
                         net (fo=21, routed)          0.854     1.981    SEVEN_SEGMENT_DISPLAY/DIGIT_SELECTOR/clk_IBUF_BUFG
    SLICE_X59Y19         FDRE                                         r  SEVEN_SEGMENT_DISPLAY/DIGIT_SELECTOR/count_reg[2]/C

Slack:                    inf
  Source:                 reset
                            (input port)
  Destination:            SEVEN_SEGMENT_DISPLAY/DIGIT_SELECTOR/count_reg[3]/R
                            (rising edge-triggered cell FDRE clocked by sys_clk_pin  {rise@0.000ns fall@5.000ns period=10.000ns})
  Path Group:             (none)
  Path Type:              Hold (Min at Fast Process Corner)
  Data Path Delay:        1.564ns  (logic 0.210ns (13.393%)  route 1.355ns (86.607%))
  Logic Levels:           1  (IBUF=1)
  Clock Path Skew:        1.981ns (DCD - SCD - CPR)
    Destination Clock Delay (DCD):    1.981ns
    Source Clock Delay      (SCD):    0.000ns
    Clock Pessimism Removal (CPR):    -0.000ns

    Location             Delay type                Incr(ns)  Path(ns)    Netlist Resource(s)
  -------------------------------------------------------------------    -------------------
    U18                                               0.000     0.000 r  reset (IN)
                         net (fo=0)                   0.000     0.000    reset
    U18                  IBUF (Prop_ibuf_I_O)         0.210     0.210 r  reset_IBUF_inst/O
                         net (fo=21, routed)          1.355     1.564    SEVEN_SEGMENT_DISPLAY/DIGIT_SELECTOR/reset_IBUF
    SLICE_X59Y19         FDRE                                         r  SEVEN_SEGMENT_DISPLAY/DIGIT_SELECTOR/count_reg[3]/R
  -------------------------------------------------------------------    -------------------

                         (clock sys_clk_pin rise edge)
                                                      0.000     0.000 r  
    W5                                                0.000     0.000 r  clk (IN)
                         net (fo=0)                   0.000     0.000    clk
    W5                   IBUF (Prop_ibuf_I_O)         0.414     0.414 r  clk_IBUF_inst/O
                         net (fo=1, routed)           0.685     1.099    clk_IBUF
    BUFGCTRL_X0Y0        BUFG (Prop_bufg_I_O)         0.029     1.128 r  clk_IBUF_BUFG_inst/O
                         net (fo=21, routed)          0.854     1.981    SEVEN_SEGMENT_DISPLAY/DIGIT_SELECTOR/clk_IBUF_BUFG
    SLICE_X59Y19         FDRE                                         r  SEVEN_SEGMENT_DISPLAY/DIGIT_SELECTOR/count_reg[3]/C

Slack:                    inf
  Source:                 reset
                            (input port)
  Destination:            SEVEN_SEGMENT_DISPLAY/DIGIT_SELECTOR/count_reg[4]/R
                            (rising edge-triggered cell FDRE clocked by sys_clk_pin  {rise@0.000ns fall@5.000ns period=10.000ns})
  Path Group:             (none)
  Path Type:              Hold (Min at Fast Process Corner)
  Data Path Delay:        1.628ns  (logic 0.210ns (12.873%)  route 1.418ns (87.127%))
  Logic Levels:           1  (IBUF=1)
  Clock Path Skew:        1.980ns (DCD - SCD - CPR)
    Destination Clock Delay (DCD):    1.980ns
    Source Clock Delay      (SCD):    0.000ns
    Clock Pessimism Removal (CPR):    -0.000ns

    Location             Delay type                Incr(ns)  Path(ns)    Netlist Resource(s)
  -------------------------------------------------------------------    -------------------
    U18                                               0.000     0.000 r  reset (IN)
                         net (fo=0)                   0.000     0.000    reset
    U18                  IBUF (Prop_ibuf_I_O)         0.210     0.210 r  reset_IBUF_inst/O
                         net (fo=21, routed)          1.418     1.628    SEVEN_SEGMENT_DISPLAY/DIGIT_SELECTOR/reset_IBUF
    SLICE_X59Y20         FDRE                                         r  SEVEN_SEGMENT_DISPLAY/DIGIT_SELECTOR/count_reg[4]/R
  -------------------------------------------------------------------    -------------------

                         (clock sys_clk_pin rise edge)
                                                      0.000     0.000 r  
    W5                                                0.000     0.000 r  clk (IN)
                         net (fo=0)                   0.000     0.000    clk
    W5                   IBUF (Prop_ibuf_I_O)         0.414     0.414 r  clk_IBUF_inst/O
                         net (fo=1, routed)           0.685     1.099    clk_IBUF
    BUFGCTRL_X0Y0        BUFG (Prop_bufg_I_O)         0.029     1.128 r  clk_IBUF_BUFG_inst/O
                         net (fo=21, routed)          0.853     1.980    SEVEN_SEGMENT_DISPLAY/DIGIT_SELECTOR/clk_IBUF_BUFG
    SLICE_X59Y20         FDRE                                         r  SEVEN_SEGMENT_DISPLAY/DIGIT_SELECTOR/count_reg[4]/C

Slack:                    inf
  Source:                 reset
                            (input port)
  Destination:            SEVEN_SEGMENT_DISPLAY/DIGIT_SELECTOR/count_reg[5]/R
                            (rising edge-triggered cell FDRE clocked by sys_clk_pin  {rise@0.000ns fall@5.000ns period=10.000ns})
  Path Group:             (none)
  Path Type:              Hold (Min at Fast Process Corner)
  Data Path Delay:        1.628ns  (logic 0.210ns (12.873%)  route 1.418ns (87.127%))
  Logic Levels:           1  (IBUF=1)
  Clock Path Skew:        1.980ns (DCD - SCD - CPR)
    Destination Clock Delay (DCD):    1.980ns
    Source Clock Delay      (SCD):    0.000ns
    Clock Pessimism Removal (CPR):    -0.000ns

    Location             Delay type                Incr(ns)  Path(ns)    Netlist Resource(s)
  -------------------------------------------------------------------    -------------------
    U18                                               0.000     0.000 r  reset (IN)
                         net (fo=0)                   0.000     0.000    reset
    U18                  IBUF (Prop_ibuf_I_O)         0.210     0.210 r  reset_IBUF_inst/O
                         net (fo=21, routed)          1.418     1.628    SEVEN_SEGMENT_DISPLAY/DIGIT_SELECTOR/reset_IBUF
    SLICE_X59Y20         FDRE                                         r  SEVEN_SEGMENT_DISPLAY/DIGIT_SELECTOR/count_reg[5]/R
  -------------------------------------------------------------------    -------------------

                         (clock sys_clk_pin rise edge)
                                                      0.000     0.000 r  
    W5                                                0.000     0.000 r  clk (IN)
                         net (fo=0)                   0.000     0.000    clk
    W5                   IBUF (Prop_ibuf_I_O)         0.414     0.414 r  clk_IBUF_inst/O
                         net (fo=1, routed)           0.685     1.099    clk_IBUF
    BUFGCTRL_X0Y0        BUFG (Prop_bufg_I_O)         0.029     1.128 r  clk_IBUF_BUFG_inst/O
                         net (fo=21, routed)          0.853     1.980    SEVEN_SEGMENT_DISPLAY/DIGIT_SELECTOR/clk_IBUF_BUFG
    SLICE_X59Y20         FDRE                                         r  SEVEN_SEGMENT_DISPLAY/DIGIT_SELECTOR/count_reg[5]/C

Slack:                    inf
  Source:                 reset
                            (input port)
  Destination:            SEVEN_SEGMENT_DISPLAY/DIGIT_SELECTOR/count_reg[6]/R
                            (rising edge-triggered cell FDRE clocked by sys_clk_pin  {rise@0.000ns fall@5.000ns period=10.000ns})
  Path Group:             (none)
  Path Type:              Hold (Min at Fast Process Corner)
  Data Path Delay:        1.628ns  (logic 0.210ns (12.873%)  route 1.418ns (87.127%))
  Logic Levels:           1  (IBUF=1)
  Clock Path Skew:        1.980ns (DCD - SCD - CPR)
    Destination Clock Delay (DCD):    1.980ns
    Source Clock Delay      (SCD):    0.000ns
    Clock Pessimism Removal (CPR):    -0.000ns

    Location             Delay type                Incr(ns)  Path(ns)    Netlist Resource(s)
  -------------------------------------------------------------------    -------------------
    U18                                               0.000     0.000 r  reset (IN)
                         net (fo=0)                   0.000     0.000    reset
    U18                  IBUF (Prop_ibuf_I_O)         0.210     0.210 r  reset_IBUF_inst/O
                         net (fo=21, routed)          1.418     1.628    SEVEN_SEGMENT_DISPLAY/DIGIT_SELECTOR/reset_IBUF
    SLICE_X59Y20         FDRE                                         r  SEVEN_SEGMENT_DISPLAY/DIGIT_SELECTOR/count_reg[6]/R
  -------------------------------------------------------------------    -------------------

                         (clock sys_clk_pin rise edge)
                                                      0.000     0.000 r  
    W5                                                0.000     0.000 r  clk (IN)
                         net (fo=0)                   0.000     0.000    clk
    W5                   IBUF (Prop_ibuf_I_O)         0.414     0.414 r  clk_IBUF_inst/O
                         net (fo=1, routed)           0.685     1.099    clk_IBUF
    BUFGCTRL_X0Y0        BUFG (Prop_bufg_I_O)         0.029     1.128 r  clk_IBUF_BUFG_inst/O
                         net (fo=21, routed)          0.853     1.980    SEVEN_SEGMENT_DISPLAY/DIGIT_SELECTOR/clk_IBUF_BUFG
    SLICE_X59Y20         FDRE                                         r  SEVEN_SEGMENT_DISPLAY/DIGIT_SELECTOR/count_reg[6]/C

Slack:                    inf
  Source:                 reset
                            (input port)
  Destination:            SEVEN_SEGMENT_DISPLAY/DIGIT_SELECTOR/count_reg[7]/R
                            (rising edge-triggered cell FDRE clocked by sys_clk_pin  {rise@0.000ns fall@5.000ns period=10.000ns})
  Path Group:             (none)
  Path Type:              Hold (Min at Fast Process Corner)
  Data Path Delay:        1.628ns  (logic 0.210ns (12.873%)  route 1.418ns (87.127%))
  Logic Levels:           1  (IBUF=1)
  Clock Path Skew:        1.980ns (DCD - SCD - CPR)
    Destination Clock Delay (DCD):    1.980ns
    Source Clock Delay      (SCD):    0.000ns
    Clock Pessimism Removal (CPR):    -0.000ns

    Location             Delay type                Incr(ns)  Path(ns)    Netlist Resource(s)
  -------------------------------------------------------------------    -------------------
    U18                                               0.000     0.000 r  reset (IN)
                         net (fo=0)                   0.000     0.000    reset
    U18                  IBUF (Prop_ibuf_I_O)         0.210     0.210 r  reset_IBUF_inst/O
                         net (fo=21, routed)          1.418     1.628    SEVEN_SEGMENT_DISPLAY/DIGIT_SELECTOR/reset_IBUF
    SLICE_X59Y20         FDRE                                         r  SEVEN_SEGMENT_DISPLAY/DIGIT_SELECTOR/count_reg[7]/R
  -------------------------------------------------------------------    -------------------

                         (clock sys_clk_pin rise edge)
                                                      0.000     0.000 r  
    W5                                                0.000     0.000 r  clk (IN)
                         net (fo=0)                   0.000     0.000    clk
    W5                   IBUF (Prop_ibuf_I_O)         0.414     0.414 r  clk_IBUF_inst/O
                         net (fo=1, routed)           0.685     1.099    clk_IBUF
    BUFGCTRL_X0Y0        BUFG (Prop_bufg_I_O)         0.029     1.128 r  clk_IBUF_BUFG_inst/O
                         net (fo=21, routed)          0.853     1.980    SEVEN_SEGMENT_DISPLAY/DIGIT_SELECTOR/clk_IBUF_BUFG
    SLICE_X59Y20         FDRE                                         r  SEVEN_SEGMENT_DISPLAY/DIGIT_SELECTOR/count_reg[7]/C

Slack:                    inf
  Source:                 reset
                            (input port)
  Destination:            SEVEN_SEGMENT_DISPLAY/DIGIT_SELECTOR/count_reg[10]/R
                            (rising edge-triggered cell FDRE clocked by sys_clk_pin  {rise@0.000ns fall@5.000ns period=10.000ns})
  Path Group:             (none)
  Path Type:              Hold (Min at Fast Process Corner)
  Data Path Delay:        1.691ns  (logic 0.210ns (12.390%)  route 1.481ns (87.610%))
  Logic Levels:           1  (IBUF=1)
  Clock Path Skew:        1.979ns (DCD - SCD - CPR)
    Destination Clock Delay (DCD):    1.979ns
    Source Clock Delay      (SCD):    0.000ns
    Clock Pessimism Removal (CPR):    -0.000ns

    Location             Delay type                Incr(ns)  Path(ns)    Netlist Resource(s)
  -------------------------------------------------------------------    -------------------
    U18                                               0.000     0.000 r  reset (IN)
                         net (fo=0)                   0.000     0.000    reset
    U18                  IBUF (Prop_ibuf_I_O)         0.210     0.210 r  reset_IBUF_inst/O
                         net (fo=21, routed)          1.481     1.691    SEVEN_SEGMENT_DISPLAY/DIGIT_SELECTOR/reset_IBUF
    SLICE_X59Y21         FDRE                                         r  SEVEN_SEGMENT_DISPLAY/DIGIT_SELECTOR/count_reg[10]/R
  -------------------------------------------------------------------    -------------------

                         (clock sys_clk_pin rise edge)
                                                      0.000     0.000 r  
    W5                                                0.000     0.000 r  clk (IN)
                         net (fo=0)                   0.000     0.000    clk
    W5                   IBUF (Prop_ibuf_I_O)         0.414     0.414 r  clk_IBUF_inst/O
                         net (fo=1, routed)           0.685     1.099    clk_IBUF
    BUFGCTRL_X0Y0        BUFG (Prop_bufg_I_O)         0.029     1.128 r  clk_IBUF_BUFG_inst/O
                         net (fo=21, routed)          0.852     1.979    SEVEN_SEGMENT_DISPLAY/DIGIT_SELECTOR/clk_IBUF_BUFG
    SLICE_X59Y21         FDRE                                         r  SEVEN_SEGMENT_DISPLAY/DIGIT_SELECTOR/count_reg[10]/C

Slack:                    inf
  Source:                 reset
                            (input port)
  Destination:            SEVEN_SEGMENT_DISPLAY/DIGIT_SELECTOR/count_reg[11]/R
                            (rising edge-triggered cell FDRE clocked by sys_clk_pin  {rise@0.000ns fall@5.000ns period=10.000ns})
  Path Group:             (none)
  Path Type:              Hold (Min at Fast Process Corner)
  Data Path Delay:        1.691ns  (logic 0.210ns (12.390%)  route 1.481ns (87.610%))
  Logic Levels:           1  (IBUF=1)
  Clock Path Skew:        1.979ns (DCD - SCD - CPR)
    Destination Clock Delay (DCD):    1.979ns
    Source Clock Delay      (SCD):    0.000ns
    Clock Pessimism Removal (CPR):    -0.000ns

    Location             Delay type                Incr(ns)  Path(ns)    Netlist Resource(s)
  -------------------------------------------------------------------    -------------------
    U18                                               0.000     0.000 r  reset (IN)
                         net (fo=0)                   0.000     0.000    reset
    U18                  IBUF (Prop_ibuf_I_O)         0.210     0.210 r  reset_IBUF_inst/O
                         net (fo=21, routed)          1.481     1.691    SEVEN_SEGMENT_DISPLAY/DIGIT_SELECTOR/reset_IBUF
    SLICE_X59Y21         FDRE                                         r  SEVEN_SEGMENT_DISPLAY/DIGIT_SELECTOR/count_reg[11]/R
  -------------------------------------------------------------------    -------------------

                         (clock sys_clk_pin rise edge)
                                                      0.000     0.000 r  
    W5                                                0.000     0.000 r  clk (IN)
                         net (fo=0)                   0.000     0.000    clk
    W5                   IBUF (Prop_ibuf_I_O)         0.414     0.414 r  clk_IBUF_inst/O
                         net (fo=1, routed)           0.685     1.099    clk_IBUF
    BUFGCTRL_X0Y0        BUFG (Prop_bufg_I_O)         0.029     1.128 r  clk_IBUF_BUFG_inst/O
                         net (fo=21, routed)          0.852     1.979    SEVEN_SEGMENT_DISPLAY/DIGIT_SELECTOR/clk_IBUF_BUFG
    SLICE_X59Y21         FDRE                                         r  SEVEN_SEGMENT_DISPLAY/DIGIT_SELECTOR/count_reg[11]/C





