#-----------------------------------------------------------
# Vivado v2025.1 (64-bit)
# SW Build 6140274 on Thu May 22 00:12:29 MDT 2025
# IP Build 6138677 on Thu May 22 03:10:11 MDT 2025
# SharedData Build 6139179 on Tue May 20 17:58:58 MDT 2025
# Start of session at: Thu Sep 17 17:21:49 2026
# Process ID         : 6240
# Current directory  : C:/Users/activ/OneDrive/Document/GitHub/ENEL453/Lab1B/Lab_1b
# Command line       : vivado.exe -gui_launcher_event rodinguilauncherevent30112 C:\Users\activ\OneDrive\Document\GitHub\ENEL453\Lab1B\Lab_1b\Lab_1b.xpr
# Log file           : C:/Users/activ/OneDrive/Document/GitHub/ENEL453/Lab1B/Lab_1b/vivado.log
# Journal file       : C:/Users/activ/OneDrive/Document/GitHub/ENEL453/Lab1B/Lab_1b\vivado.jou
# Running On         : akaangelchan
# Platform           : Windows Server 2016 or Windows 10
# Operating System   : 26200
# Processor Detail   : Intel(R) Core(TM) 7 150U
# CPU Frequency      : 2611 MHz
# CPU Physical cores : 10
# CPU Logical cores  : 12
# Host memory        : 16849 MB
# Swap memory        : 34359 MB
# Total Virtual      : 51208 MB
# Available Virtual  : 29268 MB
#-----------------------------------------------------------
start_gui
open_project C:/Users/activ/OneDrive/Document/GitHub/ENEL453/Lab1B/Lab_1b/Lab_1b.xpr
WARNING: [Board 49-26] cannot add Board Part xilinx.com:emb-plus-vpr-4616:part0:1.0 available at C:/Xilinx/2025.1/data/xhub/boards\XilinxBoardStore\boards\Xilinx\emb-plus-vpr-4616\1.0\board.xml as part xcve2302-sfva784-2mp-e-s specified in board_part file is either invalid or not available
WARNING: [Board 49-26] cannot add Board Part xilinx.com:emb-plus-vpr-4616:part0:1.1 available at C:/Xilinx/2025.1/data/xhub/boards\XilinxBoardStore\boards\Xilinx\emb-plus-vpr-4616\1.1\board.xml as part xcve2302-sfva784-2mp-e-s specified in board_part file is either invalid or not available
WARNING: [Board 49-26] cannot add Board Part xilinx.com:k24c:part0:1.0 available at C:/Xilinx/2025.1/data/xhub/boards\XilinxBoardStore\boards\Xilinx\k24c\1.0\board.xml as part xck24-ubva530-2lv-c specified in board_part file is either invalid or not available
WARNING: [Board 49-26] cannot add Board Part xilinx.com:k24c:part0:1.1 available at C:/Xilinx/2025.1/data/xhub/boards\XilinxBoardStore\boards\Xilinx\k24c\1.1\board.xml as part xck24-ubva530-2lv-c specified in board_part file is either invalid or not available
WARNING: [Board 49-26] cannot add Board Part xilinx.com:k24i:part0:1.0 available at C:/Xilinx/2025.1/data/xhub/boards\XilinxBoardStore\boards\Xilinx\k24i\1.0\board.xml as part xck24-ubva530-2lvi-i specified in board_part file is either invalid or not available
WARNING: [Board 49-26] cannot add Board Part xilinx.com:k26c:part0:1.2 available at C:/Xilinx/2025.1/data/xhub/boards\XilinxBoardStore\boards\Xilinx\k26c\1.2\board.xml as part xck26-sfvc784-2lv-c specified in board_part file is either invalid or not available
WARNING: [Board 49-26] cannot add Board Part xilinx.com:k26c:part0:1.3 available at C:/Xilinx/2025.1/data/xhub/boards\XilinxBoardStore\boards\Xilinx\k26c\1.3\board.xml as part xck26-sfvc784-2lv-c specified in board_part file is either invalid or not available
WARNING: [Board 49-26] cannot add Board Part xilinx.com:k26c:part0:1.4 available at C:/Xilinx/2025.1/data/xhub/boards\XilinxBoardStore\boards\Xilinx\k26c\1.4\board.xml as part xck26-sfvc784-2lv-c specified in board_part file is either invalid or not available
WARNING: [Board 49-26] cannot add Board Part xilinx.com:k26i:part0:1.2 available at C:/Xilinx/2025.1/data/xhub/boards\XilinxBoardStore\boards\Xilinx\k26i\1.2\board.xml as part xck26-sfvc784-2lvi-i specified in board_part file is either invalid or not available
WARNING: [Board 49-26] cannot add Board Part xilinx.com:k26i:part0:1.3 available at C:/Xilinx/2025.1/data/xhub/boards\XilinxBoardStore\boards\Xilinx\k26i\1.3\board.xml as part xck26-sfvc784-2lvi-i specified in board_part file is either invalid or not available
WARNING: [Board 49-26] cannot add Board Part xilinx.com:k26i:part0:1.4 available at C:/Xilinx/2025.1/data/xhub/boards\XilinxBoardStore\boards\Xilinx\k26i\1.4\board.xml as part xck26-sfvc784-2lvi-i specified in board_part file is either invalid or not available
WARNING: [Board 49-26] cannot add Board Part xilinx.com:kcu105:part0:1.6 available at C:/Xilinx/2025.1/data/xhub/boards\XilinxBoardStore\boards\Xilinx\kcu105\1.6\board.xml as part xcku040-ffva1156-2-e specified in board_part file is either invalid or not available
WARNING: [Board 49-26] cannot add Board Part xilinx.com:kcu105:part0:1.7 available at C:/Xilinx/2025.1/data/xhub/boards\XilinxBoardStore\boards\Xilinx\kcu105\1.7\board.xml as part xcku040-ffva1156-2-e specified in board_part file is either invalid or not available
WARNING: [Board 49-26] cannot add Board Part xilinx.com:kcu116:part0:1.4 available at C:/Xilinx/2025.1/data/xhub/boards\XilinxBoardStore\boards\Xilinx\kcu116\1.4\board.xml as part xcku5p-ffvb676-2-e specified in board_part file is either invalid or not available
WARNING: [Board 49-26] cannot add Board Part xilinx.com:kcu116:part0:1.5 available at C:/Xilinx/2025.1/data/xhub/boards\XilinxBoardStore\boards\Xilinx\kcu116\1.5\board.xml as part xcku5p-ffvb676-2-e specified in board_part file is either invalid or not available
WARNING: [Board 49-26] cannot add Board Part xilinx.com:kcu1500:part0:1.2 available at C:/Xilinx/2025.1/data/xhub/boards\XilinxBoardStore\boards\Xilinx\kcu1500\1.2\board.xml as part xcku115-flvb2104-2-e specified in board_part file is either invalid or not available
WARNING: [Board 49-26] cannot add Board Part xilinx.com:kd240_som:part0:1.0 available at C:/Xilinx/2025.1/data/xhub/boards\XilinxBoardStore\boards\Xilinx\kd240_som\1.0\board.xml as part xck24-ubva530-2lv-c specified in board_part file is either invalid or not available
WARNING: [Board 49-26] cannot add Board Part xilinx.com:kd240_som:part0:1.1 available at C:/Xilinx/2025.1/data/xhub/boards\XilinxBoardStore\boards\Xilinx\kd240_som\1.1\board.xml as part xck24-ubva530-2lv-c specified in board_part file is either invalid or not available
WARNING: [Board 49-26] cannot add Board Part xilinx.com:kr260_som:part0:1.0 available at C:/Xilinx/2025.1/data/xhub/boards\XilinxBoardStore\boards\Xilinx\kr260_som\1.0\board.xml as part xck26-sfvc784-2lv-c specified in board_part file is either invalid or not available
WARNING: [Board 49-26] cannot add Board Part xilinx.com:kr260_som:part0:1.1 available at C:/Xilinx/2025.1/data/xhub/boards\XilinxBoardStore\boards\Xilinx\kr260_som\1.1\board.xml as part xck26-sfvc784-2lv-c specified in board_part file is either invalid or not available
WARNING: [Board 49-26] cannot add Board Part xilinx.com:kv260_som:part0:1.2 available at C:/Xilinx/2025.1/data/xhub/boards\XilinxBoardStore\boards\Xilinx\kv260_som\1.2\board.xml as part xck26-sfvc784-2lv-c specified in board_part file is either invalid or not available
WARNING: [Board 49-26] cannot add Board Part xilinx.com:kv260_som:part0:1.3 available at C:/Xilinx/2025.1/data/xhub/boards\XilinxBoardStore\boards\Xilinx\kv260_som\1.3\board.xml as part xck26-sfvc784-2lv-c specified in board_part file is either invalid or not available
WARNING: [Board 49-26] cannot add Board Part xilinx.com:kv260_som:part0:1.4 available at C:/Xilinx/2025.1/data/xhub/boards\XilinxBoardStore\boards\Xilinx\kv260_som\1.4\board.xml as part xck26-sfvc784-2lv-c specified in board_part file is either invalid or not available
WARNING: [Board 49-26] cannot add Board Part xilinx.com:scu35:part0:1.0 available at C:/Xilinx/2025.1/data/xhub/boards\XilinxBoardStore\boards\Xilinx\scu35\1.0\board.xml as part xcsu35p-sbvb625-2-e specified in board_part file is either invalid or not available
WARNING: [Board 49-26] cannot add Board Part xilinx.com:v80:part0:1.0 available at C:/Xilinx/2025.1/data/xhub/boards\XilinxBoardStore\boards\Xilinx\v80\1.0\board.xml as part xcv80-lsva4737-2mhp-e-s specified in board_part file is either invalid or not available
WARNING: [Board 49-26] cannot add Board Part xilinx.com:vck190:part0:2.2 available at C:/Xilinx/2025.1/data/xhub/boards\XilinxBoardStore\boards\Xilinx\vck190\production\2.2\board.xml as part xcvc1902-vsva2197-2mp-e-s specified in board_part file is either invalid or not available
WARNING: [Board 49-26] cannot add Board Part xilinx.com:vck190:part0:3.0 available at C:/Xilinx/2025.1/data/xhub/boards\XilinxBoardStore\boards\Xilinx\vck190\production\3.0\board.xml as part xcvc1902-vsva2197-2mp-e-s specified in board_part file is either invalid or not available
WARNING: [Board 49-26] cannot add Board Part xilinx.com:vck190:part0:3.1 available at C:/Xilinx/2025.1/data/xhub/boards\XilinxBoardStore\boards\Xilinx\vck190\production\3.1\board.xml as part xcvc1902-vsva2197-2mp-e-s specified in board_part file is either invalid or not available
WARNING: [Board 49-26] cannot add Board Part xilinx.com:vck190:part0:3.2 available at C:/Xilinx/2025.1/data/xhub/boards\XilinxBoardStore\boards\Xilinx\vck190\production\3.2\board.xml as part xcvc1902-vsva2197-2mp-e-s specified in board_part file is either invalid or not available
WARNING: [Board 49-26] cannot add Board Part xilinx.com:vck190:part0:3.3 available at C:/Xilinx/2025.1/data/xhub/boards\XilinxBoardStore\boards\Xilinx\vck190\production\3.3\board.xml as part xcvc1902-vsva2197-2mp-e-s specified in board_part file is either invalid or not available
WARNING: [Board 49-26] cannot add Board Part xilinx.com:vck190:part0:3.4 available at C:/Xilinx/2025.1/data/xhub/boards\XilinxBoardStore\boards\Xilinx\vck190\production\3.4\board.xml as part xcvc1902-vsva2197-2mp-e-s specified in board_part file is either invalid or not available
WARNING: [Board 49-26] cannot add Board Part xilinx.com:vck190_newl:part0:1.0 available at C:/Xilinx/2025.1/data/xhub/boards\XilinxBoardStore\boards\Xilinx\vck190_newl\production\1.0\board.xml as part xcvc1902-vsva2197-2mp-e-s specified in board_part file is either invalid or not available
WARNING: [Board 49-26] cannot add Board Part xilinx.com:vck190_newl:part0:1.1 available at C:/Xilinx/2025.1/data/xhub/boards\XilinxBoardStore\boards\Xilinx\vck190_newl\production\1.1\board.xml as part xcvc1902-vsva2197-2mp-e-s specified in board_part file is either invalid or not available
WARNING: [Board 49-26] cannot add Board Part xilinx.com:vck190_newl:part0:1.2 available at C:/Xilinx/2025.1/data/xhub/boards\XilinxBoardStore\boards\Xilinx\vck190_newl\production\1.2\board.xml as part xcvc1902-vsva2197-2mp-e-s specified in board_part file is either invalid or not available
WARNING: [Board 49-26] cannot add Board Part xilinx.com:vck190_newl:part0:1.3 available at C:/Xilinx/2025.1/data/xhub/boards\XilinxBoardStore\boards\Xilinx\vck190_newl\production\1.3\board.xml as part xcvc1902-vsva2197-2mp-e-s specified in board_part file is either invalid or not available
WARNING: [Board 49-26] cannot add Board Part xilinx.com:vcu108:part0:1.6 available at C:/Xilinx/2025.1/data/xhub/boards\XilinxBoardStore\boards\Xilinx\vcu108\1.6\board.xml as part xcvu095-ffva2104-2-e specified in board_part file is either invalid or not available
WARNING: [Board 49-26] cannot add Board Part xilinx.com:vcu108:part0:1.7 available at C:/Xilinx/2025.1/data/xhub/boards\XilinxBoardStore\boards\Xilinx\vcu108\1.7\board.xml as part xcvu095-ffva2104-2-e specified in board_part file is either invalid or not available
WARNING: [Board 49-26] cannot add Board Part xilinx.com:vcu110:part0:1.4 available at C:/Xilinx/2025.1/data/xhub/boards\XilinxBoardStore\boards\Xilinx\vcu110\1.4\board.xml as part xcvu190-flgc2104-2-e specified in board_part file is either invalid or not available
WARNING: [Board 49-26] cannot add Board Part xilinx.com:vcu118:part0:2.0 available at C:/Xilinx/2025.1/data/xhub/boards\XilinxBoardStore\boards\Xilinx\vcu118\2.0\board.xml as part xcvu9p-flga2104-2l-e specified in board_part file is either invalid or not available
WARNING: [Board 49-26] cannot add Board Part xilinx.com:vcu118:part0:2.3 available at C:/Xilinx/2025.1/data/xhub/boards\XilinxBoardStore\boards\Xilinx\vcu118\2.3\board.xml as part xcvu9p-flga2104-2l-e specified in board_part file is either invalid or not available
WARNING: [Board 49-26] cannot add Board Part xilinx.com:vcu118:part0:2.4 available at C:/Xilinx/2025.1/data/xhub/boards\XilinxBoardStore\boards\Xilinx\vcu118\2.4\board.xml as part xcvu9p-flga2104-2l-e specified in board_part file is either invalid or not available
WARNING: [Board 49-26] cannot add Board Part xilinx.com:vcu128:part0:1.0 available at C:/Xilinx/2025.1/data/xhub/boards\XilinxBoardStore\boards\Xilinx\vcu128\production\1.0\board.xml as part xcvu37p-fsvh2892-2l-e specified in board_part file is either invalid or not available
WARNING: [Board 49-26] cannot add Board Part xilinx.com:vcu129:part0:1.0 available at C:/Xilinx/2025.1/data/xhub/boards\XilinxBoardStore\boards\Xilinx\vcu129\production\1.0\board.xml as part xcvu29p-fsga2577-2l-e specified in board_part file is either invalid or not available
WARNING: [Board 49-26] cannot add Board Part xilinx.com:vcu1525:part0:1.3 available at C:/Xilinx/2025.1/data/xhub/boards\XilinxBoardStore\boards\Xilinx\vcu1525\1.3\board.xml as part xcvu9p-fsgd2104-2l-e specified in board_part file is either invalid or not available
WARNING: [Board 49-26] cannot add Board Part xilinx.com:vek280:part0:1.0 available at C:/Xilinx/2025.1/data/xhub/boards\XilinxBoardStore\boards\Xilinx\vek280\production\1.0\board.xml as part xcve2802-vsvh1760-2mp-e-s specified in board_part file is either invalid or not available
WARNING: [Board 49-26] cannot add Board Part xilinx.com:vek280:part0:1.1 available at C:/Xilinx/2025.1/data/xhub/boards\XilinxBoardStore\boards\Xilinx\vek280\production\1.1\board.xml as part xcve2802-vsvh1760-2mp-e-s specified in board_part file is either invalid or not available
WARNING: [Board 49-26] cannot add Board Part xilinx.com:vek280:part0:1.2 available at C:/Xilinx/2025.1/data/xhub/boards\XilinxBoardStore\boards\Xilinx\vek280\production\1.2\board.xml as part xcve2802-vsvh1760-2mp-e-s specified in board_part file is either invalid or not available
WARNING: [Board 49-26] cannot add Board Part xilinx.com:vek385:part0:1.0 available at C:/Xilinx/2025.1/data/xhub/boards\XilinxBoardStore\boards\Xilinx\vek385\1.0\board.xml as part xc2ve3858-ssva2112-2mp-e-s specified in board_part file is either invalid or not available
WARNING: [Board 49-26] cannot add Board Part xilinx.com:vermeo_t1_mpsoc:part0:1.0 available at C:/Xilinx/2025.1/data/xhub/boards\XilinxBoardStore\boards\Xilinx\vermeo_t1_mpsoc\1.0\board.xml as part xczu19eg-ffvd1760-2l-e specified in board_part file is either invalid or not available
WARNING: [Board 49-26] cannot add Board Part xilinx.com:vermeo_t1_rfsoc:part0:1.0 available at C:/Xilinx/2025.1/data/xhub/boards\XilinxBoardStore\boards\Xilinx\vermeo_t1_rfsoc\1.0\board.xml as part xczu21dr-ffvd1156-2l-e specified in board_part file is either invalid or not available
WARNING: [Board 49-26] cannot add Board Part xilinx.com:vhk158:part0:1.0 available at C:/Xilinx/2025.1/data/xhub/boards\XilinxBoardStore\boards\Xilinx\vhk158\production\1.0\board.xml as part xcvh1582-vsva3697-2mp-e-s specified in board_part file is either invalid or not available
WARNING: [Board 49-26] cannot add Board Part xilinx.com:vhk158:part0:1.1 available at C:/Xilinx/2025.1/data/xhub/boards\XilinxBoardStore\boards\Xilinx\vhk158\production\1.1\board.xml as part xcvh1582-vsva3697-2mp-e-s specified in board_part file is either invalid or not available
WARNING: [Board 49-26] cannot add Board Part xilinx.com:vhk158:part0:1.2 available at C:/Xilinx/2025.1/data/xhub/boards\XilinxBoardStore\boards\Xilinx\vhk158\production\1.2\board.xml as part xcvh1582-vsva3697-2mp-e-s specified in board_part file is either invalid or not available
WARNING: [Board 49-26] cannot add Board Part xilinx.com:vmk180:part0:2.2 available at C:/Xilinx/2025.1/data/xhub/boards\XilinxBoardStore\boards\Xilinx\vmk180\production\2.2\board.xml as part xcvm1802-vsva2197-2mp-e-s specified in board_part file is either invalid or not available
WARNING: [Board 49-26] cannot add Board Part xilinx.com:vmk180:part0:3.0 available at C:/Xilinx/2025.1/data/xhub/boards\XilinxBoardStore\boards\Xilinx\vmk180\production\3.0\board.xml as part xcvm1802-vsva2197-2mp-e-s specified in board_part file is either invalid or not available
WARNING: [Board 49-26] cannot add Board Part xilinx.com:vmk180:part0:3.1 available at C:/Xilinx/2025.1/data/xhub/boards\XilinxBoardStore\boards\Xilinx\vmk180\production\3.1\board.xml as part xcvm1802-vsva2197-2mp-e-s specified in board_part file is either invalid or not available
WARNING: [Board 49-26] cannot add Board Part xilinx.com:vmk180:part0:3.2 available at C:/Xilinx/2025.1/data/xhub/boards\XilinxBoardStore\boards\Xilinx\vmk180\production\3.2\board.xml as part xcvm1802-vsva2197-2mp-e-s specified in board_part file is either invalid or not available
WARNING: [Board 49-26] cannot add Board Part xilinx.com:vmk180:part0:3.3 available at C:/Xilinx/2025.1/data/xhub/boards\XilinxBoardStore\boards\Xilinx\vmk180\production\3.3\board.xml as part xcvm1802-vsva2197-2mp-e-s specified in board_part file is either invalid or not available
WARNING: [Board 49-26] cannot add Board Part xilinx.com:vmk180_newl:part0:1.0 available at C:/Xilinx/2025.1/data/xhub/boards\XilinxBoardStore\boards\Xilinx\vmk180_newl\production\1.0\board.xml as part xcvm1802-vsva2197-2mp-e-s specified in board_part file is either invalid or not available
WARNING: [Board 49-26] cannot add Board Part xilinx.com:vmk180_newl:part0:1.1 available at C:/Xilinx/2025.1/data/xhub/boards\XilinxBoardStore\boards\Xilinx\vmk180_newl\production\1.1\board.xml as part xcvm1802-vsva2197-2mp-e-s specified in board_part file is either invalid or not available
WARNING: [Board 49-26] cannot add Board Part xilinx.com:vpk120:part0:1.0 available at C:/Xilinx/2025.1/data/xhub/boards\XilinxBoardStore\boards\Xilinx\vpk120\production\1.0\board.xml as part xcvp1202-vsva2785-2mp-e-s specified in board_part file is either invalid or not available
WARNING: [Board 49-26] cannot add Board Part xilinx.com:vpk120:part0:1.1 available at C:/Xilinx/2025.1/data/xhub/boards\XilinxBoardStore\boards\Xilinx\vpk120\production\1.1\board.xml as part xcvp1202-vsva2785-2mp-e-s specified in board_part file is either invalid or not available
WARNING: [Board 49-26] cannot add Board Part xilinx.com:vpk120:part0:1.2 available at C:/Xilinx/2025.1/data/xhub/boards\XilinxBoardStore\boards\Xilinx\vpk120\production\1.2\board.xml as part xcvp1202-vsva2785-2mp-e-s specified in board_part file is either invalid or not available
WARNING: [Board 49-26] cannot add Board Part xilinx.com:vpk180:part0:1.0 available at C:/Xilinx/2025.1/data/xhub/boards\XilinxBoardStore\boards\Xilinx\vpk180\production\1.0\board.xml as part xcvp1802-lsvc4072-2mp-e-s specified in board_part file is either invalid or not available
WARNING: [Board 49-26] cannot add Board Part xilinx.com:vpk180:part0:1.1 available at C:/Xilinx/2025.1/data/xhub/boards\XilinxBoardStore\boards\Xilinx\vpk180\production\1.1\board.xml as part xcvp1802-lsvc4072-2mp-e-s specified in board_part file is either invalid or not available
WARNING: [Board 49-26] cannot add Board Part xilinx.com:vpk180:part0:1.2 available at C:/Xilinx/2025.1/data/xhub/boards\XilinxBoardStore\boards\Xilinx\vpk180\production\1.2\board.xml as part xcvp1802-lsvc4072-2mp-e-s specified in board_part file is either invalid or not available
WARNING: [Board 49-26] cannot add Board Part xilinx.com:zc702:part0:1.4 available at C:/Xilinx/2025.1/data/xhub/boards\XilinxBoardStore\boards\Xilinx\zc702\1.4\board.xml as part xc7z020clg484-1 specified in board_part file is either invalid or not available
WARNING: [Board 49-26] cannot add Board Part xilinx.com:zc706:part0:1.4 available at C:/Xilinx/2025.1/data/xhub/boards\XilinxBoardStore\boards\Xilinx\zc706\1.4\board.xml as part xc7z045ffg900-2 specified in board_part file is either invalid or not available
WARNING: [Board 49-26] cannot add Board Part xilinx.com:zcu102:part0:3.3 available at C:/Xilinx/2025.1/data/xhub/boards\XilinxBoardStore\boards\Xilinx\zcu102\3.3\board.xml as part xczu9eg-ffvb1156-2-e specified in board_part file is either invalid or not available
WARNING: [Board 49-26] cannot add Board Part xilinx.com:zcu102:part0:3.4 available at C:/Xilinx/2025.1/data/xhub/boards\XilinxBoardStore\boards\Xilinx\zcu102\3.4\board.xml as part xczu9eg-ffvb1156-2-e specified in board_part file is either invalid or not available
WARNING: [Board 49-26] cannot add Board Part xilinx.com:zcu104:part0:1.1 available at C:/Xilinx/2025.1/data/xhub/boards\XilinxBoardStore\boards\Xilinx\zcu104\1.1\board.xml as part xczu7ev-ffvc1156-2-e specified in board_part file is either invalid or not available
WARNING: [Board 49-26] cannot add Board Part xilinx.com:zcu106:part0:2.4 available at C:/Xilinx/2025.1/data/xhub/boards\XilinxBoardStore\boards\Xilinx\zcu106\2.4\board.xml as part xczu7ev-ffvc1156-2-e specified in board_part file is either invalid or not available
WARNING: [Board 49-26] cannot add Board Part xilinx.com:zcu106:part0:2.5 available at C:/Xilinx/2025.1/data/xhub/boards\XilinxBoardStore\boards\Xilinx\zcu106\2.5\board.xml as part xczu7ev-ffvc1156-2-e specified in board_part file is either invalid or not available
WARNING: [Board 49-26] cannot add Board Part xilinx.com:zcu106:part0:2.6 available at C:/Xilinx/2025.1/data/xhub/boards\XilinxBoardStore\boards\Xilinx\zcu106\2.6\board.xml as part xczu7ev-ffvc1156-2-e specified in board_part file is either invalid or not available
WARNING: [Board 49-26] cannot add Board Part xilinx.com:zcu111:part0:1.2 available at C:/Xilinx/2025.1/data/xhub/boards\XilinxBoardStore\boards\Xilinx\zcu111\1.2\board.xml as part xczu28dr-ffvg1517-2-e specified in board_part file is either invalid or not available
WARNING: [Board 49-26] cannot add Board Part xilinx.com:zcu111:part0:1.3 available at C:/Xilinx/2025.1/data/xhub/boards\XilinxBoardStore\boards\Xilinx\zcu111\1.3\board.xml as part xczu28dr-ffvg1517-2-e specified in board_part file is either invalid or not available
WARNING: [Board 49-26] cannot add Board Part xilinx.com:zcu111:part0:1.4 available at C:/Xilinx/2025.1/data/xhub/boards\XilinxBoardStore\boards\Xilinx\zcu111\1.4\board.xml as part xczu28dr-ffvg1517-2-e specified in board_part file is either invalid or not available
WARNING: [Board 49-26] cannot add Board Part xilinx.com:zcu1275:part0:1.0 available at C:/Xilinx/2025.1/data/xhub/boards\XilinxBoardStore\boards\Xilinx\zcu1275\1.0\board.xml as part xczu29dr-ffvf1760-2-e specified in board_part file is either invalid or not available
WARNING: [Board 49-26] cannot add Board Part xilinx.com:zcu1285:part0:1.0 available at C:/Xilinx/2025.1/data/xhub/boards\XilinxBoardStore\boards\Xilinx\zcu1285\1.0\board.xml as part xczu39dr-ffvf1760-2-i specified in board_part file is either invalid or not available
WARNING: [Board 49-26] cannot add Board Part xilinx.com:zcu208:part0:2.0 available at C:/Xilinx/2025.1/data/xhub/boards\XilinxBoardStore\boards\Xilinx\zcu208\production\2.0\board.xml as part xczu48dr-fsvg1517-2-e specified in board_part file is either invalid or not available
WARNING: [Board 49-26] cannot add Board Part xilinx.com:zcu208ld:part0:2.0 available at C:/Xilinx/2025.1/data/xhub/boards\XilinxBoardStore\boards\Xilinx\zcu208ld\production\2.0\board.xml as part xczu58dr-fsvg1517-2-i specified in board_part file is either invalid or not available
WARNING: [Board 49-26] cannot add Board Part xilinx.com:zcu216:part0:2.0 available at C:/Xilinx/2025.1/data/xhub/boards\XilinxBoardStore\boards\Xilinx\zcu216\production\2.0\board.xml as part xczu49dr-ffvf1760-2-e specified in board_part file is either invalid or not available
WARNING: [Board 49-26] cannot add Board Part xilinx.com:zcu216ld:part0:2.0 available at C:/Xilinx/2025.1/data/xhub/boards\XilinxBoardStore\boards\Xilinx\zcu216ld\production\2.0\board.xml as part xczu59dr-ffvf1760-2-i specified in board_part file is either invalid or not available
WARNING: [Board 49-26] cannot add Board Part xilinx.com:zcu670:part0:2.0 available at C:/Xilinx/2025.1/data/xhub/boards\XilinxBoardStore\boards\Xilinx\zcu670\2.0\board.xml as part xczu67dr-fsve1156-2-i specified in board_part file is either invalid or not available
WARNING: [Board 49-26] cannot add Board Part xilinx.com:zcu670ld:part0:1.0 available at C:/Xilinx/2025.1/data/xhub/boards\XilinxBoardStore\boards\Xilinx\zcu670ld\1.0\board.xml as part xczu57dr-fsve1156-2-i specified in board_part file is either invalid or not available
INFO: [Project 1-313] Project file moved from 'C:/ENEL453/Lab1B/Lab_1b' since last save.
INFO: [filemgmt 56-3] Default IP Output Path : Could not find the directory 'C:/Users/activ/OneDrive/Document/GitHub/ENEL453/Lab1B/Lab_1b/Lab_1b.gen/sources_1'.
Scanning sources...
Finished scanning sources
WARNING: [Board 49-26] cannot add Board Part xilinx.com:emb-plus-vpr-4616:part0:1.0 available at C:/Xilinx/2025.1/data/xhub/boards\XilinxBoardStore\boards\Xilinx\emb-plus-vpr-4616\1.0\board.xml as part xcve2302-sfva784-2mp-e-s specified in board_part file is either invalid or not available
WARNING: [Board 49-26] cannot add Board Part xilinx.com:emb-plus-vpr-4616:part0:1.1 available at C:/Xilinx/2025.1/data/xhub/boards\XilinxBoardStore\boards\Xilinx\emb-plus-vpr-4616\1.1\board.xml as part xcve2302-sfva784-2mp-e-s specified in board_part file is either invalid or not available
WARNING: [Board 49-26] cannot add Board Part xilinx.com:k24c:part0:1.0 available at C:/Xilinx/2025.1/data/xhub/boards\XilinxBoardStore\boards\Xilinx\k24c\1.0\board.xml as part xck24-ubva530-2lv-c specified in board_part file is either invalid or not available
WARNING: [Board 49-26] cannot add Board Part xilinx.com:k24c:part0:1.1 available at C:/Xilinx/2025.1/data/xhub/boards\XilinxBoardStore\boards\Xilinx\k24c\1.1\board.xml as part xck24-ubva530-2lv-c specified in board_part file is either invalid or not available
WARNING: [Board 49-26] cannot add Board Part xilinx.com:k24i:part0:1.0 available at C:/Xilinx/2025.1/data/xhub/boards\XilinxBoardStore\boards\Xilinx\k24i\1.0\board.xml as part xck24-ubva530-2lvi-i specified in board_part file is either invalid or not available
WARNING: [Board 49-26] cannot add Board Part xilinx.com:k26c:part0:1.2 available at C:/Xilinx/2025.1/data/xhub/boards\XilinxBoardStore\boards\Xilinx\k26c\1.2\board.xml as part xck26-sfvc784-2lv-c specified in board_part file is either invalid or not available
WARNING: [Board 49-26] cannot add Board Part xilinx.com:k26c:part0:1.3 available at C:/Xilinx/2025.1/data/xhub/boards\XilinxBoardStore\boards\Xilinx\k26c\1.3\board.xml as part xck26-sfvc784-2lv-c specified in board_part file is either invalid or not available
WARNING: [Board 49-26] cannot add Board Part xilinx.com:k26c:part0:1.4 available at C:/Xilinx/2025.1/data/xhub/boards\XilinxBoardStore\boards\Xilinx\k26c\1.4\board.xml as part xck26-sfvc784-2lv-c specified in board_part file is either invalid or not available
WARNING: [Board 49-26] cannot add Board Part xilinx.com:k26i:part0:1.2 available at C:/Xilinx/2025.1/data/xhub/boards\XilinxBoardStore\boards\Xilinx\k26i\1.2\board.xml as part xck26-sfvc784-2lvi-i specified in board_part file is either invalid or not available
WARNING: [Board 49-26] cannot add Board Part xilinx.com:k26i:part0:1.3 available at C:/Xilinx/2025.1/data/xhub/boards\XilinxBoardStore\boards\Xilinx\k26i\1.3\board.xml as part xck26-sfvc784-2lvi-i specified in board_part file is either invalid or not available
WARNING: [Board 49-26] cannot add Board Part xilinx.com:k26i:part0:1.4 available at C:/Xilinx/2025.1/data/xhub/boards\XilinxBoardStore\boards\Xilinx\k26i\1.4\board.xml as part xck26-sfvc784-2lvi-i specified in board_part file is either invalid or not available
WARNING: [Board 49-26] cannot add Board Part xilinx.com:kcu105:part0:1.6 available at C:/Xilinx/2025.1/data/xhub/boards\XilinxBoardStore\boards\Xilinx\kcu105\1.6\board.xml as part xcku040-ffva1156-2-e specified in board_part file is either invalid or not available
WARNING: [Board 49-26] cannot add Board Part xilinx.com:kcu105:part0:1.7 available at C:/Xilinx/2025.1/data/xhub/boards\XilinxBoardStore\boards\Xilinx\kcu105\1.7\board.xml as part xcku040-ffva1156-2-e specified in board_part file is either invalid or not available
WARNING: [Board 49-26] cannot add Board Part xilinx.com:kcu116:part0:1.4 available at C:/Xilinx/2025.1/data/xhub/boards\XilinxBoardStore\boards\Xilinx\kcu116\1.4\board.xml as part xcku5p-ffvb676-2-e specified in board_part file is either invalid or not available
WARNING: [Board 49-26] cannot add Board Part xilinx.com:kcu116:part0:1.5 available at C:/Xilinx/2025.1/data/xhub/boards\XilinxBoardStore\boards\Xilinx\kcu116\1.5\board.xml as part xcku5p-ffvb676-2-e specified in board_part file is either invalid or not available
INFO: [Common 17-14] Message 'Board 49-26' appears 100 times and further instances of the messages will be disabled. Use the Tcl command set_msg_config to change the current settings.
WARNING: [Project 1-5713] Board part '' set for the project  is not found. BoardPart property will be unset. Please select board from latest repo build 
INFO: [IP_Flow 19-234] Refreshing IP repositories
INFO: [IP_Flow 19-1704] No user IP repositories specified
INFO: [IP_Flow 19-2313] Loaded Vivado IP repository 'C:/Xilinx/2025.1/Vivado/data/ip'.
open_project: Time (s): cpu = 00:01:07 ; elapsed = 00:00:30 . Memory (MB): peak = 1625.715 ; gain = 187.301
update_compile_order -fileset sources_1
reset_run impl_1 -prev_step 
launch_runs impl_1 -to_step write_bitstream -jobs 6
[Thu Sep 17 17:31:28 2026] Launched impl_1...
Run output will be captured here: C:/Users/activ/OneDrive/Document/GitHub/ENEL453/Lab1B/Lab_1b/Lab_1b.runs/impl_1/runme.log
WARNING: [filemgmt 56-199] Attempt to get parsing info during refresh. "On-the-fly" syntax checking information may be incorrect. [C:\Users\activ\OneDrive\Document\GitHub\ENEL453\Lab1B\lab_1b_top_level.sv:]
WARNING: [filemgmt 56-199] Attempt to get parsing info during refresh. "On-the-fly" syntax checking information may be incorrect. [C:\Users\activ\OneDrive\Document\GitHub\ENEL453\Lab1B\others\seven_segment_display_subsystem.sv:]
WARNING: [filemgmt 56-199] Attempt to get parsing info during refresh. "On-the-fly" syntax checking information may be incorrect. [C:\Users\activ\OneDrive\Document\GitHub\ENEL453\Lab1B\others\seven_segment_display_subsystem.sv:]
WARNING: [filemgmt 56-199] Attempt to get parsing info during refresh. "On-the-fly" syntax checking information may be incorrect. [C:\Users\activ\OneDrive\Document\GitHub\ENEL453\Lab1B\others\seven_segment_display_subsystem.sv:]
ERROR: [Common 17-180] Spawn failed: The operation completed successfully.

update_compile_order -fileset sources_1
WARNING: [filemgmt 56-199] Attempt to get parsing info during refresh. "On-the-fly" syntax checking information may be incorrect. [C:\Users\activ\OneDrive\Document\GitHub\ENEL453\Lab1B\lab_1b_top_level.sv:]
WARNING: [filemgmt 56-199] Attempt to get parsing info during refresh. "On-the-fly" syntax checking information may be incorrect. [C:\Users\activ\OneDrive\Document\GitHub\ENEL453\Lab1B\others\seven_segment_display_subsystem.sv:]
WARNING: [filemgmt 56-199] Attempt to get parsing info during refresh. "On-the-fly" syntax checking information may be incorrect. [C:\Users\activ\OneDrive\Document\GitHub\ENEL453\Lab1B\others\seven_segment_display_subsystem.sv:]
WARNING: [filemgmt 56-199] Attempt to get parsing info during refresh. "On-the-fly" syntax checking information may be incorrect. [C:\Users\activ\OneDrive\Document\GitHub\ENEL453\Lab1B\others\seven_segment_display_subsystem.sv:]
ERROR: [Common 17-180] Spawn failed: The operation completed successfully.

WARNING: [filemgmt 56-199] Attempt to get parsing info during refresh. "On-the-fly" syntax checking information may be incorrect. [C:\Users\activ\OneDrive\Document\GitHub\ENEL453\Lab1B\lab_1b_top_level.sv:]
WARNING: [filemgmt 56-199] Attempt to get parsing info during refresh. "On-the-fly" syntax checking information may be incorrect. [C:\Users\activ\OneDrive\Document\GitHub\ENEL453\Lab1B\others\seven_segment_display_subsystem.sv:]
WARNING: [filemgmt 56-199] Attempt to get parsing info during refresh. "On-the-fly" syntax checking information may be incorrect. [C:\Users\activ\OneDrive\Document\GitHub\ENEL453\Lab1B\lab_1b_top_level.sv:]
WARNING: [filemgmt 56-199] Attempt to get parsing info during refresh. "On-the-fly" syntax checking information may be incorrect. [C:\Users\activ\OneDrive\Document\GitHub\ENEL453\Lab1B\lab_1b_top_level.sv:]
ERROR: [Common 17-180] Spawn failed: The operation completed successfully.

WARNING: [filemgmt 56-199] Attempt to get parsing info during refresh. "On-the-fly" syntax checking information may be incorrect. [C:\Users\activ\OneDrive\Document\GitHub\ENEL453\Lab1B\lab_1b_top_level.sv:]
WARNING: [filemgmt 56-199] Attempt to get parsing info during refresh. "On-the-fly" syntax checking information may be incorrect. [C:\Users\activ\OneDrive\Document\GitHub\ENEL453\Lab1B\others\seven_segment_display_subsystem.sv:]
WARNING: [filemgmt 56-199] Attempt to get parsing info during refresh. "On-the-fly" syntax checking information may be incorrect. [C:\Users\activ\OneDrive\Document\GitHub\ENEL453\Lab1B\others\seven_segment_display_subsystem.sv:]
WARNING: [filemgmt 56-199] Attempt to get parsing info during refresh. "On-the-fly" syntax checking information may be incorrect. [C:\Users\activ\OneDrive\Document\GitHub\ENEL453\Lab1B\others\seven_segment_display_subsystem.sv:]
ERROR: [Common 17-180] Spawn failed: The operation completed successfully.

WARNING: [filemgmt 56-199] Attempt to get parsing info during refresh. "On-the-fly" syntax checking information may be incorrect. [C:\Users\activ\OneDrive\Document\GitHub\ENEL453\Lab1B\lab_1b_top_level.sv:]
WARNING: [filemgmt 56-199] Attempt to get parsing info during refresh. "On-the-fly" syntax checking information may be incorrect. [C:\Users\activ\OneDrive\Document\GitHub\ENEL453\Lab1B\lab_1b_top_level_tb.sv:]
WARNING: [filemgmt 56-199] Attempt to get parsing info during refresh. "On-the-fly" syntax checking information may be incorrect. [C:\Users\activ\OneDrive\Document\GitHub\ENEL453\Lab1B\others\seven_segment_display_subsystem.sv:]
WARNING: [filemgmt 56-199] Attempt to get parsing info during refresh. "On-the-fly" syntax checking information may be incorrect. [C:\Users\activ\OneDrive\Document\GitHub\ENEL453\Lab1B\lab_1b_top_level.sv:]
WARNING: [filemgmt 56-199] Attempt to get parsing info during refresh. "On-the-fly" syntax checking information may be incorrect. [C:\Users\activ\OneDrive\Document\GitHub\ENEL453\Lab1B\lab_1b_top_level.sv:]
WARNING: [filemgmt 56-199] Attempt to get parsing info during refresh. "On-the-fly" syntax checking information may be incorrect. [C:\Users\activ\OneDrive\Document\GitHub\ENEL453\Lab1B\lab_1b_top_level.sv:]
WARNING: [filemgmt 56-199] Attempt to get parsing info during refresh. "On-the-fly" syntax checking information may be incorrect. [C:\Users\activ\OneDrive\Document\GitHub\ENEL453\Lab1B\lab_1b_top_level_tb.sv:]
WARNING: [filemgmt 56-199] Attempt to get parsing info during refresh. "On-the-fly" syntax checking information may be incorrect. [C:\Users\activ\OneDrive\Document\GitHub\ENEL453\Lab1B\others\seven_segment_display_subsystem.sv:]
WARNING: [filemgmt 56-199] Attempt to get parsing info during refresh. "On-the-fly" syntax checking information may be incorrect. [C:\Users\activ\OneDrive\Document\GitHub\ENEL453\Lab1B\lab_1b_top_level_tb.sv:]
WARNING: [filemgmt 56-199] Attempt to get parsing info during refresh. "On-the-fly" syntax checking information may be incorrect. [C:\Users\activ\OneDrive\Document\GitHub\ENEL453\Lab1B\lab_1b_top_level_tb.sv:]
WARNING: [filemgmt 56-199] Attempt to get parsing info during refresh. "On-the-fly" syntax checking information may be incorrect. [C:\Users\activ\OneDrive\Document\GitHub\ENEL453\Lab1B\lab_1b_top_level.sv:]
WARNING: [filemgmt 56-199] Attempt to get parsing info during refresh. "On-the-fly" syntax checking information may be incorrect. [C:\Users\activ\OneDrive\Document\GitHub\ENEL453\Lab1B\lab_1b_top_level_tb.sv:]
WARNING: [filemgmt 56-199] Attempt to get parsing info during refresh. "On-the-fly" syntax checking information may be incorrect. [C:\Users\activ\OneDrive\Document\GitHub\ENEL453\Lab1B\others\seven_segment_display_subsystem.sv:]
WARNING: [filemgmt 56-199] Attempt to get parsing info during refresh. "On-the-fly" syntax checking information may be incorrect. [C:\Users\activ\OneDrive\Document\GitHub\ENEL453\Lab1B\lab_1b_top_level.sv:]
WARNING: [filemgmt 56-199] Attempt to get parsing info during refresh. "On-the-fly" syntax checking information may be incorrect. [C:\Users\activ\OneDrive\Document\GitHub\ENEL453\Lab1B\lab_1b_top_level.sv:]
WARNING: [filemgmt 56-199] Attempt to get parsing info during refresh. "On-the-fly" syntax checking information may be incorrect. [C:\Users\activ\OneDrive\Document\GitHub\ENEL453\Lab1B\lab_1b_top_level.sv:]
WARNING: [filemgmt 56-199] Attempt to get parsing info during refresh. "On-the-fly" syntax checking information may be incorrect. [C:\Users\activ\OneDrive\Document\GitHub\ENEL453\Lab1B\lab_1b_top_level_tb.sv:]
WARNING: [filemgmt 56-199] Attempt to get parsing info during refresh. "On-the-fly" syntax checking information may be incorrect. [C:\Users\activ\OneDrive\Document\GitHub\ENEL453\Lab1B\others\seven_segment_display_subsystem.sv:]
WARNING: [filemgmt 56-199] Attempt to get parsing info during refresh. "On-the-fly" syntax checking information may be incorrect. [C:\Users\activ\OneDrive\Document\GitHub\ENEL453\Lab1B\others\seven_segment_display_subsystem.sv:]
WARNING: [filemgmt 56-199] Attempt to get parsing info during refresh. "On-the-fly" syntax checking information may be incorrect. [C:\Users\activ\OneDrive\Document\GitHub\ENEL453\Lab1B\others\seven_segment_display_subsystem.sv:]
ERROR: [Common 17-180] Spawn failed: The operation completed successfully.

WARNING: [filemgmt 56-199] Attempt to get parsing info during refresh. "On-the-fly" syntax checking information may be incorrect. [C:\Users\activ\OneDrive\Document\GitHub\ENEL453\Lab1B\lab_1b_top_level.sv:]
WARNING: [filemgmt 56-199] Attempt to get parsing info during refresh. "On-the-fly" syntax checking information may be incorrect. [C:\Users\activ\OneDrive\Document\GitHub\ENEL453\Lab1B\lab_1b_top_level_tb.sv:]
WARNING: [filemgmt 56-199] Attempt to get parsing info during refresh. "On-the-fly" syntax checking information may be incorrect. [C:\Users\activ\OneDrive\Document\GitHub\ENEL453\Lab1B\others\seven_segment_display_subsystem.sv:]
WARNING: [filemgmt 56-199] Attempt to get parsing info during refresh. "On-the-fly" syntax checking information may be incorrect. [C:\Users\activ\OneDrive\Document\GitHub\ENEL453\Lab1B\lab_1b_top_level.sv:]
WARNING: [filemgmt 56-199] Attempt to get parsing info during refresh. "On-the-fly" syntax checking information may be incorrect. [C:\Users\activ\OneDrive\Document\GitHub\ENEL453\Lab1B\lab_1b_top_level.sv:]
WARNING: [filemgmt 56-199] Attempt to get parsing info during refresh. "On-the-fly" syntax checking information may be incorrect. [C:\Users\activ\OneDrive\Document\GitHub\ENEL453\Lab1B\lab_1b_top_level.sv:]
WARNING: [filemgmt 56-199] Attempt to get parsing info during refresh. "On-the-fly" syntax checking information may be incorrect. [C:\Users\activ\OneDrive\Document\GitHub\ENEL453\Lab1B\lab_1b_top_level_tb.sv:]
WARNING: [filemgmt 56-199] Attempt to get parsing info during refresh. "On-the-fly" syntax checking information may be incorrect. [C:\Users\activ\OneDrive\Document\GitHub\ENEL453\Lab1B\others\seven_segment_display_subsystem.sv:]
WARNING: [filemgmt 56-199] Attempt to get parsing info during refresh. "On-the-fly" syntax checking information may be incorrect. [C:\Users\activ\OneDrive\Document\GitHub\ENEL453\Lab1B\others\seven_segment_display_subsystem.sv:]
WARNING: [filemgmt 56-199] Attempt to get parsing info during refresh. "On-the-fly" syntax checking information may be incorrect. [C:\Users\activ\OneDrive\Document\GitHub\ENEL453\Lab1B\others\seven_segment_display_subsystem.sv:]
launch_simulation
Command: launch_simulation 
INFO: [Vivado 12-12493] Simulation top is 'lab_1b_top_level_tb'
INFO: [Vivado 12-5682] Launching behavioral simulation in 'C:/Users/activ/OneDrive/Document/GitHub/ENEL453/Lab1B/Lab_1b/Lab_1b.sim/sim_1/behav/xsim'
INFO: [SIM-utils-51] Simulation object is 'sim_1'
INFO: [SIM-utils-72] Using boost library from 'C:/Xilinx/2025.1/Vivado/tps/boost_1_72_0'
INFO: [SIM-utils-54] Inspecting design source files for 'lab_1b_top_level_tb' in fileset 'sim_1'...
INFO: [USF-XSim-97] Finding global include files...
INFO: [USF-XSim-98] Fetching design files from 'sim_1'...
INFO: [USF-XSim-2] XSim::Compile design
INFO: [USF-XSim-61] Executing 'COMPILE and ANALYZE' step in 'C:/Users/activ/OneDrive/Document/GitHub/ENEL453/Lab1B/Lab_1b/Lab_1b.sim/sim_1/behav/xsim'
"xvlog --incr --relax -L uvm -prj lab_1b_top_level_tb_vlog.prj"
INFO: [VRFC 10-2263] Analyzing SystemVerilog file "C:/Users/activ/OneDrive/Document/GitHub/ENEL453/Lab1B/others/digit_multiplexor.sv" into library xil_defaultlib
INFO: [VRFC 10-311] analyzing module digit_multiplexor
INFO: [VRFC 10-2263] Analyzing SystemVerilog file "C:/Users/activ/OneDrive/Document/GitHub/ENEL453/Lab1B/lab_1b_top_level.sv" into library xil_defaultlib
INFO: [VRFC 10-311] analyzing module lab_1b_top_level
INFO: [VRFC 10-2263] Analyzing SystemVerilog file "C:/Users/activ/OneDrive/Document/GitHub/ENEL453/Lab1B/others/seven_segment_decoder_Lab1b.sv" into library xil_defaultlib
INFO: [VRFC 10-311] analyzing module seven_segment_decoder
INFO: [VRFC 10-2263] Analyzing SystemVerilog file "C:/Users/activ/OneDrive/Document/GitHub/ENEL453/Lab1B/others/seven_segment_digit_selector.sv" into library xil_defaultlib
INFO: [VRFC 10-311] analyzing module seven_segment_digit_selector
INFO: [VRFC 10-2263] Analyzing SystemVerilog file "C:/Users/activ/OneDrive/Document/GitHub/ENEL453/Lab1B/others/seven_segment_display_subsystem.sv" into library xil_defaultlib
INFO: [VRFC 10-311] analyzing module seven_segment_display_subsystem
INFO: [VRFC 10-2263] Analyzing SystemVerilog file "C:/Users/activ/OneDrive/Document/GitHub/ENEL453/Lab1B/switch_logic.sv" into library xil_defaultlib
INFO: [VRFC 10-311] analyzing module switch_logic
INFO: [VRFC 10-2263] Analyzing SystemVerilog file "C:/Users/activ/OneDrive/Document/GitHub/ENEL453/Lab1B/lab_1b_top_level_tb.sv" into library xil_defaultlib
INFO: [VRFC 10-311] analyzing module lab_1b_top_level_tb
INFO: [VRFC 10-2263] Analyzing Verilog file "C:/Users/activ/OneDrive/Document/GitHub/ENEL453/Lab1B/Lab_1b/Lab_1b.sim/sim_1/behav/xsim/glbl.v" into library xil_defaultlib
INFO: [VRFC 10-311] analyzing module glbl
INFO: [USF-XSim-69] 'compile' step finished in '3' seconds
INFO: [USF-XSim-3] XSim::Elaborate design
INFO: [USF-XSim-61] Executing 'ELABORATE' step in 'C:/Users/activ/OneDrive/Document/GitHub/ENEL453/Lab1B/Lab_1b/Lab_1b.sim/sim_1/behav/xsim'
"xelab --incr --debug typical --relax --mt 2 -L xil_defaultlib -L uvm -L unisims_ver -L unimacro_ver -L secureip --snapshot lab_1b_top_level_tb_behav xil_defaultlib.lab_1b_top_level_tb xil_defaultlib.glbl -log elaborate.log"
Vivado Simulator v2025.1.0
Copyright 1986-2022 Xilinx, Inc. All Rights Reserved.
Copyright 2022-2025 Advanced Micro Devices, Inc. All Rights Reserved.
Running: C:/Xilinx/2025.1/Vivado/bin/unwrapped/win64.o/xelab.exe --incr --debug typical --relax --mt 2 -L xil_defaultlib -L uvm -L unisims_ver -L unimacro_ver -L secureip --snapshot lab_1b_top_level_tb_behav xil_defaultlib.lab_1b_top_level_tb xil_defaultlib.glbl -log elaborate.log 
Using 2 slave threads.
Starting static elaboration
Pass Through NonSizing Optimizer
ERROR: [VRFC 10-3180] cannot find port 'min_dig' on this module [C:/Users/activ/OneDrive/Document/GitHub/ENEL453/Lab1B/lab_1b_top_level.sv:23]
ERROR: [XSIM 43-3322] Static elaboration of top level Verilog design unit(s) in library work failed.
INFO: [USF-XSim-69] 'elaborate' step finished in '1' seconds
INFO: [USF-XSim-99] Step results log file:'C:/Users/activ/OneDrive/Document/GitHub/ENEL453/Lab1B/Lab_1b/Lab_1b.sim/sim_1/behav/xsim/elaborate.log'
ERROR: [USF-XSim-62] 'elaborate' step failed with error(s). Please check the Tcl console output or 'C:/Users/activ/OneDrive/Document/GitHub/ENEL453/Lab1B/Lab_1b/Lab_1b.sim/sim_1/behav/xsim/elaborate.log' file for more information.
ERROR: [Vivado 12-4473] Detected error while running simulation. Please correct the issue and retry this operation.
launch_simulation: Time (s): cpu = 00:00:00 ; elapsed = 00:00:06 . Memory (MB): peak = 1670.223 ; gain = 0.000
ERROR: [Common 17-39] 'launch_simulation' failed due to earlier errors.
launch_simulation
Command: launch_simulation 
INFO: [Vivado 12-12493] Simulation top is 'lab_1b_top_level_tb'
INFO: [Vivado 12-5682] Launching behavioral simulation in 'C:/Users/activ/OneDrive/Document/GitHub/ENEL453/Lab1B/Lab_1b/Lab_1b.sim/sim_1/behav/xsim'
INFO: [SIM-utils-51] Simulation object is 'sim_1'
INFO: [SIM-utils-72] Using boost library from 'C:/Xilinx/2025.1/Vivado/tps/boost_1_72_0'
INFO: [SIM-utils-54] Inspecting design source files for 'lab_1b_top_level_tb' in fileset 'sim_1'...
INFO: [USF-XSim-97] Finding global include files...
INFO: [USF-XSim-98] Fetching design files from 'sim_1'...
INFO: [USF-XSim-2] XSim::Compile design
INFO: [USF-XSim-61] Executing 'COMPILE and ANALYZE' step in 'C:/Users/activ/OneDrive/Document/GitHub/ENEL453/Lab1B/Lab_1b/Lab_1b.sim/sim_1/behav/xsim'
"xvlog --incr --relax -L uvm -prj lab_1b_top_level_tb_vlog.prj"
INFO: [VRFC 10-2263] Analyzing SystemVerilog file "C:/Users/activ/OneDrive/Document/GitHub/ENEL453/Lab1B/others/digit_multiplexor.sv" into library xil_defaultlib
INFO: [VRFC 10-311] analyzing module digit_multiplexor
INFO: [VRFC 10-2263] Analyzing SystemVerilog file "C:/Users/activ/OneDrive/Document/GitHub/ENEL453/Lab1B/lab_1b_top_level.sv" into library xil_defaultlib
INFO: [VRFC 10-311] analyzing module lab_1b_top_level
INFO: [VRFC 10-2263] Analyzing SystemVerilog file "C:/Users/activ/OneDrive/Document/GitHub/ENEL453/Lab1B/others/seven_segment_decoder_Lab1b.sv" into library xil_defaultlib
INFO: [VRFC 10-311] analyzing module seven_segment_decoder
INFO: [VRFC 10-2263] Analyzing SystemVerilog file "C:/Users/activ/OneDrive/Document/GitHub/ENEL453/Lab1B/others/seven_segment_digit_selector.sv" into library xil_defaultlib
INFO: [VRFC 10-311] analyzing module seven_segment_digit_selector
INFO: [VRFC 10-2263] Analyzing SystemVerilog file "C:/Users/activ/OneDrive/Document/GitHub/ENEL453/Lab1B/others/seven_segment_display_subsystem.sv" into library xil_defaultlib
INFO: [VRFC 10-311] analyzing module seven_segment_display_subsystem
INFO: [VRFC 10-2263] Analyzing SystemVerilog file "C:/Users/activ/OneDrive/Document/GitHub/ENEL453/Lab1B/switch_logic.sv" into library xil_defaultlib
INFO: [VRFC 10-311] analyzing module switch_logic
INFO: [VRFC 10-2263] Analyzing SystemVerilog file "C:/Users/activ/OneDrive/Document/GitHub/ENEL453/Lab1B/lab_1b_top_level_tb.sv" into library xil_defaultlib
INFO: [VRFC 10-311] analyzing module lab_1b_top_level_tb
INFO: [USF-XSim-69] 'compile' step finished in '2' seconds
INFO: [USF-XSim-3] XSim::Elaborate design
INFO: [USF-XSim-61] Executing 'ELABORATE' step in 'C:/Users/activ/OneDrive/Document/GitHub/ENEL453/Lab1B/Lab_1b/Lab_1b.sim/sim_1/behav/xsim'
"xelab --incr --debug typical --relax --mt 2 -L xil_defaultlib -L uvm -L unisims_ver -L unimacro_ver -L secureip --snapshot lab_1b_top_level_tb_behav xil_defaultlib.lab_1b_top_level_tb xil_defaultlib.glbl -log elaborate.log"
Vivado Simulator v2025.1.0
Copyright 1986-2022 Xilinx, Inc. All Rights Reserved.
Copyright 2022-2025 Advanced Micro Devices, Inc. All Rights Reserved.
Running: C:/Xilinx/2025.1/Vivado/bin/unwrapped/win64.o/xelab.exe --incr --debug typical --relax --mt 2 -L xil_defaultlib -L uvm -L unisims_ver -L unimacro_ver -L secureip --snapshot lab_1b_top_level_tb_behav xil_defaultlib.lab_1b_top_level_tb xil_defaultlib.glbl -log elaborate.log 
Using 2 slave threads.
Starting static elaboration
Pass Through NonSizing Optimizer
WARNING: [VRFC 10-3091] actual bit length 1 differs from formal bit length 4 for port 'min_dig2' [C:/Users/activ/OneDrive/Document/GitHub/ENEL453/Lab1B/lab_1b_top_level.sv:23]
WARNING: [VRFC 10-5021] port 'switches_inputs' is not connected on this instance [C:/Users/activ/OneDrive/Document/GitHub/ENEL453/Lab1B/lab_1b_top_level.sv:17]
Completed static elaboration
Starting simulation data flow analysis
WARNING: [XSIM 43-4099] "C:/Users/activ/OneDrive/Document/GitHub/ENEL453/Lab1B/lab_1b_top_level.sv" Line 1. Module lab_1b_top_level doesn't have a timescale but at least one module in design has a timescale.
WARNING: [XSIM 43-4099] "C:/Users/activ/OneDrive/Document/GitHub/ENEL453/Lab1B/others/seven_segment_display_subsystem.sv" Line 26. Module seven_segment_display_subsystem doesn't have a timescale but at least one module in design has a timescale.
WARNING: [XSIM 43-4099] "C:/Users/activ/OneDrive/Document/GitHub/ENEL453/Lab1B/others/digit_multiplexor.sv" Line 39. Module digit_multiplexor doesn't have a timescale but at least one module in design has a timescale.
WARNING: [XSIM 43-4099] "C:/Users/activ/OneDrive/Document/GitHub/ENEL453/Lab1B/others/seven_segment_digit_selector.sv" Line 36. Module seven_segment_digit_selector doesn't have a timescale but at least one module in design has a timescale.
WARNING: [XSIM 43-4099] "C:/Users/activ/OneDrive/Document/GitHub/ENEL453/Lab1B/others/seven_segment_decoder_Lab1b.sv" Line 37. Module seven_segment_decoder doesn't have a timescale but at least one module in design has a timescale.
WARNING: [XSIM 43-4099] "C:/Users/activ/OneDrive/Document/GitHub/ENEL453/Lab1B/switch_logic.sv" Line 1. Module switch_logic doesn't have a timescale but at least one module in design has a timescale.
WARNING: [XSIM 43-4099] "C:/Users/activ/OneDrive/Document/GitHub/ENEL453/Lab1B/lab_1b_top_level.sv" Line 1. Module lab_1b_top_level doesn't have a timescale but at least one module in design has a timescale.
WARNING: [XSIM 43-4099] "C:/Users/activ/OneDrive/Document/GitHub/ENEL453/Lab1B/others/seven_segment_display_subsystem.sv" Line 26. Module seven_segment_display_subsystem doesn't have a timescale but at least one module in design has a timescale.
WARNING: [XSIM 43-4099] "C:/Users/activ/OneDrive/Document/GitHub/ENEL453/Lab1B/others/digit_multiplexor.sv" Line 39. Module digit_multiplexor doesn't have a timescale but at least one module in design has a timescale.
WARNING: [XSIM 43-4099] "C:/Users/activ/OneDrive/Document/GitHub/ENEL453/Lab1B/others/seven_segment_digit_selector.sv" Line 36. Module seven_segment_digit_selector doesn't have a timescale but at least one module in design has a timescale.
WARNING: [XSIM 43-4099] "C:/Users/activ/OneDrive/Document/GitHub/ENEL453/Lab1B/others/seven_segment_decoder_Lab1b.sv" Line 37. Module seven_segment_decoder doesn't have a timescale but at least one module in design has a timescale.
WARNING: [XSIM 43-4099] "C:/Users/activ/OneDrive/Document/GitHub/ENEL453/Lab1B/switch_logic.sv" Line 1. Module switch_logic doesn't have a timescale but at least one module in design has a timescale.
Completed simulation data flow analysis
Time Resolution for simulation is 1ps
Compiling module xil_defaultlib.digit_multiplexor
Compiling module xil_defaultlib.seven_segment_digit_selector
Compiling module xil_defaultlib.seven_segment_decoder
Compiling module xil_defaultlib.seven_segment_display_subsystem
Compiling module xil_defaultlib.switch_logic
Compiling module xil_defaultlib.lab_1b_top_level
Compiling module xil_defaultlib.lab_1b_top_level_tb
Compiling module xil_defaultlib.glbl
Built simulation snapshot lab_1b_top_level_tb_behav
run_program: Time (s): cpu = 00:00:01 ; elapsed = 00:00:11 . Memory (MB): peak = 1677.133 ; gain = 0.000
INFO: [USF-XSim-69] 'elaborate' step finished in '12' seconds
INFO: [USF-XSim-4] XSim::Simulate design
INFO: [USF-XSim-61] Executing 'SIMULATE' step in 'C:/Users/activ/OneDrive/Document/GitHub/ENEL453/Lab1B/Lab_1b/Lab_1b.sim/sim_1/behav/xsim'
INFO: [USF-XSim-98] *** Running xsim
   with args "lab_1b_top_level_tb_behav -key {Behavioral:sim_1:Functional:lab_1b_top_level_tb} -tclbatch {lab_1b_top_level_tb.tcl} -log {simulate.log}"
INFO: [USF-XSim-8] Loading simulator feature
Time resolution is 1 ps
source lab_1b_top_level_tb.tcl
# set curr_wave [current_wave_config]
# if { [string length $curr_wave] == 0 } {
#   if { [llength [get_objects]] > 0} {
#     add_wave /
#     set_property needs_save false [current_wave_config]
#   } else {
#      send_msg_id Add_Wave-1 WARNING "No top level signals found. Simulator will start without a wave window. If you want to open a wave window go to 'File->New Waveform Configuration' or type 'create_wave_config' in the TCL console."
#   }
# }
# run 1000ns
Time = 0: switches_inputs = xxxxxxxxxxxxxxxx, led = xxxxxxxxxxxxxxxx
Time = 60000: switches_inputs = 0000000000000000, led = 0000000000000000
Time = 70000: switches_inputs = 1111111111111111, led = 1111111111111111
Time = 80000: switches_inputs = 0101010101010101, led = 0101010101010101
Time = 90000: switches_inputs = 1010101010101010, led = 1010101010101010
Time = 100000: switches_inputs = 1100110011001100, led = 1100110011001100
Time = 110000: switches_inputs = 0011001100110011, led = 0011001100110011
$stop called at time : 170 ns : File "C:/Users/activ/OneDrive/Document/GitHub/ENEL453/Lab1B/lab_1b_top_level_tb.sv" Line 70
xsim: Time (s): cpu = 00:00:08 ; elapsed = 00:00:06 . Memory (MB): peak = 1691.160 ; gain = 14.027
INFO: [USF-XSim-96] XSim completed. Design snapshot 'lab_1b_top_level_tb_behav' loaded.
INFO: [USF-XSim-97] XSim simulation ran for 1000ns
launch_simulation: Time (s): cpu = 00:00:10 ; elapsed = 00:00:21 . Memory (MB): peak = 1691.160 ; gain = 14.027
set_property needs_refresh false [get_runs synth_1]
set_property needs_refresh false [get_runs impl_1]
close_sim
INFO: [Simtcl 6-16] Simulation closed
launch_simulation
Command: launch_simulation 
INFO: [Vivado 12-12493] Simulation top is 'lab_1b_top_level_tb'
INFO: [Vivado 12-5682] Launching behavioral simulation in 'C:/Users/activ/OneDrive/Document/GitHub/ENEL453/Lab1B/Lab_1b/Lab_1b.sim/sim_1/behav/xsim'
INFO: [SIM-utils-51] Simulation object is 'sim_1'
INFO: [SIM-utils-72] Using boost library from 'C:/Xilinx/2025.1/Vivado/tps/boost_1_72_0'
INFO: [SIM-utils-54] Inspecting design source files for 'lab_1b_top_level_tb' in fileset 'sim_1'...
INFO: [USF-XSim-97] Finding global include files...
INFO: [USF-XSim-98] Fetching design files from 'sim_1'...
INFO: [USF-XSim-2] XSim::Compile design
INFO: [USF-XSim-61] Executing 'COMPILE and ANALYZE' step in 'C:/Users/activ/OneDrive/Document/GitHub/ENEL453/Lab1B/Lab_1b/Lab_1b.sim/sim_1/behav/xsim'
"xvlog --incr --relax -L uvm -prj lab_1b_top_level_tb_vlog.prj"
INFO: [USF-XSim-69] 'compile' step finished in '2' seconds
INFO: [USF-XSim-3] XSim::Elaborate design
INFO: [USF-XSim-61] Executing 'ELABORATE' step in 'C:/Users/activ/OneDrive/Document/GitHub/ENEL453/Lab1B/Lab_1b/Lab_1b.sim/sim_1/behav/xsim'
"xelab --incr --debug typical --relax --mt 2 -L xil_defaultlib -L uvm -L unisims_ver -L unimacro_ver -L secureip --snapshot lab_1b_top_level_tb_behav xil_defaultlib.lab_1b_top_level_tb xil_defaultlib.glbl -log elaborate.log"
Vivado Simulator v2025.1.0
Copyright 1986-2022 Xilinx, Inc. All Rights Reserved.
Copyright 2022-2025 Advanced Micro Devices, Inc. All Rights Reserved.
Running: C:/Xilinx/2025.1/Vivado/bin/unwrapped/win64.o/xelab.exe --incr --debug typical --relax --mt 2 -L xil_defaultlib -L uvm -L unisims_ver -L unimacro_ver -L secureip --snapshot lab_1b_top_level_tb_behav xil_defaultlib.lab_1b_top_level_tb xil_defaultlib.glbl -log elaborate.log 
Using 2 slave threads.
Starting static elaboration
Pass Through NonSizing Optimizer
WARNING: [VRFC 10-3091] actual bit length 1 differs from formal bit length 4 for port 'min_dig2' [C:/Users/activ/OneDrive/Document/GitHub/ENEL453/Lab1B/lab_1b_top_level.sv:23]
WARNING: [VRFC 10-5021] port 'switches_inputs' is not connected on this instance [C:/Users/activ/OneDrive/Document/GitHub/ENEL453/Lab1B/lab_1b_top_level.sv:17]
Completed static elaboration
INFO: [XSIM 43-4323] No Change in HDL. Linking previously generated obj files to create kernel
INFO: [USF-XSim-69] 'elaborate' step finished in '2' seconds
INFO: [USF-XSim-4] XSim::Simulate design
INFO: [USF-XSim-61] Executing 'SIMULATE' step in 'C:/Users/activ/OneDrive/Document/GitHub/ENEL453/Lab1B/Lab_1b/Lab_1b.sim/sim_1/behav/xsim'
INFO: [USF-XSim-98] *** Running xsim
   with args "lab_1b_top_level_tb_behav -key {Behavioral:sim_1:Functional:lab_1b_top_level_tb} -tclbatch {lab_1b_top_level_tb.tcl} -log {simulate.log}"
INFO: [USF-XSim-8] Loading simulator feature
Time resolution is 1 ps
source lab_1b_top_level_tb.tcl
# set curr_wave [current_wave_config]
# if { [string length $curr_wave] == 0 } {
#   if { [llength [get_objects]] > 0} {
#     add_wave /
#     set_property needs_save false [current_wave_config]
#   } else {
#      send_msg_id Add_Wave-1 WARNING "No top level signals found. Simulator will start without a wave window. If you want to open a wave window go to 'File->New Waveform Configuration' or type 'create_wave_config' in the TCL console."
#   }
# }
# run 1000ns
Time = 0: switches_inputs = xxxxxxxxxxxxxxxx, led = xxxxxxxxxxxxxxxx
Time = 60000: switches_inputs = 0000000000000000, led = 0000000000000000
Time = 70000: switches_inputs = 1111111111111111, led = 1111111111111111
Time = 80000: switches_inputs = 0101010101010101, led = 0101010101010101
Time = 90000: switches_inputs = 1010101010101010, led = 1010101010101010
Time = 100000: switches_inputs = 1100110011001100, led = 1100110011001100
Time = 110000: switches_inputs = 0011001100110011, led = 0011001100110011
$stop called at time : 170 ns : File "C:/Users/activ/OneDrive/Document/GitHub/ENEL453/Lab1B/lab_1b_top_level_tb.sv" Line 70
INFO: [USF-XSim-96] XSim completed. Design snapshot 'lab_1b_top_level_tb_behav' loaded.
INFO: [USF-XSim-97] XSim simulation ran for 1000ns
launch_simulation: Time (s): cpu = 00:00:04 ; elapsed = 00:00:08 . Memory (MB): peak = 1692.793 ; gain = 1.633
WARNING: [filemgmt 56-199] Attempt to get parsing info during refresh. "On-the-fly" syntax checking information may be incorrect. [C:\Users\activ\OneDrive\Document\GitHub\ENEL453\Lab1B\lab_1b_top_level.sv:]
WARNING: [filemgmt 56-199] Attempt to get parsing info during refresh. "On-the-fly" syntax checking information may be incorrect. [C:\Users\activ\OneDrive\Document\GitHub\ENEL453\Lab1B\lab_1b_top_level_tb.sv:]
WARNING: [filemgmt 56-199] Attempt to get parsing info during refresh. "On-the-fly" syntax checking information may be incorrect. [C:\Users\activ\OneDrive\Document\GitHub\ENEL453\Lab1B\others\digit_multiplexor.sv:]
WARNING: [filemgmt 56-199] Attempt to get parsing info during refresh. "On-the-fly" syntax checking information may be incorrect. [C:\Users\activ\OneDrive\Document\GitHub\ENEL453\Lab1B\others\seven_segment_display_subsystem.sv:]
WARNING: [filemgmt 56-199] Attempt to get parsing info during refresh. "On-the-fly" syntax checking information may be incorrect. [C:\Users\activ\OneDrive\Document\GitHub\ENEL453\Lab1B\others\seven_segment_digit_selector.sv:]
WARNING: [filemgmt 56-199] Attempt to get parsing info during refresh. "On-the-fly" syntax checking information may be incorrect. [C:\Users\activ\OneDrive\Document\GitHub\ENEL453\Lab1B\others\seven_segment_decoder_Lab1b.sv:]
WARNING: [filemgmt 56-199] Attempt to get parsing info during refresh. "On-the-fly" syntax checking information may be incorrect. [C:\Users\activ\OneDrive\Document\GitHub\ENEL453\Lab1B\others\seven_segment_decoder_Lab1b.sv:]
WARNING: [filemgmt 56-199] Attempt to get parsing info during refresh. "On-the-fly" syntax checking information may be incorrect. [C:\Users\activ\OneDrive\Document\GitHub\ENEL453\Lab1B\others\seven_segment_decoder_Lab1b.sv:]
WARNING: [filemgmt 56-199] Attempt to get parsing info during refresh. "On-the-fly" syntax checking information may be incorrect. [C:\Users\activ\OneDrive\Document\GitHub\ENEL453\Lab1B\lab_1b_top_level.sv:]
WARNING: [filemgmt 56-199] Attempt to get parsing info during refresh. "On-the-fly" syntax checking information may be incorrect. [C:\Users\activ\OneDrive\Document\GitHub\ENEL453\Lab1B\lab_1b_top_level_tb.sv:]
WARNING: [filemgmt 56-199] Attempt to get parsing info during refresh. "On-the-fly" syntax checking information may be incorrect. [C:\Users\activ\OneDrive\Document\GitHub\ENEL453\Lab1B\others\digit_multiplexor.sv:]
WARNING: [filemgmt 56-199] Attempt to get parsing info during refresh. "On-the-fly" syntax checking information may be incorrect. [C:\Users\activ\OneDrive\Document\GitHub\ENEL453\Lab1B\others\seven_segment_display_subsystem.sv:]
WARNING: [filemgmt 56-199] Attempt to get parsing info during refresh. "On-the-fly" syntax checking information may be incorrect. [C:\Users\activ\OneDrive\Document\GitHub\ENEL453\Lab1B\others\seven_segment_digit_selector.sv:]
WARNING: [filemgmt 56-199] Attempt to get parsing info during refresh. "On-the-fly" syntax checking information may be incorrect. [C:\Users\activ\OneDrive\Document\GitHub\ENEL453\Lab1B\others\seven_segment_decoder_Lab1b.sv:]
WARNING: [filemgmt 56-199] Attempt to get parsing info during refresh. "On-the-fly" syntax checking information may be incorrect. [C:\Users\activ\OneDrive\Document\GitHub\ENEL453\Lab1B\others\seven_segment_digit_selector.sv:]
WARNING: [filemgmt 56-199] Attempt to get parsing info during refresh. "On-the-fly" syntax checking information may be incorrect. [C:\Users\activ\OneDrive\Document\GitHub\ENEL453\Lab1B\others\seven_segment_digit_selector.sv:]
close_sim
INFO: [Simtcl 6-16] Simulation closed
launch_simulation
Command: launch_simulation 
INFO: [Vivado 12-12493] Simulation top is 'lab_1b_top_level_tb'
INFO: [Vivado 12-5682] Launching behavioral simulation in 'C:/Users/activ/OneDrive/Document/GitHub/ENEL453/Lab1B/Lab_1b/Lab_1b.sim/sim_1/behav/xsim'
INFO: [SIM-utils-51] Simulation object is 'sim_1'
INFO: [SIM-utils-72] Using boost library from 'C:/Xilinx/2025.1/Vivado/tps/boost_1_72_0'
INFO: [SIM-utils-54] Inspecting design source files for 'lab_1b_top_level_tb' in fileset 'sim_1'...
INFO: [USF-XSim-97] Finding global include files...
INFO: [USF-XSim-98] Fetching design files from 'sim_1'...
INFO: [USF-XSim-2] XSim::Compile design
INFO: [USF-XSim-61] Executing 'COMPILE and ANALYZE' step in 'C:/Users/activ/OneDrive/Document/GitHub/ENEL453/Lab1B/Lab_1b/Lab_1b.sim/sim_1/behav/xsim'
"xvlog --incr --relax -L uvm -prj lab_1b_top_level_tb_vlog.prj"
INFO: [VRFC 10-2263] Analyzing SystemVerilog file "C:/Users/activ/OneDrive/Document/GitHub/ENEL453/Lab1B/others/digit_multiplexor.sv" into library xil_defaultlib
INFO: [VRFC 10-311] analyzing module digit_multiplexor
INFO: [VRFC 10-2263] Analyzing SystemVerilog file "C:/Users/activ/OneDrive/Document/GitHub/ENEL453/Lab1B/lab_1b_top_level.sv" into library xil_defaultlib
INFO: [VRFC 10-311] analyzing module lab_1b_top_level
INFO: [VRFC 10-2263] Analyzing SystemVerilog file "C:/Users/activ/OneDrive/Document/GitHub/ENEL453/Lab1B/others/seven_segment_decoder_Lab1b.sv" into library xil_defaultlib
INFO: [VRFC 10-311] analyzing module seven_segment_decoder
INFO: [VRFC 10-2263] Analyzing SystemVerilog file "C:/Users/activ/OneDrive/Document/GitHub/ENEL453/Lab1B/others/seven_segment_digit_selector.sv" into library xil_defaultlib
INFO: [VRFC 10-311] analyzing module seven_segment_digit_selector
INFO: [VRFC 10-2263] Analyzing SystemVerilog file "C:/Users/activ/OneDrive/Document/GitHub/ENEL453/Lab1B/others/seven_segment_display_subsystem.sv" into library xil_defaultlib
INFO: [VRFC 10-311] analyzing module seven_segment_display_subsystem
INFO: [VRFC 10-2263] Analyzing SystemVerilog file "C:/Users/activ/OneDrive/Document/GitHub/ENEL453/Lab1B/switch_logic.sv" into library xil_defaultlib
INFO: [VRFC 10-311] analyzing module switch_logic
INFO: [VRFC 10-2263] Analyzing SystemVerilog file "C:/Users/activ/OneDrive/Document/GitHub/ENEL453/Lab1B/lab_1b_top_level_tb.sv" into library xil_defaultlib
INFO: [VRFC 10-311] analyzing module lab_1b_top_level_tb
INFO: [USF-XSim-69] 'compile' step finished in '3' seconds
INFO: [USF-XSim-3] XSim::Elaborate design
INFO: [USF-XSim-61] Executing 'ELABORATE' step in 'C:/Users/activ/OneDrive/Document/GitHub/ENEL453/Lab1B/Lab_1b/Lab_1b.sim/sim_1/behav/xsim'
"xelab --incr --debug typical --relax --mt 2 -L xil_defaultlib -L uvm -L unisims_ver -L unimacro_ver -L secureip --snapshot lab_1b_top_level_tb_behav xil_defaultlib.lab_1b_top_level_tb xil_defaultlib.glbl -log elaborate.log"
Vivado Simulator v2025.1.0
Copyright 1986-2022 Xilinx, Inc. All Rights Reserved.
Copyright 2022-2025 Advanced Micro Devices, Inc. All Rights Reserved.
Running: C:/Xilinx/2025.1/Vivado/bin/unwrapped/win64.o/xelab.exe --incr --debug typical --relax --mt 2 -L xil_defaultlib -L uvm -L unisims_ver -L unimacro_ver -L secureip --snapshot lab_1b_top_level_tb_behav xil_defaultlib.lab_1b_top_level_tb xil_defaultlib.glbl -log elaborate.log 
Using 2 slave threads.
Starting static elaboration
Pass Through NonSizing Optimizer
WARNING: [VRFC 10-5021] port 'switches_inputs' is not connected on this instance [C:/Users/activ/OneDrive/Document/GitHub/ENEL453/Lab1B/lab_1b_top_level.sv:17]
Completed static elaboration
Starting simulation data flow analysis
WARNING: [XSIM 43-4099] "C:/Users/activ/OneDrive/Document/GitHub/ENEL453/Lab1B/lab_1b_top_level.sv" Line 1. Module lab_1b_top_level doesn't have a timescale but at least one module in design has a timescale.
WARNING: [XSIM 43-4099] "C:/Users/activ/OneDrive/Document/GitHub/ENEL453/Lab1B/others/seven_segment_display_subsystem.sv" Line 26. Module seven_segment_display_subsystem doesn't have a timescale but at least one module in design has a timescale.
WARNING: [XSIM 43-4099] "C:/Users/activ/OneDrive/Document/GitHub/ENEL453/Lab1B/others/digit_multiplexor.sv" Line 39. Module digit_multiplexor doesn't have a timescale but at least one module in design has a timescale.
WARNING: [XSIM 43-4099] "C:/Users/activ/OneDrive/Document/GitHub/ENEL453/Lab1B/others/seven_segment_digit_selector.sv" Line 36. Module seven_segment_digit_selector doesn't have a timescale but at least one module in design has a timescale.
WARNING: [XSIM 43-4099] "C:/Users/activ/OneDrive/Document/GitHub/ENEL453/Lab1B/others/seven_segment_decoder_Lab1b.sv" Line 37. Module seven_segment_decoder doesn't have a timescale but at least one module in design has a timescale.
WARNING: [XSIM 43-4099] "C:/Users/activ/OneDrive/Document/GitHub/ENEL453/Lab1B/switch_logic.sv" Line 1. Module switch_logic doesn't have a timescale but at least one module in design has a timescale.
WARNING: [XSIM 43-4099] "C:/Users/activ/OneDrive/Document/GitHub/ENEL453/Lab1B/lab_1b_top_level.sv" Line 1. Module lab_1b_top_level doesn't have a timescale but at least one module in design has a timescale.
WARNING: [XSIM 43-4099] "C:/Users/activ/OneDrive/Document/GitHub/ENEL453/Lab1B/others/seven_segment_display_subsystem.sv" Line 26. Module seven_segment_display_subsystem doesn't have a timescale but at least one module in design has a timescale.
WARNING: [XSIM 43-4099] "C:/Users/activ/OneDrive/Document/GitHub/ENEL453/Lab1B/others/digit_multiplexor.sv" Line 39. Module digit_multiplexor doesn't have a timescale but at least one module in design has a timescale.
WARNING: [XSIM 43-4099] "C:/Users/activ/OneDrive/Document/GitHub/ENEL453/Lab1B/others/seven_segment_digit_selector.sv" Line 36. Module seven_segment_digit_selector doesn't have a timescale but at least one module in design has a timescale.
WARNING: [XSIM 43-4099] "C:/Users/activ/OneDrive/Document/GitHub/ENEL453/Lab1B/others/seven_segment_decoder_Lab1b.sv" Line 37. Module seven_segment_decoder doesn't have a timescale but at least one module in design has a timescale.
WARNING: [XSIM 43-4099] "C:/Users/activ/OneDrive/Document/GitHub/ENEL453/Lab1B/switch_logic.sv" Line 1. Module switch_logic doesn't have a timescale but at least one module in design has a timescale.
Completed simulation data flow analysis
Time Resolution for simulation is 1ps
Compiling module xil_defaultlib.digit_multiplexor
Compiling module xil_defaultlib.seven_segment_digit_selector
Compiling module xil_defaultlib.seven_segment_decoder
Compiling module xil_defaultlib.seven_segment_display_subsystem
Compiling module xil_defaultlib.switch_logic
Compiling module xil_defaultlib.lab_1b_top_level
Compiling module xil_defaultlib.lab_1b_top_level_tb
Compiling module xil_defaultlib.glbl
Built simulation snapshot lab_1b_top_level_tb_behav
run_program: Time (s): cpu = 00:00:01 ; elapsed = 00:00:06 . Memory (MB): peak = 3376.152 ; gain = 0.000
INFO: [USF-XSim-69] 'elaborate' step finished in '6' seconds
INFO: [USF-XSim-4] XSim::Simulate design
INFO: [USF-XSim-61] Executing 'SIMULATE' step in 'C:/Users/activ/OneDrive/Document/GitHub/ENEL453/Lab1B/Lab_1b/Lab_1b.sim/sim_1/behav/xsim'
INFO: [USF-XSim-98] *** Running xsim
   with args "lab_1b_top_level_tb_behav -key {Behavioral:sim_1:Functional:lab_1b_top_level_tb} -tclbatch {lab_1b_top_level_tb.tcl} -log {simulate.log}"
INFO: [USF-XSim-8] Loading simulator feature
Time resolution is 1 ps
source lab_1b_top_level_tb.tcl
# set curr_wave [current_wave_config]
# if { [string length $curr_wave] == 0 } {
#   if { [llength [get_objects]] > 0} {
#     add_wave /
#     set_property needs_save false [current_wave_config]
#   } else {
#      send_msg_id Add_Wave-1 WARNING "No top level signals found. Simulator will start without a wave window. If you want to open a wave window go to 'File->New Waveform Configuration' or type 'create_wave_config' in the TCL console."
#   }
# }
# run 1000ns
Time = 0: switches_inputs = xxxxxxxxxxxxxxxx, led = xxxxxxxxxxxxxxxx
Time = 60000: switches_inputs = 0000000000000000, led = 0000000000000000
Time = 70000: switches_inputs = 1111111111111111, led = 1111111111111111
Time = 80000: switches_inputs = 0101010101010101, led = 0101010101010101
Time = 90000: switches_inputs = 1010101010101010, led = 1010101010101010
Time = 100000: switches_inputs = 1100110011001100, led = 1100110011001100
Time = 110000: switches_inputs = 0011001100110011, led = 0011001100110011
$stop called at time : 170 ns : File "C:/Users/activ/OneDrive/Document/GitHub/ENEL453/Lab1B/lab_1b_top_level_tb.sv" Line 70
xsim: Time (s): cpu = 00:00:10 ; elapsed = 00:00:07 . Memory (MB): peak = 3376.152 ; gain = 0.000
INFO: [USF-XSim-96] XSim completed. Design snapshot 'lab_1b_top_level_tb_behav' loaded.
INFO: [USF-XSim-97] XSim simulation ran for 1000ns
launch_simulation: Time (s): cpu = 00:00:12 ; elapsed = 00:00:17 . Memory (MB): peak = 3376.152 ; gain = 0.000
close_sim
WARNING: [filemgmt 56-199] Attempt to get parsing info during refresh. "On-the-fly" syntax checking information may be incorrect. [C:\Users\activ\OneDrive\Document\GitHub\ENEL453\Lab1B\lab_1b_top_level.sv:]
WARNING: [filemgmt 56-199] Attempt to get parsing info during refresh. "On-the-fly" syntax checking information may be incorrect. [C:\Users\activ\OneDrive\Document\GitHub\ENEL453\Lab1B\lab_1b_top_level_tb.sv:]
WARNING: [filemgmt 56-199] Attempt to get parsing info during refresh. "On-the-fly" syntax checking information may be incorrect. [C:\Users\activ\OneDrive\Document\GitHub\ENEL453\Lab1B\others\digit_multiplexor.sv:]
WARNING: [filemgmt 56-199] Attempt to get parsing info during refresh. "On-the-fly" syntax checking information may be incorrect. [C:\Users\activ\OneDrive\Document\GitHub\ENEL453\Lab1B\others\seven_segment_display_subsystem.sv:]
WARNING: [filemgmt 56-199] Attempt to get parsing info during refresh. "On-the-fly" syntax checking information may be incorrect. [C:\Users\activ\OneDrive\Document\GitHub\ENEL453\Lab1B\others\seven_segment_digit_selector.sv:]
WARNING: [filemgmt 56-199] Attempt to get parsing info during refresh. "On-the-fly" syntax checking information may be incorrect. [C:\Users\activ\OneDrive\Document\GitHub\ENEL453\Lab1B\others\seven_segment_decoder_Lab1b.sv:]
WARNING: [filemgmt 56-199] Attempt to get parsing info during refresh. "On-the-fly" syntax checking information may be incorrect. [C:\Users\activ\OneDrive\Document\GitHub\ENEL453\Lab1B\lab_1b_top_level.sv:]
WARNING: [filemgmt 56-199] Attempt to get parsing info during refresh. "On-the-fly" syntax checking information may be incorrect. [C:\Users\activ\OneDrive\Document\GitHub\ENEL453\Lab1B\lab_1b_top_level.sv:]
WARNING: [filemgmt 56-199] Attempt to get parsing info during refresh. "On-the-fly" syntax checking information may be incorrect. [C:\Users\activ\OneDrive\Document\GitHub\ENEL453\Lab1B\lab_1b_top_level.sv:]
WARNING: [filemgmt 56-199] Attempt to get parsing info during refresh. "On-the-fly" syntax checking information may be incorrect. [C:\Users\activ\OneDrive\Document\GitHub\ENEL453\Lab1B\lab_1b_top_level_tb.sv:]
WARNING: [filemgmt 56-199] Attempt to get parsing info during refresh. "On-the-fly" syntax checking information may be incorrect. [C:\Users\activ\OneDrive\Document\GitHub\ENEL453\Lab1B\others\digit_multiplexor.sv:]
WARNING: [filemgmt 56-199] Attempt to get parsing info during refresh. "On-the-fly" syntax checking information may be incorrect. [C:\Users\activ\OneDrive\Document\GitHub\ENEL453\Lab1B\others\seven_segment_display_subsystem.sv:]
WARNING: [filemgmt 56-199] Attempt to get parsing info during refresh. "On-the-fly" syntax checking information may be incorrect. [C:\Users\activ\OneDrive\Document\GitHub\ENEL453\Lab1B\others\seven_segment_digit_selector.sv:]
WARNING: [filemgmt 56-199] Attempt to get parsing info during refresh. "On-the-fly" syntax checking information may be incorrect. [C:\Users\activ\OneDrive\Document\GitHub\ENEL453\Lab1B\others\seven_segment_decoder_Lab1b.sv:]
WARNING: [filemgmt 56-199] Attempt to get parsing info during refresh. "On-the-fly" syntax checking information may be incorrect. [C:\Users\activ\OneDrive\Document\GitHub\ENEL453\Lab1B\lab_1b_top_level_tb.sv:]
WARNING: [filemgmt 56-199] Attempt to get parsing info during refresh. "On-the-fly" syntax checking information may be incorrect. [C:\Users\activ\OneDrive\Document\GitHub\ENEL453\Lab1B\lab_1b_top_level_tb.sv:]
WARNING: [filemgmt 56-199] Attempt to get parsing info during refresh. "On-the-fly" syntax checking information may be incorrect. [C:\Users\activ\OneDrive\Document\GitHub\ENEL453\Lab1B\lab_1b_top_level.sv:]
WARNING: [filemgmt 56-199] Attempt to get parsing info during refresh. "On-the-fly" syntax checking information may be incorrect. [C:\Users\activ\OneDrive\Document\GitHub\ENEL453\Lab1B\lab_1b_top_level_tb.sv:]
WARNING: [filemgmt 56-199] Attempt to get parsing info during refresh. "On-the-fly" syntax checking information may be incorrect. [C:\Users\activ\OneDrive\Document\GitHub\ENEL453\Lab1B\others\digit_multiplexor.sv:]
WARNING: [filemgmt 56-199] Attempt to get parsing info during refresh. "On-the-fly" syntax checking information may be incorrect. [C:\Users\activ\OneDrive\Document\GitHub\ENEL453\Lab1B\others\seven_segment_display_subsystem.sv:]
WARNING: [filemgmt 56-199] Attempt to get parsing info during refresh. "On-the-fly" syntax checking information may be incorrect. [C:\Users\activ\OneDrive\Document\GitHub\ENEL453\Lab1B\others\seven_segment_digit_selector.sv:]
WARNING: [filemgmt 56-199] Attempt to get parsing info during refresh. "On-the-fly" syntax checking information may be incorrect. [C:\Users\activ\OneDrive\Document\GitHub\ENEL453\Lab1B\others\seven_segment_decoder_Lab1b.sv:]
WARNING: [filemgmt 56-199] Attempt to get parsing info during refresh. "On-the-fly" syntax checking information may be incorrect. [C:\Users\activ\OneDrive\Document\GitHub\ENEL453\Lab1B\others\seven_segment_decoder_Lab1b.sv:]
WARNING: [filemgmt 56-199] Attempt to get parsing info during refresh. "On-the-fly" syntax checking information may be incorrect. [C:\Users\activ\OneDrive\Document\GitHub\ENEL453\Lab1B\others\seven_segment_decoder_Lab1b.sv:]
INFO: [Simtcl 6-16] Simulation closed
ERROR: [Common 17-180] Spawn failed: The operation completed successfully.

WARNING: [filemgmt 56-199] Attempt to get parsing info during refresh. "On-the-fly" syntax checking information may be incorrect. [C:\Users\activ\OneDrive\Document\GitHub\ENEL453\Lab1B\lab_1b_top_level.sv:]
WARNING: [filemgmt 56-199] Attempt to get parsing info during refresh. "On-the-fly" syntax checking information may be incorrect. [C:\Users\activ\OneDrive\Document\GitHub\ENEL453\Lab1B\lab_1b_top_level_tb.sv:]
WARNING: [filemgmt 56-199] Attempt to get parsing info during refresh. "On-the-fly" syntax checking information may be incorrect. [C:\Users\activ\OneDrive\Document\GitHub\ENEL453\Lab1B\others\digit_multiplexor.sv:]
WARNING: [filemgmt 56-199] Attempt to get parsing info during refresh. "On-the-fly" syntax checking information may be incorrect. [C:\Users\activ\OneDrive\Document\GitHub\ENEL453\Lab1B\others\seven_segment_display_subsystem.sv:]
WARNING: [filemgmt 56-199] Attempt to get parsing info during refresh. "On-the-fly" syntax checking information may be incorrect. [C:\Users\activ\OneDrive\Document\GitHub\ENEL453\Lab1B\others\seven_segment_digit_selector.sv:]
WARNING: [filemgmt 56-199] Attempt to get parsing info during refresh. "On-the-fly" syntax checking information may be incorrect. [C:\Users\activ\OneDrive\Document\GitHub\ENEL453\Lab1B\others\seven_segment_decoder_Lab1b.sv:]
WARNING: [filemgmt 56-199] Attempt to get parsing info during refresh. "On-the-fly" syntax checking information may be incorrect. [C:\Users\activ\OneDrive\Document\GitHub\ENEL453\Lab1B\others\seven_segment_display_subsystem.sv:]
WARNING: [filemgmt 56-199] Attempt to get parsing info during refresh. "On-the-fly" syntax checking information may be incorrect. [C:\Users\activ\OneDrive\Document\GitHub\ENEL453\Lab1B\others\seven_segment_display_subsystem.sv:]
launch_simulation
Command: launch_simulation 
INFO: [Vivado 12-12493] Simulation top is 'lab_1b_top_level_tb'
INFO: [Vivado 12-5682] Launching behavioral simulation in 'C:/Users/activ/OneDrive/Document/GitHub/ENEL453/Lab1B/Lab_1b/Lab_1b.sim/sim_1/behav/xsim'
WARNING: [filemgmt 56-199] Attempt to get parsing info during refresh. "On-the-fly" syntax checking information may be incorrect. [C:\Users\activ\OneDrive\Document\GitHub\ENEL453\Lab1B\lab_1b_top_level.sv:]
WARNING: [filemgmt 56-199] Attempt to get parsing info during refresh. "On-the-fly" syntax checking information may be incorrect. [C:\Users\activ\OneDrive\Document\GitHub\ENEL453\Lab1B\lab_1b_top_level_tb.sv:]
WARNING: [filemgmt 56-199] Attempt to get parsing info during refresh. "On-the-fly" syntax checking information may be incorrect. [C:\Users\activ\OneDrive\Document\GitHub\ENEL453\Lab1B\others\digit_multiplexor.sv:]
WARNING: [filemgmt 56-199] Attempt to get parsing info during refresh. "On-the-fly" syntax checking information may be incorrect. [C:\Users\activ\OneDrive\Document\GitHub\ENEL453\Lab1B\others\seven_segment_display_subsystem.sv:]
WARNING: [filemgmt 56-199] Attempt to get parsing info during refresh. "On-the-fly" syntax checking information may be incorrect. [C:\Users\activ\OneDrive\Document\GitHub\ENEL453\Lab1B\others\seven_segment_digit_selector.sv:]
WARNING: [filemgmt 56-199] Attempt to get parsing info during refresh. "On-the-fly" syntax checking information may be incorrect. [C:\Users\activ\OneDrive\Document\GitHub\ENEL453\Lab1B\others\seven_segment_decoder_Lab1b.sv:]
WARNING: [filemgmt 56-199] Attempt to get parsing info during refresh. "On-the-fly" syntax checking information may be incorrect. [C:\Users\activ\OneDrive\Document\GitHub\ENEL453\Lab1B\others\seven_segment_digit_selector.sv:]
WARNING: [filemgmt 56-199] Attempt to get parsing info during refresh. "On-the-fly" syntax checking information may be incorrect. [C:\Users\activ\OneDrive\Document\GitHub\ENEL453\Lab1B\others\seven_segment_digit_selector.sv:]
INFO: [SIM-utils-51] Simulation object is 'sim_1'
INFO: [SIM-utils-72] Using boost library from 'C:/Xilinx/2025.1/Vivado/tps/boost_1_72_0'
INFO: [SIM-utils-54] Inspecting design source files for 'lab_1b_top_level_tb' in fileset 'sim_1'...
INFO: [USF-XSim-97] Finding global include files...
INFO: [USF-XSim-98] Fetching design files from 'sim_1'...
INFO: [USF-XSim-2] XSim::Compile design
INFO: [USF-XSim-61] Executing 'COMPILE and ANALYZE' step in 'C:/Users/activ/OneDrive/Document/GitHub/ENEL453/Lab1B/Lab_1b/Lab_1b.sim/sim_1/behav/xsim'
ERROR: [Common 17-180] Spawn failed: The operation completed successfully.

"xvlog --incr --relax -L uvm -prj lab_1b_top_level_tb_vlog.prj"
INFO: [VRFC 10-2263] Analyzing SystemVerilog file "C:/Users/activ/OneDrive/Document/GitHub/ENEL453/Lab1B/others/digit_multiplexor.sv" into library xil_defaultlib
INFO: [VRFC 10-311] analyzing module digit_multiplexor
INFO: [VRFC 10-2263] Analyzing SystemVerilog file "C:/Users/activ/OneDrive/Document/GitHub/ENEL453/Lab1B/lab_1b_top_level.sv" into library xil_defaultlib
INFO: [VRFC 10-311] analyzing module lab_1b_top_level
INFO: [VRFC 10-2263] Analyzing SystemVerilog file "C:/Users/activ/OneDrive/Document/GitHub/ENEL453/Lab1B/others/seven_segment_decoder_Lab1b.sv" into library xil_defaultlib
INFO: [VRFC 10-311] analyzing module seven_segment_decoder
INFO: [VRFC 10-2263] Analyzing SystemVerilog file "C:/Users/activ/OneDrive/Document/GitHub/ENEL453/Lab1B/others/seven_segment_digit_selector.sv" into library xil_defaultlib
INFO: [VRFC 10-311] analyzing module seven_segment_digit_selector
INFO: [VRFC 10-2263] Analyzing SystemVerilog file "C:/Users/activ/OneDrive/Document/GitHub/ENEL453/Lab1B/others/seven_segment_display_subsystem.sv" into library xil_defaultlib
INFO: [VRFC 10-311] analyzing module seven_segment_display_subsystem
INFO: [VRFC 10-2263] Analyzing SystemVerilog file "C:/Users/activ/OneDrive/Document/GitHub/ENEL453/Lab1B/switch_logic.sv" into library xil_defaultlib
INFO: [VRFC 10-311] analyzing module switch_logic
INFO: [VRFC 10-2263] Analyzing SystemVerilog file "C:/Users/activ/OneDrive/Document/GitHub/ENEL453/Lab1B/lab_1b_top_level_tb.sv" into library xil_defaultlib
INFO: [VRFC 10-311] analyzing module lab_1b_top_level_tb
INFO: [USF-XSim-69] 'compile' step finished in '2' seconds
ERROR: [USF-XSim-62] 'compile' step failed with error(s) while executing 'C:/Users/activ/OneDrive/Document/GitHub/ENEL453/Lab1B/Lab_1b/Lab_1b.sim/sim_1/behav/xsim/compile.bat' script. Please check that the file has the correct 'read/write/execute' permissions and the Tcl console output for any other possible errors or warnings.
ERROR: [Vivado 12-4473] Detected error while running simulation. Please correct the issue and retry this operation.
ERROR: [Common 17-39] 'launch_simulation' failed due to earlier errors.
launch_simulation
Command: launch_simulation 
INFO: [Vivado 12-12493] Simulation top is 'lab_1b_top_level_tb'
INFO: [Vivado 12-5682] Launching behavioral simulation in 'C:/Users/activ/OneDrive/Document/GitHub/ENEL453/Lab1B/Lab_1b/Lab_1b.sim/sim_1/behav/xsim'
INFO: [SIM-utils-51] Simulation object is 'sim_1'
INFO: [SIM-utils-72] Using boost library from 'C:/Xilinx/2025.1/Vivado/tps/boost_1_72_0'
INFO: [SIM-utils-54] Inspecting design source files for 'lab_1b_top_level_tb' in fileset 'sim_1'...
INFO: [USF-XSim-97] Finding global include files...
INFO: [USF-XSim-98] Fetching design files from 'sim_1'...
INFO: [USF-XSim-2] XSim::Compile design
INFO: [USF-XSim-61] Executing 'COMPILE and ANALYZE' step in 'C:/Users/activ/OneDrive/Document/GitHub/ENEL453/Lab1B/Lab_1b/Lab_1b.sim/sim_1/behav/xsim'
"xvlog --incr --relax -L uvm -prj lab_1b_top_level_tb_vlog.prj"
INFO: [USF-XSim-69] 'compile' step finished in '1' seconds
INFO: [USF-XSim-3] XSim::Elaborate design
INFO: [USF-XSim-61] Executing 'ELABORATE' step in 'C:/Users/activ/OneDrive/Document/GitHub/ENEL453/Lab1B/Lab_1b/Lab_1b.sim/sim_1/behav/xsim'
"xelab --incr --debug typical --relax --mt 2 -L xil_defaultlib -L uvm -L unisims_ver -L unimacro_ver -L secureip --snapshot lab_1b_top_level_tb_behav xil_defaultlib.lab_1b_top_level_tb xil_defaultlib.glbl -log elaborate.log"
Vivado Simulator v2025.1.0
Copyright 1986-2022 Xilinx, Inc. All Rights Reserved.
Copyright 2022-2025 Advanced Micro Devices, Inc. All Rights Reserved.
Running: C:/Xilinx/2025.1/Vivado/bin/unwrapped/win64.o/xelab.exe --incr --debug typical --relax --mt 2 -L xil_defaultlib -L uvm -L unisims_ver -L unimacro_ver -L secureip --snapshot lab_1b_top_level_tb_behav xil_defaultlib.lab_1b_top_level_tb xil_defaultlib.glbl -log elaborate.log 
Using 2 slave threads.
Starting static elaboration
Pass Through NonSizing Optimizer
WARNING: [VRFC 10-5021] port 'switches_inputs' is not connected on this instance [C:/Users/activ/OneDrive/Document/GitHub/ENEL453/Lab1B/lab_1b_top_level.sv:17]
Completed static elaboration
Starting simulation data flow analysis
WARNING: [XSIM 43-4099] "C:/Users/activ/OneDrive/Document/GitHub/ENEL453/Lab1B/lab_1b_top_level.sv" Line 1. Module lab_1b_top_level doesn't have a timescale but at least one module in design has a timescale.
WARNING: [XSIM 43-4099] "C:/Users/activ/OneDrive/Document/GitHub/ENEL453/Lab1B/others/seven_segment_display_subsystem.sv" Line 26. Module seven_segment_display_subsystem doesn't have a timescale but at least one module in design has a timescale.
WARNING: [XSIM 43-4099] "C:/Users/activ/OneDrive/Document/GitHub/ENEL453/Lab1B/others/digit_multiplexor.sv" Line 39. Module digit_multiplexor doesn't have a timescale but at least one module in design has a timescale.
WARNING: [XSIM 43-4099] "C:/Users/activ/OneDrive/Document/GitHub/ENEL453/Lab1B/others/seven_segment_digit_selector.sv" Line 36. Module seven_segment_digit_selector doesn't have a timescale but at least one module in design has a timescale.
WARNING: [XSIM 43-4099] "C:/Users/activ/OneDrive/Document/GitHub/ENEL453/Lab1B/others/seven_segment_decoder_Lab1b.sv" Line 37. Module seven_segment_decoder doesn't have a timescale but at least one module in design has a timescale.
WARNING: [XSIM 43-4099] "C:/Users/activ/OneDrive/Document/GitHub/ENEL453/Lab1B/switch_logic.sv" Line 1. Module switch_logic doesn't have a timescale but at least one module in design has a timescale.
WARNING: [XSIM 43-4099] "C:/Users/activ/OneDrive/Document/GitHub/ENEL453/Lab1B/lab_1b_top_level.sv" Line 1. Module lab_1b_top_level doesn't have a timescale but at least one module in design has a timescale.
WARNING: [XSIM 43-4099] "C:/Users/activ/OneDrive/Document/GitHub/ENEL453/Lab1B/others/seven_segment_display_subsystem.sv" Line 26. Module seven_segment_display_subsystem doesn't have a timescale but at least one module in design has a timescale.
WARNING: [XSIM 43-4099] "C:/Users/activ/OneDrive/Document/GitHub/ENEL453/Lab1B/others/digit_multiplexor.sv" Line 39. Module digit_multiplexor doesn't have a timescale but at least one module in design has a timescale.
WARNING: [XSIM 43-4099] "C:/Users/activ/OneDrive/Document/GitHub/ENEL453/Lab1B/others/seven_segment_digit_selector.sv" Line 36. Module seven_segment_digit_selector doesn't have a timescale but at least one module in design has a timescale.
WARNING: [XSIM 43-4099] "C:/Users/activ/OneDrive/Document/GitHub/ENEL453/Lab1B/others/seven_segment_decoder_Lab1b.sv" Line 37. Module seven_segment_decoder doesn't have a timescale but at least one module in design has a timescale.
WARNING: [XSIM 43-4099] "C:/Users/activ/OneDrive/Document/GitHub/ENEL453/Lab1B/switch_logic.sv" Line 1. Module switch_logic doesn't have a timescale but at least one module in design has a timescale.
Completed simulation data flow analysis
Time Resolution for simulation is 1ps
Compiling module xil_defaultlib.digit_multiplexor
Compiling module xil_defaultlib.seven_segment_digit_selector
Compiling module xil_defaultlib.seven_segment_decoder
Compiling module xil_defaultlib.seven_segment_display_subsystem
Compiling module xil_defaultlib.switch_logic
Compiling module xil_defaultlib.lab_1b_top_level
Compiling module xil_defaultlib.lab_1b_top_level_tb
Compiling module xil_defaultlib.glbl
Built simulation snapshot lab_1b_top_level_tb_behav
INFO: [USF-XSim-69] 'elaborate' step finished in '2' seconds
INFO: [USF-XSim-4] XSim::Simulate design
INFO: [USF-XSim-61] Executing 'SIMULATE' step in 'C:/Users/activ/OneDrive/Document/GitHub/ENEL453/Lab1B/Lab_1b/Lab_1b.sim/sim_1/behav/xsim'
INFO: [USF-XSim-98] *** Running xsim
   with args "lab_1b_top_level_tb_behav -key {Behavioral:sim_1:Functional:lab_1b_top_level_tb} -tclbatch {lab_1b_top_level_tb.tcl} -log {simulate.log}"
INFO: [USF-XSim-8] Loading simulator feature
Time resolution is 1 ps
source lab_1b_top_level_tb.tcl
# set curr_wave [current_wave_config]
# if { [string length $curr_wave] == 0 } {
#   if { [llength [get_objects]] > 0} {
#     add_wave /
#     set_property needs_save false [current_wave_config]
#   } else {
#      send_msg_id Add_Wave-1 WARNING "No top level signals found. Simulator will start without a wave window. If you want to open a wave window go to 'File->New Waveform Configuration' or type 'create_wave_config' in the TCL console."
#   }
# }
# run 1000ns
Time = 0: switches_inputs = xxxxxxxxxxxxxxxx, led = xxxxxxxxxxxxxxxx
Time = 60000: switches_inputs = 0000000000000000, led = 0000000000000000
Time = 70000: switches_inputs = 1111111111111111, led = 1111111111111111
Time = 80000: switches_inputs = 0101010101010101, led = 0101010101010101
Time = 90000: switches_inputs = 1010101010101010, led = 1010101010101010
Time = 100000: switches_inputs = 1100110011001100, led = 1100110011001100
Time = 110000: switches_inputs = 0011001100110011, led = 0011001100110011
INFO: [USF-XSim-96] XSim completed. Design snapshot 'lab_1b_top_level_tb_behav' loaded.
INFO: [USF-XSim-97] XSim simulation ran for 1000ns
WARNING: [filemgmt 56-199] Attempt to get parsing info during refresh. "On-the-fly" syntax checking information may be incorrect. [C:\Users\activ\OneDrive\Document\GitHub\ENEL453\Lab1B\lab_1b_top_level.sv:]
WARNING: [filemgmt 56-199] Attempt to get parsing info during refresh. "On-the-fly" syntax checking information may be incorrect. [C:\Users\activ\OneDrive\Document\GitHub\ENEL453\Lab1B\lab_1b_top_level_tb.sv:]
WARNING: [filemgmt 56-199] Attempt to get parsing info during refresh. "On-the-fly" syntax checking information may be incorrect. [C:\Users\activ\OneDrive\Document\GitHub\ENEL453\Lab1B\others\digit_multiplexor.sv:]
WARNING: [filemgmt 56-199] Attempt to get parsing info during refresh. "On-the-fly" syntax checking information may be incorrect. [C:\Users\activ\OneDrive\Document\GitHub\ENEL453\Lab1B\others\seven_segment_display_subsystem.sv:]
WARNING: [filemgmt 56-199] Attempt to get parsing info during refresh. "On-the-fly" syntax checking information may be incorrect. [C:\Users\activ\OneDrive\Document\GitHub\ENEL453\Lab1B\others\seven_segment_digit_selector.sv:]
WARNING: [filemgmt 56-199] Attempt to get parsing info during refresh. "On-the-fly" syntax checking information may be incorrect. [C:\Users\activ\OneDrive\Document\GitHub\ENEL453\Lab1B\others\seven_segment_decoder_Lab1b.sv:]
WARNING: [filemgmt 56-199] Attempt to get parsing info during refresh. "On-the-fly" syntax checking information may be incorrect. [C:\Users\activ\OneDrive\Document\GitHub\ENEL453\Lab1B\others\seven_segment_display_subsystem.sv:]
WARNING: [filemgmt 56-199] Attempt to get parsing info during refresh. "On-the-fly" syntax checking information may be incorrect. [C:\Users\activ\OneDrive\Document\GitHub\ENEL453\Lab1B\others\seven_segment_display_subsystem.sv:]
WARNING: [filemgmt 56-199] Attempt to get parsing info during refresh. "On-the-fly" syntax checking information may be incorrect. [C:\Users\activ\OneDrive\Document\GitHub\ENEL453\Lab1B\lab_1b_top_level.sv:]
WARNING: [filemgmt 56-199] Attempt to get parsing info during refresh. "On-the-fly" syntax checking information may be incorrect. [C:\Users\activ\OneDrive\Document\GitHub\ENEL453\Lab1B\lab_1b_top_level_tb.sv:]
WARNING: [filemgmt 56-199] Attempt to get parsing info during refresh. "On-the-fly" syntax checking information may be incorrect. [C:\Users\activ\OneDrive\Document\GitHub\ENEL453\Lab1B\others\digit_multiplexor.sv:]
WARNING: [filemgmt 56-199] Attempt to get parsing info during refresh. "On-the-fly" syntax checking information may be incorrect. [C:\Users\activ\OneDrive\Document\GitHub\ENEL453\Lab1B\others\seven_segment_display_subsystem.sv:]
WARNING: [filemgmt 56-199] Attempt to get parsing info during refresh. "On-the-fly" syntax checking information may be incorrect. [C:\Users\activ\OneDrive\Document\GitHub\ENEL453\Lab1B\others\seven_segment_digit_selector.sv:]
WARNING: [filemgmt 56-199] Attempt to get parsing info during refresh. "On-the-fly" syntax checking information may be incorrect. [C:\Users\activ\OneDrive\Document\GitHub\ENEL453\Lab1B\others\seven_segment_decoder_Lab1b.sv:]
WARNING: [filemgmt 56-199] Attempt to get parsing info during refresh. "On-the-fly" syntax checking information may be incorrect. [C:\Users\activ\OneDrive\Document\GitHub\ENEL453\Lab1B\others\seven_segment_digit_selector.sv:]
WARNING: [filemgmt 56-199] Attempt to get parsing info during refresh. "On-the-fly" syntax checking information may be incorrect. [C:\Users\activ\OneDrive\Document\GitHub\ENEL453\Lab1B\others\seven_segment_digit_selector.sv:]
WARNING: [filemgmt 56-199] Attempt to get parsing info during refresh. "On-the-fly" syntax checking information may be incorrect. [C:\Users\activ\OneDrive\Document\GitHub\ENEL453\Lab1B\lab_1b_top_level.sv:]
WARNING: [filemgmt 56-199] Attempt to get parsing info during refresh. "On-the-fly" syntax checking information may be incorrect. [C:\Users\activ\OneDrive\Document\GitHub\ENEL453\Lab1B\lab_1b_top_level_tb.sv:]
WARNING: [filemgmt 56-199] Attempt to get parsing info during refresh. "On-the-fly" syntax checking information may be incorrect. [C:\Users\activ\OneDrive\Document\GitHub\ENEL453\Lab1B\others\digit_multiplexor.sv:]
WARNING: [filemgmt 56-199] Attempt to get parsing info during refresh. "On-the-fly" syntax checking information may be incorrect. [C:\Users\activ\OneDrive\Document\GitHub\ENEL453\Lab1B\others\seven_segment_display_subsystem.sv:]
WARNING: [filemgmt 56-199] Attempt to get parsing info during refresh. "On-the-fly" syntax checking information may be incorrect. [C:\Users\activ\OneDrive\Document\GitHub\ENEL453\Lab1B\others\seven_segment_digit_selector.sv:]
WARNING: [filemgmt 56-199] Attempt to get parsing info during refresh. "On-the-fly" syntax checking information may be incorrect. [C:\Users\activ\OneDrive\Document\GitHub\ENEL453\Lab1B\others\seven_segment_decoder_Lab1b.sv:]
WARNING: [filemgmt 56-199] Attempt to get parsing info during refresh. "On-the-fly" syntax checking information may be incorrect. [C:\Users\activ\OneDrive\Document\GitHub\ENEL453\Lab1B\others\digit_multiplexor.sv:]
WARNING: [filemgmt 56-199] Attempt to get parsing info during refresh. "On-the-fly" syntax checking information may be incorrect. [C:\Users\activ\OneDrive\Document\GitHub\ENEL453\Lab1B\others\digit_multiplexor.sv:]
ERROR: [Common 17-180] Spawn failed: The operation completed successfully.

WARNING: [filemgmt 56-199] Attempt to get parsing info during refresh. "On-the-fly" syntax checking information may be incorrect. [C:\Users\activ\OneDrive\Document\GitHub\ENEL453\Lab1B\lab_1b_top_level.sv:]
WARNING: [filemgmt 56-199] Attempt to get parsing info during refresh. "On-the-fly" syntax checking information may be incorrect. [C:\Users\activ\OneDrive\Document\GitHub\ENEL453\Lab1B\lab_1b_top_level_tb.sv:]
WARNING: [filemgmt 56-199] Attempt to get parsing info during refresh. "On-the-fly" syntax checking information may be incorrect. [C:\Users\activ\OneDrive\Document\GitHub\ENEL453\Lab1B\others\digit_multiplexor.sv:]
WARNING: [filemgmt 56-199] Attempt to get parsing info during refresh. "On-the-fly" syntax checking information may be incorrect. [C:\Users\activ\OneDrive\Document\GitHub\ENEL453\Lab1B\others\seven_segment_display_subsystem.sv:]
WARNING: [filemgmt 56-199] Attempt to get parsing info during refresh. "On-the-fly" syntax checking information may be incorrect. [C:\Users\activ\OneDrive\Document\GitHub\ENEL453\Lab1B\others\seven_segment_digit_selector.sv:]
WARNING: [filemgmt 56-199] Attempt to get parsing info during refresh. "On-the-fly" syntax checking information may be incorrect. [C:\Users\activ\OneDrive\Document\GitHub\ENEL453\Lab1B\others\seven_segment_decoder_Lab1b.sv:]
WARNING: [filemgmt 56-199] Attempt to get parsing info during refresh. "On-the-fly" syntax checking information may be incorrect. [C:\Users\activ\OneDrive\Document\GitHub\ENEL453\Lab1B\lab_1b_top_level_tb.sv:]
WARNING: [filemgmt 56-199] Attempt to get parsing info during refresh. "On-the-fly" syntax checking information may be incorrect. [C:\Users\activ\OneDrive\Document\GitHub\ENEL453\Lab1B\lab_1b_top_level_tb.sv:]
ERROR: [Common 17-180] Spawn failed: The operation completed successfully.

synth_design -top lab_1b_top_level -part xc7a35tcpg236-1 -lint 
Command: synth_design -top lab_1b_top_level -part xc7a35tcpg236-1 -lint
Starting synth_design
Attempting to get a license for feature 'Synthesis' and/or device 'xc7a35t'
INFO: [Common 17-349] Got license for feature 'Synthesis' and/or device 'xc7a35t'
INFO: [Synth 8-7079] Multithreading enabled for synth_design using a maximum of 2 processes.
INFO: [Synth 8-7078] Launching helper process for spawning children vivado processes
INFO: [Synth 8-7075] Helper process launched with PID 31748
---------------------------------------------------------------------------------
Starting Synthesize : Time (s): cpu = 00:00:22 ; elapsed = 00:00:29 . Memory (MB): peak = 3376.152 ; gain = 0.000
---------------------------------------------------------------------------------
Clean up Linter database...
INFO: [Synth 8-6157] synthesizing module 'lab_1b_top_level' [C:/Users/activ/OneDrive/Document/GitHub/ENEL453/Lab1B/lab_1b_top_level.sv:1]
INFO: [Synth 8-6157] synthesizing module 'seven_segment_display_subsystem' [C:/Users/activ/OneDrive/Document/GitHub/ENEL453/Lab1B/others/seven_segment_display_subsystem.sv:26]
INFO: [Synth 8-6157] synthesizing module 'digit_multiplexor' [C:/Users/activ/OneDrive/Document/GitHub/ENEL453/Lab1B/others/digit_multiplexor.sv:39]
INFO: [Synth 8-6155] done synthesizing module 'digit_multiplexor' (1#1) [C:/Users/activ/OneDrive/Document/GitHub/ENEL453/Lab1B/others/digit_multiplexor.sv:39]
INFO: [Synth 8-6157] synthesizing module 'seven_segment_digit_selector' [C:/Users/activ/OneDrive/Document/GitHub/ENEL453/Lab1B/others/seven_segment_digit_selector.sv:36]
INFO: [Synth 8-6155] done synthesizing module 'seven_segment_digit_selector' (2#1) [C:/Users/activ/OneDrive/Document/GitHub/ENEL453/Lab1B/others/seven_segment_digit_selector.sv:36]
INFO: [Synth 8-6157] synthesizing module 'seven_segment_decoder' [C:/Users/activ/OneDrive/Document/GitHub/ENEL453/Lab1B/others/seven_segment_decoder_Lab1b.sv:37]
INFO: [Synth 8-6155] done synthesizing module 'seven_segment_decoder' (3#1) [C:/Users/activ/OneDrive/Document/GitHub/ENEL453/Lab1B/others/seven_segment_decoder_Lab1b.sv:37]
INFO: [Synth 8-6155] done synthesizing module 'seven_segment_display_subsystem' (4#1) [C:/Users/activ/OneDrive/Document/GitHub/ENEL453/Lab1B/others/seven_segment_display_subsystem.sv:26]
WARNING: [Synth 8-7071] port 'switches_inputs' of module 'seven_segment_display_subsystem' is unconnected for instance 'SEVEN_SEGMENT_DISPLAY' [C:/Users/activ/OneDrive/Document/GitHub/ENEL453/Lab1B/lab_1b_top_level.sv:17]
WARNING: [Synth 8-7023] instance 'SEVEN_SEGMENT_DISPLAY' of module 'seven_segment_display_subsystem' has 19 connections declared, but only 18 given [C:/Users/activ/OneDrive/Document/GitHub/ENEL453/Lab1B/lab_1b_top_level.sv:17]
INFO: [Synth 8-6157] synthesizing module 'switch_logic' [C:/Users/activ/OneDrive/Document/GitHub/ENEL453/Lab1B/switch_logic.sv:1]
INFO: [Synth 8-6155] done synthesizing module 'switch_logic' (5#1) [C:/Users/activ/OneDrive/Document/GitHub/ENEL453/Lab1B/switch_logic.sv:1]
INFO: [Synth 8-6155] done synthesizing module 'lab_1b_top_level' (6#1) [C:/Users/activ/OneDrive/Document/GitHub/ENEL453/Lab1B/lab_1b_top_level.sv:1]
---------------------------------------------------------------------------------
Finished Synthesize : Time (s): cpu = 00:00:28 ; elapsed = 00:00:37 . Memory (MB): peak = 3376.152 ; gain = 0.000
---------------------------------------------------------------------------------
Copyright 1986-2022 Xilinx, Inc. All Rights Reserved. Copyright 2022-2025 Advanced Micro Devices, Inc. All Rights Reserved.
---------------------------------------------------------------------------------------------------------------------------------------------
| Tool Version : Vivado v.2025.1 (win64) Build 6140274 Thu May 22 00:12:29 MDT 2025
| Date         : Fri Sep 18 08:36:27 2026
| Host         : akaangelchan running 64-bit major release  (build 9200)
---------------------------------------------------------------------------------------------------------------------------------------------

RTL Linter Report

Table of Contents
-----------------
1. Summary

1. Summary
----------

+-----------+----------+--------------+----------+
| Rule ID   | Severity | # Violations | # Waived |
+-----------+----------+--------------+----------+
| ASSIGN-10 | WARNING  | 1            | 0        |
| ASSIGN-12 | WARNING  | 1            | 0        |
+-----------+----------+--------------+----------+


WARNING: [Synth 37-135] [ASSIGN-12]Unconnected input ports found on instance 'SEVEN_SEGMENT_DISPLAY', port name is 'switches_inputs'. 
Hierarchy 'lab_1b_top_level', File 'C:/Users/activ/OneDrive/Document/GitHub/ENEL453/Lab1B/lab_1b_top_level.sv', Line 17.
WARNING: [Synth 37-125] [ASSIGN-10]Some bits in IO 'switches_inputs' are not read. First unread bit index is 0. 
RTL Name 'switches_inputs', Hierarchy 'seven_segment_display_subsystem', File 'seven_segment_display_subsystem.sv', Line 27.
INFO: [Synth 37-85] Total of 2 linter message(s) generated.
INFO: [Synth 37-45] Linter Run Finished!
Synthesis Optimization Runtime : Time (s): cpu = 00:00:28 ; elapsed = 00:00:37 . Memory (MB): peak = 3376.152 ; gain = 0.000
INFO: [Common 17-83] Releasing license: Synthesis
19 Infos, 4 Warnings, 0 Critical Warnings and 0 Errors encountered.
synth_design completed successfully
synth_design: Time (s): cpu = 00:00:30 ; elapsed = 00:00:38 . Memory (MB): peak = 3376.152 ; gain = 0.000
close_sim
INFO: [Simtcl 6-16] Simulation closed
launch_simulation
Command: launch_simulation 
INFO: [Vivado 12-12493] Simulation top is 'lab_1b_top_level_tb'
INFO: [Vivado 12-5682] Launching behavioral simulation in 'C:/Users/activ/OneDrive/Document/GitHub/ENEL453/Lab1B/Lab_1b/Lab_1b.sim/sim_1/behav/xsim'
INFO: [SIM-utils-51] Simulation object is 'sim_1'
INFO: [SIM-utils-72] Using boost library from 'C:/Xilinx/2025.1/Vivado/tps/boost_1_72_0'
INFO: [SIM-utils-54] Inspecting design source files for 'lab_1b_top_level_tb' in fileset 'sim_1'...
INFO: [USF-XSim-97] Finding global include files...
INFO: [USF-XSim-98] Fetching design files from 'sim_1'...
INFO: [USF-XSim-2] XSim::Compile design
INFO: [USF-XSim-61] Executing 'COMPILE and ANALYZE' step in 'C:/Users/activ/OneDrive/Document/GitHub/ENEL453/Lab1B/Lab_1b/Lab_1b.sim/sim_1/behav/xsim'
"xvlog --incr --relax -L uvm -prj lab_1b_top_level_tb_vlog.prj"
INFO: [VRFC 10-2263] Analyzing SystemVerilog file "C:/Users/activ/OneDrive/Document/GitHub/ENEL453/Lab1B/others/digit_multiplexor.sv" into library xil_defaultlib
INFO: [VRFC 10-311] analyzing module digit_multiplexor
INFO: [VRFC 10-2263] Analyzing SystemVerilog file "C:/Users/activ/OneDrive/Document/GitHub/ENEL453/Lab1B/lab_1b_top_level.sv" into library xil_defaultlib
INFO: [VRFC 10-311] analyzing module lab_1b_top_level
INFO: [VRFC 10-2263] Analyzing SystemVerilog file "C:/Users/activ/OneDrive/Document/GitHub/ENEL453/Lab1B/others/seven_segment_decoder_Lab1b.sv" into library xil_defaultlib
INFO: [VRFC 10-311] analyzing module seven_segment_decoder
INFO: [VRFC 10-2263] Analyzing SystemVerilog file "C:/Users/activ/OneDrive/Document/GitHub/ENEL453/Lab1B/others/seven_segment_digit_selector.sv" into library xil_defaultlib
INFO: [VRFC 10-311] analyzing module seven_segment_digit_selector
INFO: [VRFC 10-2263] Analyzing SystemVerilog file "C:/Users/activ/OneDrive/Document/GitHub/ENEL453/Lab1B/others/seven_segment_display_subsystem.sv" into library xil_defaultlib
INFO: [VRFC 10-311] analyzing module seven_segment_display_subsystem
INFO: [VRFC 10-2263] Analyzing SystemVerilog file "C:/Users/activ/OneDrive/Document/GitHub/ENEL453/Lab1B/switch_logic.sv" into library xil_defaultlib
INFO: [VRFC 10-311] analyzing module switch_logic
INFO: [VRFC 10-2263] Analyzing SystemVerilog file "C:/Users/activ/OneDrive/Document/GitHub/ENEL453/Lab1B/lab_1b_top_level_tb.sv" into library xil_defaultlib
INFO: [VRFC 10-311] analyzing module lab_1b_top_level_tb
run_program: Time (s): cpu = 00:00:01 ; elapsed = 00:00:06 . Memory (MB): peak = 3376.152 ; gain = 0.000
INFO: [USF-XSim-69] 'compile' step finished in '6' seconds
INFO: [USF-XSim-3] XSim::Elaborate design
INFO: [USF-XSim-61] Executing 'ELABORATE' step in 'C:/Users/activ/OneDrive/Document/GitHub/ENEL453/Lab1B/Lab_1b/Lab_1b.sim/sim_1/behav/xsim'
"xelab --incr --debug typical --relax --mt 2 -L xil_defaultlib -L uvm -L unisims_ver -L unimacro_ver -L secureip --snapshot lab_1b_top_level_tb_behav xil_defaultlib.lab_1b_top_level_tb xil_defaultlib.glbl -log elaborate.log"
Vivado Simulator v2025.1.0
Copyright 1986-2022 Xilinx, Inc. All Rights Reserved.
Copyright 2022-2025 Advanced Micro Devices, Inc. All Rights Reserved.
Running: C:/Xilinx/2025.1/Vivado/bin/unwrapped/win64.o/xelab.exe --incr --debug typical --relax --mt 2 -L xil_defaultlib -L uvm -L unisims_ver -L unimacro_ver -L secureip --snapshot lab_1b_top_level_tb_behav xil_defaultlib.lab_1b_top_level_tb xil_defaultlib.glbl -log elaborate.log 
Using 2 slave threads.
Starting static elaboration
Pass Through NonSizing Optimizer
WARNING: [VRFC 10-5021] port 'switches_inputs' is not connected on this instance [C:/Users/activ/OneDrive/Document/GitHub/ENEL453/Lab1B/lab_1b_top_level.sv:17]
Completed static elaboration
Starting simulation data flow analysis
WARNING: [XSIM 43-4099] "C:/Users/activ/OneDrive/Document/GitHub/ENEL453/Lab1B/lab_1b_top_level.sv" Line 1. Module lab_1b_top_level doesn't have a timescale but at least one module in design has a timescale.
WARNING: [XSIM 43-4099] "C:/Users/activ/OneDrive/Document/GitHub/ENEL453/Lab1B/others/seven_segment_display_subsystem.sv" Line 26. Module seven_segment_display_subsystem doesn't have a timescale but at least one module in design has a timescale.
WARNING: [XSIM 43-4099] "C:/Users/activ/OneDrive/Document/GitHub/ENEL453/Lab1B/others/digit_multiplexor.sv" Line 39. Module digit_multiplexor doesn't have a timescale but at least one module in design has a timescale.
WARNING: [XSIM 43-4099] "C:/Users/activ/OneDrive/Document/GitHub/ENEL453/Lab1B/others/seven_segment_digit_selector.sv" Line 36. Module seven_segment_digit_selector doesn't have a timescale but at least one module in design has a timescale.
WARNING: [XSIM 43-4099] "C:/Users/activ/OneDrive/Document/GitHub/ENEL453/Lab1B/others/seven_segment_decoder_Lab1b.sv" Line 37. Module seven_segment_decoder doesn't have a timescale but at least one module in design has a timescale.
WARNING: [XSIM 43-4099] "C:/Users/activ/OneDrive/Document/GitHub/ENEL453/Lab1B/switch_logic.sv" Line 1. Module switch_logic doesn't have a timescale but at least one module in design has a timescale.
WARNING: [XSIM 43-4099] "C:/Users/activ/OneDrive/Document/GitHub/ENEL453/Lab1B/lab_1b_top_level.sv" Line 1. Module lab_1b_top_level doesn't have a timescale but at least one module in design has a timescale.
WARNING: [XSIM 43-4099] "C:/Users/activ/OneDrive/Document/GitHub/ENEL453/Lab1B/others/seven_segment_display_subsystem.sv" Line 26. Module seven_segment_display_subsystem doesn't have a timescale but at least one module in design has a timescale.
WARNING: [XSIM 43-4099] "C:/Users/activ/OneDrive/Document/GitHub/ENEL453/Lab1B/others/digit_multiplexor.sv" Line 39. Module digit_multiplexor doesn't have a timescale but at least one module in design has a timescale.
WARNING: [XSIM 43-4099] "C:/Users/activ/OneDrive/Document/GitHub/ENEL453/Lab1B/others/seven_segment_digit_selector.sv" Line 36. Module seven_segment_digit_selector doesn't have a timescale but at least one module in design has a timescale.
WARNING: [XSIM 43-4099] "C:/Users/activ/OneDrive/Document/GitHub/ENEL453/Lab1B/others/seven_segment_decoder_Lab1b.sv" Line 37. Module seven_segment_decoder doesn't have a timescale but at least one module in design has a timescale.
WARNING: [XSIM 43-4099] "C:/Users/activ/OneDrive/Document/GitHub/ENEL453/Lab1B/switch_logic.sv" Line 1. Module switch_logic doesn't have a timescale but at least one module in design has a timescale.
Completed simulation data flow analysis
Time Resolution for simulation is 1ps
Compiling module xil_defaultlib.digit_multiplexor
Compiling module xil_defaultlib.seven_segment_digit_selector
Compiling module xil_defaultlib.seven_segment_decoder
Compiling module xil_defaultlib.seven_segment_display_subsystem
Compiling module xil_defaultlib.switch_logic
Compiling module xil_defaultlib.lab_1b_top_level
Compiling module xil_defaultlib.lab_1b_top_level_tb
Compiling module xil_defaultlib.glbl
Built simulation snapshot lab_1b_top_level_tb_behav
run_program: Time (s): cpu = 00:00:02 ; elapsed = 00:00:17 . Memory (MB): peak = 3376.152 ; gain = 0.000
INFO: [USF-XSim-69] 'elaborate' step finished in '18' seconds
INFO: [USF-XSim-4] XSim::Simulate design
INFO: [USF-XSim-61] Executing 'SIMULATE' step in 'C:/Users/activ/OneDrive/Document/GitHub/ENEL453/Lab1B/Lab_1b/Lab_1b.sim/sim_1/behav/xsim'
INFO: [USF-XSim-98] *** Running xsim
   with args "lab_1b_top_level_tb_behav -key {Behavioral:sim_1:Functional:lab_1b_top_level_tb} -tclbatch {lab_1b_top_level_tb.tcl} -log {simulate.log}"
INFO: [USF-XSim-8] Loading simulator feature
Time resolution is 1 ps
source lab_1b_top_level_tb.tcl
# set curr_wave [current_wave_config]
# if { [string length $curr_wave] == 0 } {
#   if { [llength [get_objects]] > 0} {
#     add_wave /
#     set_property needs_save false [current_wave_config]
#   } else {
#      send_msg_id Add_Wave-1 WARNING "No top level signals found. Simulator will start without a wave window. If you want to open a wave window go to 'File->New Waveform Configuration' or type 'create_wave_config' in the TCL console."
#   }
# }
# run 1000ns
Time = 0: switches_inputs = xxxxxxxxxxxxxxxx, led = xxxxxxxxxxxxxxxx
Time = 60000: switches_inputs = 0000000000000000, led = 0000000000000000
Time = 70000: switches_inputs = 1111111111111111, led = 1111111111111111
Time = 80000: switches_inputs = 0101010101010101, led = 0101010101010101
Time = 90000: switches_inputs = 1010101010101010, led = 1010101010101010
Time = 100000: switches_inputs = 1100110011001100, led = 1100110011001100
Time = 110000: switches_inputs = 0011001100110011, led = 0011001100110011
$stop called at time : 170 ns : File "C:/Users/activ/OneDrive/Document/GitHub/ENEL453/Lab1B/lab_1b_top_level_tb.sv" Line 70
xsim: Time (s): cpu = 00:00:11 ; elapsed = 00:00:05 . Memory (MB): peak = 3376.152 ; gain = 0.000
INFO: [USF-XSim-96] XSim completed. Design snapshot 'lab_1b_top_level_tb_behav' loaded.
INFO: [USF-XSim-97] XSim simulation ran for 1000ns
launch_simulation: Time (s): cpu = 00:00:17 ; elapsed = 00:00:30 . Memory (MB): peak = 3376.152 ; gain = 0.000
close_sim
WARNING: [filemgmt 56-199] Attempt to get parsing info during refresh. "On-the-fly" syntax checking information may be incorrect. [C:\Users\activ\OneDrive\Document\GitHub\ENEL453\Lab1B\lab_1b_top_level.sv:]
WARNING: [filemgmt 56-199] Attempt to get parsing info during refresh. "On-the-fly" syntax checking information may be incorrect. [C:\Users\activ\OneDrive\Document\GitHub\ENEL453\Lab1B\lab_1b_top_level_tb.sv:]
WARNING: [filemgmt 56-199] Attempt to get parsing info during refresh. "On-the-fly" syntax checking information may be incorrect. [C:\Users\activ\OneDrive\Document\GitHub\ENEL453\Lab1B\others\digit_multiplexor.sv:]
WARNING: [filemgmt 56-199] Attempt to get parsing info during refresh. "On-the-fly" syntax checking information may be incorrect. [C:\Users\activ\OneDrive\Document\GitHub\ENEL453\Lab1B\others\seven_segment_display_subsystem.sv:]
WARNING: [filemgmt 56-199] Attempt to get parsing info during refresh. "On-the-fly" syntax checking information may be incorrect. [C:\Users\activ\OneDrive\Document\GitHub\ENEL453\Lab1B\others\seven_segment_digit_selector.sv:]
WARNING: [filemgmt 56-199] Attempt to get parsing info during refresh. "On-the-fly" syntax checking information may be incorrect. [C:\Users\activ\OneDrive\Document\GitHub\ENEL453\Lab1B\others\seven_segment_decoder_Lab1b.sv:]
WARNING: [filemgmt 56-199] Attempt to get parsing info during refresh. "On-the-fly" syntax checking information may be incorrect. [C:\Users\activ\OneDrive\Document\GitHub\ENEL453\Lab1B\lab_1b_top_level_tb.sv:]
WARNING: [filemgmt 56-199] Attempt to get parsing info during refresh. "On-the-fly" syntax checking information may be incorrect. [C:\Users\activ\OneDrive\Document\GitHub\ENEL453\Lab1B\lab_1b_top_level_tb.sv:]
INFO: [Simtcl 6-16] Simulation closed
WARNING: [filemgmt 56-199] Attempt to get parsing info during refresh. "On-the-fly" syntax checking information may be incorrect. [C:\Users\activ\OneDrive\Document\GitHub\ENEL453\Lab1B\lab_1b_top_level.sv:]
WARNING: [filemgmt 56-199] Attempt to get parsing info during refresh. "On-the-fly" syntax checking information may be incorrect. [C:\Users\activ\OneDrive\Document\GitHub\ENEL453\Lab1B\lab_1b_top_level_tb.sv:]
WARNING: [filemgmt 56-199] Attempt to get parsing info during refresh. "On-the-fly" syntax checking information may be incorrect. [C:\Users\activ\OneDrive\Document\GitHub\ENEL453\Lab1B\others\digit_multiplexor.sv:]
WARNING: [filemgmt 56-199] Attempt to get parsing info during refresh. "On-the-fly" syntax checking information may be incorrect. [C:\Users\activ\OneDrive\Document\GitHub\ENEL453\Lab1B\others\seven_segment_display_subsystem.sv:]
WARNING: [filemgmt 56-199] Attempt to get parsing info during refresh. "On-the-fly" syntax checking information may be incorrect. [C:\Users\activ\OneDrive\Document\GitHub\ENEL453\Lab1B\others\seven_segment_digit_selector.sv:]
WARNING: [filemgmt 56-199] Attempt to get parsing info during refresh. "On-the-fly" syntax checking information may be incorrect. [C:\Users\activ\OneDrive\Document\GitHub\ENEL453\Lab1B\others\seven_segment_decoder_Lab1b.sv:]
WARNING: [filemgmt 56-199] Attempt to get parsing info during refresh. "On-the-fly" syntax checking information may be incorrect. [C:\Users\activ\OneDrive\Document\GitHub\ENEL453\Lab1B\others\seven_segment_decoder_Lab1b.sv:]
WARNING: [filemgmt 56-199] Attempt to get parsing info during refresh. "On-the-fly" syntax checking information may be incorrect. [C:\Users\activ\OneDrive\Document\GitHub\ENEL453\Lab1B\others\seven_segment_decoder_Lab1b.sv:]
WARNING: [filemgmt 56-199] Attempt to get parsing info during refresh. "On-the-fly" syntax checking information may be incorrect. [C:\Users\activ\OneDrive\Document\GitHub\ENEL453\Lab1B\lab_1b_top_level.sv:]
WARNING: [filemgmt 56-199] Attempt to get parsing info during refresh. "On-the-fly" syntax checking information may be incorrect. [C:\Users\activ\OneDrive\Document\GitHub\ENEL453\Lab1B\lab_1b_top_level_tb.sv:]
WARNING: [filemgmt 56-199] Attempt to get parsing info during refresh. "On-the-fly" syntax checking information may be incorrect. [C:\Users\activ\OneDrive\Document\GitHub\ENEL453\Lab1B\others\digit_multiplexor.sv:]
WARNING: [filemgmt 56-199] Attempt to get parsing info during refresh. "On-the-fly" syntax checking information may be incorrect. [C:\Users\activ\OneDrive\Document\GitHub\ENEL453\Lab1B\others\seven_segment_display_subsystem.sv:]
WARNING: [filemgmt 56-199] Attempt to get parsing info during refresh. "On-the-fly" syntax checking information may be incorrect. [C:\Users\activ\OneDrive\Document\GitHub\ENEL453\Lab1B\others\seven_segment_digit_selector.sv:]
WARNING: [filemgmt 56-199] Attempt to get parsing info during refresh. "On-the-fly" syntax checking information may be incorrect. [C:\Users\activ\OneDrive\Document\GitHub\ENEL453\Lab1B\others\seven_segment_decoder_Lab1b.sv:]
WARNING: [filemgmt 56-199] Attempt to get parsing info during refresh. "On-the-fly" syntax checking information may be incorrect. [C:\Users\activ\OneDrive\Document\GitHub\ENEL453\Lab1B\others\seven_segment_digit_selector.sv:]
WARNING: [filemgmt 56-199] Attempt to get parsing info during refresh. "On-the-fly" syntax checking information may be incorrect. [C:\Users\activ\OneDrive\Document\GitHub\ENEL453\Lab1B\others\seven_segment_digit_selector.sv:]
WARNING: [filemgmt 56-199] Attempt to get parsing info during refresh. "On-the-fly" syntax checking information may be incorrect. [C:\Users\activ\OneDrive\Document\GitHub\ENEL453\Lab1B\lab_1b_top_level.sv:]
WARNING: [filemgmt 56-199] Attempt to get parsing info during refresh. "On-the-fly" syntax checking information may be incorrect. [C:\Users\activ\OneDrive\Document\GitHub\ENEL453\Lab1B\lab_1b_top_level_tb.sv:]
WARNING: [filemgmt 56-199] Attempt to get parsing info during refresh. "On-the-fly" syntax checking information may be incorrect. [C:\Users\activ\OneDrive\Document\GitHub\ENEL453\Lab1B\others\digit_multiplexor.sv:]
WARNING: [filemgmt 56-199] Attempt to get parsing info during refresh. "On-the-fly" syntax checking information may be incorrect. [C:\Users\activ\OneDrive\Document\GitHub\ENEL453\Lab1B\others\seven_segment_display_subsystem.sv:]
WARNING: [filemgmt 56-199] Attempt to get parsing info during refresh. "On-the-fly" syntax checking information may be incorrect. [C:\Users\activ\OneDrive\Document\GitHub\ENEL453\Lab1B\others\seven_segment_digit_selector.sv:]
WARNING: [filemgmt 56-199] Attempt to get parsing info during refresh. "On-the-fly" syntax checking information may be incorrect. [C:\Users\activ\OneDrive\Document\GitHub\ENEL453\Lab1B\others\seven_segment_decoder_Lab1b.sv:]
WARNING: [filemgmt 56-199] Attempt to get parsing info during refresh. "On-the-fly" syntax checking information may be incorrect. [C:\Users\activ\OneDrive\Document\GitHub\ENEL453\Lab1B\others\seven_segment_display_subsystem.sv:]
WARNING: [filemgmt 56-199] Attempt to get parsing info during refresh. "On-the-fly" syntax checking information may be incorrect. [C:\Users\activ\OneDrive\Document\GitHub\ENEL453\Lab1B\others\seven_segment_display_subsystem.sv:]
ERROR: [Common 17-180] Spawn failed: The operation completed successfully.

WARNING: [filemgmt 56-199] Attempt to get parsing info during refresh. "On-the-fly" syntax checking information may be incorrect. [C:\Users\activ\OneDrive\Document\GitHub\ENEL453\Lab1B\lab_1b_top_level.sv:]
WARNING: [filemgmt 56-199] Attempt to get parsing info during refresh. "On-the-fly" syntax checking information may be incorrect. [C:\Users\activ\OneDrive\Document\GitHub\ENEL453\Lab1B\lab_1b_top_level_tb.sv:]
WARNING: [filemgmt 56-199] Attempt to get parsing info during refresh. "On-the-fly" syntax checking information may be incorrect. [C:\Users\activ\OneDrive\Document\GitHub\ENEL453\Lab1B\others\digit_multiplexor.sv:]
WARNING: [filemgmt 56-199] Attempt to get parsing info during refresh. "On-the-fly" syntax checking information may be incorrect. [C:\Users\activ\OneDrive\Document\GitHub\ENEL453\Lab1B\others\seven_segment_display_subsystem.sv:]
WARNING: [filemgmt 56-199] Attempt to get parsing info during refresh. "On-the-fly" syntax checking information may be incorrect. [C:\Users\activ\OneDrive\Document\GitHub\ENEL453\Lab1B\others\seven_segment_digit_selector.sv:]
WARNING: [filemgmt 56-199] Attempt to get parsing info during refresh. "On-the-fly" syntax checking information may be incorrect. [C:\Users\activ\OneDrive\Document\GitHub\ENEL453\Lab1B\others\seven_segment_decoder_Lab1b.sv:]
WARNING: [filemgmt 56-199] Attempt to get parsing info during refresh. "On-the-fly" syntax checking information may be incorrect. [C:\Users\activ\OneDrive\Document\GitHub\ENEL453\Lab1B\lab_1b_top_level.sv:]
WARNING: [filemgmt 56-199] Attempt to get parsing info during refresh. "On-the-fly" syntax checking information may be incorrect. [C:\Users\activ\OneDrive\Document\GitHub\ENEL453\Lab1B\lab_1b_top_level.sv:]
ERROR: [Common 17-180] Spawn failed: The operation completed successfully.

launch_simulation
Command: launch_simulation 
INFO: [Vivado 12-12493] Simulation top is 'lab_1b_top_level_tb'
INFO: [Vivado 12-5682] Launching behavioral simulation in 'C:/Users/activ/OneDrive/Document/GitHub/ENEL453/Lab1B/Lab_1b/Lab_1b.sim/sim_1/behav/xsim'
INFO: [SIM-utils-51] Simulation object is 'sim_1'
INFO: [SIM-utils-72] Using boost library from 'C:/Xilinx/2025.1/Vivado/tps/boost_1_72_0'
INFO: [SIM-utils-54] Inspecting design source files for 'lab_1b_top_level_tb' in fileset 'sim_1'...
INFO: [USF-XSim-97] Finding global include files...
INFO: [USF-XSim-98] Fetching design files from 'sim_1'...
INFO: [USF-XSim-2] XSim::Compile design
INFO: [USF-XSim-61] Executing 'COMPILE and ANALYZE' step in 'C:/Users/activ/OneDrive/Document/GitHub/ENEL453/Lab1B/Lab_1b/Lab_1b.sim/sim_1/behav/xsim'
"xvlog --incr --relax -L uvm -prj lab_1b_top_level_tb_vlog.prj"
INFO: [VRFC 10-2263] Analyzing SystemVerilog file "C:/Users/activ/OneDrive/Document/GitHub/ENEL453/Lab1B/others/digit_multiplexor.sv" into library xil_defaultlib
INFO: [VRFC 10-311] analyzing module digit_multiplexor
INFO: [VRFC 10-2263] Analyzing SystemVerilog file "C:/Users/activ/OneDrive/Document/GitHub/ENEL453/Lab1B/lab_1b_top_level.sv" into library xil_defaultlib
INFO: [VRFC 10-311] analyzing module lab_1b_top_level
INFO: [VRFC 10-2263] Analyzing SystemVerilog file "C:/Users/activ/OneDrive/Document/GitHub/ENEL453/Lab1B/others/seven_segment_decoder_Lab1b.sv" into library xil_defaultlib
INFO: [VRFC 10-311] analyzing module seven_segment_decoder
INFO: [VRFC 10-2263] Analyzing SystemVerilog file "C:/Users/activ/OneDrive/Document/GitHub/ENEL453/Lab1B/others/seven_segment_digit_selector.sv" into library xil_defaultlib
INFO: [VRFC 10-311] analyzing module seven_segment_digit_selector
INFO: [VRFC 10-2263] Analyzing SystemVerilog file "C:/Users/activ/OneDrive/Document/GitHub/ENEL453/Lab1B/others/seven_segment_display_subsystem.sv" into library xil_defaultlib
INFO: [VRFC 10-311] analyzing module seven_segment_display_subsystem
INFO: [VRFC 10-2263] Analyzing SystemVerilog file "C:/Users/activ/OneDrive/Document/GitHub/ENEL453/Lab1B/switch_logic.sv" into library xil_defaultlib
INFO: [VRFC 10-311] analyzing module switch_logic
INFO: [VRFC 10-2263] Analyzing SystemVerilog file "C:/Users/activ/OneDrive/Document/GitHub/ENEL453/Lab1B/lab_1b_top_level_tb.sv" into library xil_defaultlib
INFO: [VRFC 10-311] analyzing module lab_1b_top_level_tb
ERROR: [VRFC 10-4982] syntax error near '/' [C:/Users/activ/OneDrive/Document/GitHub/ENEL453/Lab1B/lab_1b_top_level_tb.sv:38]
ERROR: [VRFC 10-8530] module 'lab_1b_top_level_tb' is ignored due to previous errors [C:/Users/activ/OneDrive/Document/GitHub/ENEL453/Lab1B/lab_1b_top_level_tb.sv:3]
INFO: [USF-XSim-69] 'compile' step finished in '3' seconds
INFO: [USF-XSim-99] Step results log file:'C:/Users/activ/OneDrive/Document/GitHub/ENEL453/Lab1B/Lab_1b/Lab_1b.sim/sim_1/behav/xsim/xvlog.log'
ERROR: [USF-XSim-62] 'compile' step failed with error(s). Please check the Tcl console output or 'C:/Users/activ/OneDrive/Document/GitHub/ENEL453/Lab1B/Lab_1b/Lab_1b.sim/sim_1/behav/xsim/xvlog.log' file for more information.
ERROR: [Vivado 12-4473] Detected error while running simulation. Please correct the issue and retry this operation.
ERROR: [Common 17-39] 'launch_simulation' failed due to earlier errors.
launch_simulation
Command: launch_simulation 
INFO: [Vivado 12-12493] Simulation top is 'lab_1b_top_level_tb'
INFO: [Vivado 12-5682] Launching behavioral simulation in 'C:/Users/activ/OneDrive/Document/GitHub/ENEL453/Lab1B/Lab_1b/Lab_1b.sim/sim_1/behav/xsim'
INFO: [SIM-utils-51] Simulation object is 'sim_1'
INFO: [SIM-utils-72] Using boost library from 'C:/Xilinx/2025.1/Vivado/tps/boost_1_72_0'
INFO: [SIM-utils-54] Inspecting design source files for 'lab_1b_top_level_tb' in fileset 'sim_1'...
INFO: [USF-XSim-97] Finding global include files...
INFO: [USF-XSim-98] Fetching design files from 'sim_1'...
INFO: [USF-XSim-2] XSim::Compile design
INFO: [USF-XSim-61] Executing 'COMPILE and ANALYZE' step in 'C:/Users/activ/OneDrive/Document/GitHub/ENEL453/Lab1B/Lab_1b/Lab_1b.sim/sim_1/behav/xsim'
"xvlog --incr --relax -L uvm -prj lab_1b_top_level_tb_vlog.prj"
INFO: [VRFC 10-2263] Analyzing SystemVerilog file "C:/Users/activ/OneDrive/Document/GitHub/ENEL453/Lab1B/others/digit_multiplexor.sv" into library xil_defaultlib
INFO: [VRFC 10-311] analyzing module digit_multiplexor
INFO: [VRFC 10-2263] Analyzing SystemVerilog file "C:/Users/activ/OneDrive/Document/GitHub/ENEL453/Lab1B/lab_1b_top_level.sv" into library xil_defaultlib
INFO: [VRFC 10-311] analyzing module lab_1b_top_level
INFO: [VRFC 10-2263] Analyzing SystemVerilog file "C:/Users/activ/OneDrive/Document/GitHub/ENEL453/Lab1B/others/seven_segment_decoder_Lab1b.sv" into library xil_defaultlib
INFO: [VRFC 10-311] analyzing module seven_segment_decoder
INFO: [VRFC 10-2263] Analyzing SystemVerilog file "C:/Users/activ/OneDrive/Document/GitHub/ENEL453/Lab1B/others/seven_segment_digit_selector.sv" into library xil_defaultlib
INFO: [VRFC 10-311] analyzing module seven_segment_digit_selector
INFO: [VRFC 10-2263] Analyzing SystemVerilog file "C:/Users/activ/OneDrive/Document/GitHub/ENEL453/Lab1B/others/seven_segment_display_subsystem.sv" into library xil_defaultlib
INFO: [VRFC 10-311] analyzing module seven_segment_display_subsystem
INFO: [VRFC 10-2263] Analyzing SystemVerilog file "C:/Users/activ/OneDrive/Document/GitHub/ENEL453/Lab1B/switch_logic.sv" into library xil_defaultlib
INFO: [VRFC 10-311] analyzing module switch_logic
INFO: [VRFC 10-2263] Analyzing SystemVerilog file "C:/Users/activ/OneDrive/Document/GitHub/ENEL453/Lab1B/lab_1b_top_level_tb.sv" into library xil_defaultlib
INFO: [VRFC 10-311] analyzing module lab_1b_top_level_tb
ERROR: [VRFC 10-4982] syntax error near '/' [C:/Users/activ/OneDrive/Document/GitHub/ENEL453/Lab1B/lab_1b_top_level_tb.sv:38]
ERROR: [VRFC 10-8530] module 'lab_1b_top_level_tb' is ignored due to previous errors [C:/Users/activ/OneDrive/Document/GitHub/ENEL453/Lab1B/lab_1b_top_level_tb.sv:3]
INFO: [USF-XSim-69] 'compile' step finished in '2' seconds
INFO: [USF-XSim-99] Step results log file:'C:/Users/activ/OneDrive/Document/GitHub/ENEL453/Lab1B/Lab_1b/Lab_1b.sim/sim_1/behav/xsim/xvlog.log'
ERROR: [USF-XSim-62] 'compile' step failed with error(s). Please check the Tcl console output or 'C:/Users/activ/OneDrive/Document/GitHub/ENEL453/Lab1B/Lab_1b/Lab_1b.sim/sim_1/behav/xsim/xvlog.log' file for more information.
ERROR: [Vivado 12-4473] Detected error while running simulation. Please correct the issue and retry this operation.
ERROR: [Common 17-39] 'launch_simulation' failed due to earlier errors.
WARNING: [filemgmt 56-199] Attempt to get parsing info during refresh. "On-the-fly" syntax checking information may be incorrect. [C:\Users\activ\OneDrive\Document\GitHub\ENEL453\Lab1B\lab_1b_top_level.sv:]
WARNING: [filemgmt 56-199] Attempt to get parsing info during refresh. "On-the-fly" syntax checking information may be incorrect. [C:\Users\activ\OneDrive\Document\GitHub\ENEL453\Lab1B\lab_1b_top_level_tb.sv:]
WARNING: [filemgmt 56-199] Attempt to get parsing info during refresh. "On-the-fly" syntax checking information may be incorrect. [C:\Users\activ\OneDrive\Document\GitHub\ENEL453\Lab1B\others\digit_multiplexor.sv:]
WARNING: [filemgmt 56-199] Attempt to get parsing info during refresh. "On-the-fly" syntax checking information may be incorrect. [C:\Users\activ\OneDrive\Document\GitHub\ENEL453\Lab1B\others\seven_segment_display_subsystem.sv:]
WARNING: [filemgmt 56-199] Attempt to get parsing info during refresh. "On-the-fly" syntax checking information may be incorrect. [C:\Users\activ\OneDrive\Document\GitHub\ENEL453\Lab1B\others\seven_segment_digit_selector.sv:]
WARNING: [filemgmt 56-199] Attempt to get parsing info during refresh. "On-the-fly" syntax checking information may be incorrect. [C:\Users\activ\OneDrive\Document\GitHub\ENEL453\Lab1B\others\seven_segment_decoder_Lab1b.sv:]
WARNING: [filemgmt 56-199] Attempt to get parsing info during refresh. "On-the-fly" syntax checking information may be incorrect. [C:\Users\activ\OneDrive\Document\GitHub\ENEL453\Lab1B\lab_1b_top_level.sv:]
WARNING: [filemgmt 56-199] Attempt to get parsing info during refresh. "On-the-fly" syntax checking information may be incorrect. [C:\Users\activ\OneDrive\Document\GitHub\ENEL453\Lab1B\lab_1b_top_level.sv:]
WARNING: [filemgmt 56-199] Attempt to get parsing info during refresh. "On-the-fly" syntax checking information may be incorrect. [C:\Users\activ\OneDrive\Document\GitHub\ENEL453\Lab1B\lab_1b_top_level.sv:]
WARNING: [filemgmt 56-199] Attempt to get parsing info during refresh. "On-the-fly" syntax checking information may be incorrect. [C:\Users\activ\OneDrive\Document\GitHub\ENEL453\Lab1B\lab_1b_top_level_tb.sv:]
WARNING: [filemgmt 56-199] Attempt to get parsing info during refresh. "On-the-fly" syntax checking information may be incorrect. [C:\Users\activ\OneDrive\Document\GitHub\ENEL453\Lab1B\others\digit_multiplexor.sv:]
WARNING: [filemgmt 56-199] Attempt to get parsing info during refresh. "On-the-fly" syntax checking information may be incorrect. [C:\Users\activ\OneDrive\Document\GitHub\ENEL453\Lab1B\others\seven_segment_display_subsystem.sv:]
WARNING: [filemgmt 56-199] Attempt to get parsing info during refresh. "On-the-fly" syntax checking information may be incorrect. [C:\Users\activ\OneDrive\Document\GitHub\ENEL453\Lab1B\others\seven_segment_digit_selector.sv:]
WARNING: [filemgmt 56-199] Attempt to get parsing info during refresh. "On-the-fly" syntax checking information may be incorrect. [C:\Users\activ\OneDrive\Document\GitHub\ENEL453\Lab1B\others\seven_segment_decoder_Lab1b.sv:]
WARNING: [filemgmt 56-199] Attempt to get parsing info during refresh. "On-the-fly" syntax checking information may be incorrect. [C:\Users\activ\OneDrive\Document\GitHub\ENEL453\Lab1B\others\seven_segment_display_subsystem.sv:]
WARNING: [filemgmt 56-199] Attempt to get parsing info during refresh. "On-the-fly" syntax checking information may be incorrect. [C:\Users\activ\OneDrive\Document\GitHub\ENEL453\Lab1B\others\seven_segment_display_subsystem.sv:]
WARNING: [filemgmt 56-199] Attempt to get parsing info during refresh. "On-the-fly" syntax checking information may be incorrect. [C:\Users\activ\OneDrive\Document\GitHub\ENEL453\Lab1B\lab_1b_top_level.sv:]
WARNING: [filemgmt 56-199] Attempt to get parsing info during refresh. "On-the-fly" syntax checking information may be incorrect. [C:\Users\activ\OneDrive\Document\GitHub\ENEL453\Lab1B\lab_1b_top_level_tb.sv:]
WARNING: [filemgmt 56-199] Attempt to get parsing info during refresh. "On-the-fly" syntax checking information may be incorrect. [C:\Users\activ\OneDrive\Document\GitHub\ENEL453\Lab1B\others\digit_multiplexor.sv:]
WARNING: [filemgmt 56-199] Attempt to get parsing info during refresh. "On-the-fly" syntax checking information may be incorrect. [C:\Users\activ\OneDrive\Document\GitHub\ENEL453\Lab1B\others\seven_segment_display_subsystem.sv:]
WARNING: [filemgmt 56-199] Attempt to get parsing info during refresh. "On-the-fly" syntax checking information may be incorrect. [C:\Users\activ\OneDrive\Document\GitHub\ENEL453\Lab1B\others\seven_segment_digit_selector.sv:]
WARNING: [filemgmt 56-199] Attempt to get parsing info during refresh. "On-the-fly" syntax checking information may be incorrect. [C:\Users\activ\OneDrive\Document\GitHub\ENEL453\Lab1B\others\seven_segment_decoder_Lab1b.sv:]
WARNING: [filemgmt 56-199] Attempt to get parsing info during refresh. "On-the-fly" syntax checking information may be incorrect. [C:\Users\activ\OneDrive\Document\GitHub\ENEL453\Lab1B\others\seven_segment_digit_selector.sv:]
WARNING: [filemgmt 56-199] Attempt to get parsing info during refresh. "On-the-fly" syntax checking information may be incorrect. [C:\Users\activ\OneDrive\Document\GitHub\ENEL453\Lab1B\others\seven_segment_digit_selector.sv:]
WARNING: [filemgmt 56-199] Attempt to get parsing info during refresh. "On-the-fly" syntax checking information may be incorrect. [C:\Users\activ\OneDrive\Document\GitHub\ENEL453\Lab1B\lab_1b_top_level.sv:]
WARNING: [filemgmt 56-199] Attempt to get parsing info during refresh. "On-the-fly" syntax checking information may be incorrect. [C:\Users\activ\OneDrive\Document\GitHub\ENEL453\Lab1B\lab_1b_top_level_tb.sv:]
WARNING: [filemgmt 56-199] Attempt to get parsing info during refresh. "On-the-fly" syntax checking information may be incorrect. [C:\Users\activ\OneDrive\Document\GitHub\ENEL453\Lab1B\others\digit_multiplexor.sv:]
WARNING: [filemgmt 56-199] Attempt to get parsing info during refresh. "On-the-fly" syntax checking information may be incorrect. [C:\Users\activ\OneDrive\Document\GitHub\ENEL453\Lab1B\others\seven_segment_display_subsystem.sv:]
WARNING: [filemgmt 56-199] Attempt to get parsing info during refresh. "On-the-fly" syntax checking information may be incorrect. [C:\Users\activ\OneDrive\Document\GitHub\ENEL453\Lab1B\others\seven_segment_digit_selector.sv:]
WARNING: [filemgmt 56-199] Attempt to get parsing info during refresh. "On-the-fly" syntax checking information may be incorrect. [C:\Users\activ\OneDrive\Document\GitHub\ENEL453\Lab1B\others\seven_segment_decoder_Lab1b.sv:]
WARNING: [filemgmt 56-199] Attempt to get parsing info during refresh. "On-the-fly" syntax checking information may be incorrect. [C:\Users\activ\OneDrive\Document\GitHub\ENEL453\Lab1B\others\seven_segment_decoder_Lab1b.sv:]
WARNING: [filemgmt 56-199] Attempt to get parsing info during refresh. "On-the-fly" syntax checking information may be incorrect. [C:\Users\activ\OneDrive\Document\GitHub\ENEL453\Lab1B\others\seven_segment_decoder_Lab1b.sv:]
WARNING: [filemgmt 56-199] Attempt to get parsing info during refresh. "On-the-fly" syntax checking information may be incorrect. [C:\Users\activ\OneDrive\Document\GitHub\ENEL453\Lab1B\lab_1b_top_level.sv:]
WARNING: [filemgmt 56-199] Attempt to get parsing info during refresh. "On-the-fly" syntax checking information may be incorrect. [C:\Users\activ\OneDrive\Document\GitHub\ENEL453\Lab1B\lab_1b_top_level_tb.sv:]
WARNING: [filemgmt 56-199] Attempt to get parsing info during refresh. "On-the-fly" syntax checking information may be incorrect. [C:\Users\activ\OneDrive\Document\GitHub\ENEL453\Lab1B\others\digit_multiplexor.sv:]
WARNING: [filemgmt 56-199] Attempt to get parsing info during refresh. "On-the-fly" syntax checking information may be incorrect. [C:\Users\activ\OneDrive\Document\GitHub\ENEL453\Lab1B\others\seven_segment_display_subsystem.sv:]
WARNING: [filemgmt 56-199] Attempt to get parsing info during refresh. "On-the-fly" syntax checking information may be incorrect. [C:\Users\activ\OneDrive\Document\GitHub\ENEL453\Lab1B\others\seven_segment_digit_selector.sv:]
WARNING: [filemgmt 56-199] Attempt to get parsing info during refresh. "On-the-fly" syntax checking information may be incorrect. [C:\Users\activ\OneDrive\Document\GitHub\ENEL453\Lab1B\others\seven_segment_decoder_Lab1b.sv:]
WARNING: [filemgmt 56-199] Attempt to get parsing info during refresh. "On-the-fly" syntax checking information may be incorrect. [C:\Users\activ\OneDrive\Document\GitHub\ENEL453\Lab1B\others\digit_multiplexor.sv:]
WARNING: [filemgmt 56-199] Attempt to get parsing info during refresh. "On-the-fly" syntax checking information may be incorrect. [C:\Users\activ\OneDrive\Document\GitHub\ENEL453\Lab1B\others\digit_multiplexor.sv:]
launch_simulation
Command: launch_simulation 
INFO: [Vivado 12-12493] Simulation top is 'lab_1b_top_level_tb'
INFO: [Vivado 12-5682] Launching behavioral simulation in 'C:/Users/activ/OneDrive/Document/GitHub/ENEL453/Lab1B/Lab_1b/Lab_1b.sim/sim_1/behav/xsim'
INFO: [SIM-utils-51] Simulation object is 'sim_1'
INFO: [SIM-utils-72] Using boost library from 'C:/Xilinx/2025.1/Vivado/tps/boost_1_72_0'
INFO: [SIM-utils-54] Inspecting design source files for 'lab_1b_top_level_tb' in fileset 'sim_1'...
INFO: [USF-XSim-97] Finding global include files...
INFO: [USF-XSim-98] Fetching design files from 'sim_1'...
INFO: [USF-XSim-2] XSim::Compile design
INFO: [USF-XSim-61] Executing 'COMPILE and ANALYZE' step in 'C:/Users/activ/OneDrive/Document/GitHub/ENEL453/Lab1B/Lab_1b/Lab_1b.sim/sim_1/behav/xsim'
ERROR: [Common 17-180] Spawn failed: The operation completed successfully.

"xvlog --incr --relax -L uvm -prj lab_1b_top_level_tb_vlog.prj"
INFO: [VRFC 10-2263] Analyzing SystemVerilog file "C:/Users/activ/OneDrive/Document/GitHub/ENEL453/Lab1B/others/digit_multiplexor.sv" into library xil_defaultlib
INFO: [VRFC 10-311] analyzing module digit_multiplexor
INFO: [VRFC 10-2263] Analyzing SystemVerilog file "C:/Users/activ/OneDrive/Document/GitHub/ENEL453/Lab1B/lab_1b_top_level.sv" into library xil_defaultlib
INFO: [VRFC 10-311] analyzing module lab_1b_top_level
INFO: [VRFC 10-2263] Analyzing SystemVerilog file "C:/Users/activ/OneDrive/Document/GitHub/ENEL453/Lab1B/others/seven_segment_decoder_Lab1b.sv" into library xil_defaultlib
INFO: [VRFC 10-311] analyzing module seven_segment_decoder
INFO: [VRFC 10-2263] Analyzing SystemVerilog file "C:/Users/activ/OneDrive/Document/GitHub/ENEL453/Lab1B/others/seven_segment_digit_selector.sv" into library xil_defaultlib
INFO: [VRFC 10-311] analyzing module seven_segment_digit_selector
INFO: [VRFC 10-2263] Analyzing SystemVerilog file "C:/Users/activ/OneDrive/Document/GitHub/ENEL453/Lab1B/others/seven_segment_display_subsystem.sv" into library xil_defaultlib
INFO: [VRFC 10-311] analyzing module seven_segment_display_subsystem
INFO: [VRFC 10-2263] Analyzing SystemVerilog file "C:/Users/activ/OneDrive/Document/GitHub/ENEL453/Lab1B/switch_logic.sv" into library xil_defaultlib
INFO: [VRFC 10-311] analyzing module switch_logic
INFO: [VRFC 10-2263] Analyzing SystemVerilog file "C:/Users/activ/OneDrive/Document/GitHub/ENEL453/Lab1B/lab_1b_top_level_tb.sv" into library xil_defaultlib
INFO: [VRFC 10-311] analyzing module lab_1b_top_level_tb
INFO: [USF-XSim-69] 'compile' step finished in '2' seconds
ERROR: [USF-XSim-62] 'compile' step failed with error(s) while executing 'C:/Users/activ/OneDrive/Document/GitHub/ENEL453/Lab1B/Lab_1b/Lab_1b.sim/sim_1/behav/xsim/compile.bat' script. Please check that the file has the correct 'read/write/execute' permissions and the Tcl console output for any other possible errors or warnings.
ERROR: [Vivado 12-4473] Detected error while running simulation. Please correct the issue and retry this operation.
ERROR: [Common 17-39] 'launch_simulation' failed due to earlier errors.
synth_design -top lab_1b_top_level -part xc7a35tcpg236-1 -lint 
Command: synth_design -top lab_1b_top_level -part xc7a35tcpg236-1 -lint
Starting synth_design
Attempting to get a license for feature 'Synthesis' and/or device 'xc7a35t'
INFO: [Common 17-349] Got license for feature 'Synthesis' and/or device 'xc7a35t'
INFO: [Synth 8-7079] Multithreading enabled for synth_design using a maximum of 2 processes.
---------------------------------------------------------------------------------
Starting Synthesize : Time (s): cpu = 00:00:09 ; elapsed = 00:00:10 . Memory (MB): peak = 3376.152 ; gain = 0.000
---------------------------------------------------------------------------------
Clean up Linter database...
INFO: [Synth 8-6157] synthesizing module 'lab_1b_top_level' [C:/Users/activ/OneDrive/Document/GitHub/ENEL453/Lab1B/lab_1b_top_level.sv:1]
INFO: [Synth 8-6157] synthesizing module 'seven_segment_display_subsystem' [C:/Users/activ/OneDrive/Document/GitHub/ENEL453/Lab1B/others/seven_segment_display_subsystem.sv:26]
INFO: [Synth 8-6157] synthesizing module 'digit_multiplexor' [C:/Users/activ/OneDrive/Document/GitHub/ENEL453/Lab1B/others/digit_multiplexor.sv:39]
INFO: [Synth 8-6155] done synthesizing module 'digit_multiplexor' (1#1) [C:/Users/activ/OneDrive/Document/GitHub/ENEL453/Lab1B/others/digit_multiplexor.sv:39]
INFO: [Synth 8-6157] synthesizing module 'seven_segment_digit_selector' [C:/Users/activ/OneDrive/Document/GitHub/ENEL453/Lab1B/others/seven_segment_digit_selector.sv:36]
INFO: [Synth 8-6155] done synthesizing module 'seven_segment_digit_selector' (2#1) [C:/Users/activ/OneDrive/Document/GitHub/ENEL453/Lab1B/others/seven_segment_digit_selector.sv:36]
INFO: [Synth 8-6157] synthesizing module 'seven_segment_decoder' [C:/Users/activ/OneDrive/Document/GitHub/ENEL453/Lab1B/others/seven_segment_decoder_Lab1b.sv:37]
INFO: [Synth 8-6155] done synthesizing module 'seven_segment_decoder' (3#1) [C:/Users/activ/OneDrive/Document/GitHub/ENEL453/Lab1B/others/seven_segment_decoder_Lab1b.sv:37]
INFO: [Synth 8-6155] done synthesizing module 'seven_segment_display_subsystem' (4#1) [C:/Users/activ/OneDrive/Document/GitHub/ENEL453/Lab1B/others/seven_segment_display_subsystem.sv:26]
WARNING: [Synth 8-7071] port 'switches_inputs' of module 'seven_segment_display_subsystem' is unconnected for instance 'SEVEN_SEGMENT_DISPLAY' [C:/Users/activ/OneDrive/Document/GitHub/ENEL453/Lab1B/lab_1b_top_level.sv:17]
WARNING: [Synth 8-7023] instance 'SEVEN_SEGMENT_DISPLAY' of module 'seven_segment_display_subsystem' has 19 connections declared, but only 18 given [C:/Users/activ/OneDrive/Document/GitHub/ENEL453/Lab1B/lab_1b_top_level.sv:17]
INFO: [Synth 8-6157] synthesizing module 'switch_logic' [C:/Users/activ/OneDrive/Document/GitHub/ENEL453/Lab1B/switch_logic.sv:1]
INFO: [Synth 8-6155] done synthesizing module 'switch_logic' (5#1) [C:/Users/activ/OneDrive/Document/GitHub/ENEL453/Lab1B/switch_logic.sv:1]
INFO: [Synth 8-6155] done synthesizing module 'lab_1b_top_level' (6#1) [C:/Users/activ/OneDrive/Document/GitHub/ENEL453/Lab1B/lab_1b_top_level.sv:1]
---------------------------------------------------------------------------------
Finished Synthesize : Time (s): cpu = 00:00:11 ; elapsed = 00:00:13 . Memory (MB): peak = 3376.152 ; gain = 0.000
---------------------------------------------------------------------------------
Copyright 1986-2022 Xilinx, Inc. All Rights Reserved. Copyright 2022-2025 Advanced Micro Devices, Inc. All Rights Reserved.
---------------------------------------------------------------------------------------------------------------------------------------------
| Tool Version : Vivado v.2025.1 (win64) Build 6140274 Thu May 22 00:12:29 MDT 2025
| Date         : Fri Sep 18 09:05:57 2026
| Host         : akaangelchan running 64-bit major release  (build 9200)
---------------------------------------------------------------------------------------------------------------------------------------------

RTL Linter Report

Table of Contents
-----------------
1. Summary

1. Summary
----------

+-----------+----------+--------------+----------+
| Rule ID   | Severity | # Violations | # Waived |
+-----------+----------+--------------+----------+
| ASSIGN-10 | WARNING  | 1            | 0        |
| ASSIGN-12 | WARNING  | 1            | 0        |
+-----------+----------+--------------+----------+


WARNING: [Synth 37-135] [ASSIGN-12]Unconnected input ports found on instance 'SEVEN_SEGMENT_DISPLAY', port name is 'switches_inputs'. 
Hierarchy 'lab_1b_top_level', File 'C:/Users/activ/OneDrive/Document/GitHub/ENEL453/Lab1B/lab_1b_top_level.sv', Line 17.
WARNING: [Synth 37-125] [ASSIGN-10]Some bits in IO 'switches_inputs' are not read. First unread bit index is 0. 
RTL Name 'switches_inputs', Hierarchy 'seven_segment_display_subsystem', File 'seven_segment_display_subsystem.sv', Line 27.
INFO: [Synth 37-85] Total of 2 linter message(s) generated.
INFO: [Synth 37-45] Linter Run Finished!
Synthesis Optimization Runtime : Time (s): cpu = 00:00:11 ; elapsed = 00:00:13 . Memory (MB): peak = 3376.152 ; gain = 0.000
INFO: [Common 17-83] Releasing license: Synthesis
17 Infos, 4 Warnings, 0 Critical Warnings and 0 Errors encountered.
synth_design completed successfully
synth_design: Time (s): cpu = 00:00:11 ; elapsed = 00:00:13 . Memory (MB): peak = 3376.152 ; gain = 0.000
launch_simulation
Command: launch_simulation 
INFO: [Vivado 12-12493] Simulation top is 'lab_1b_top_level_tb'
INFO: [Vivado 12-5682] Launching behavioral simulation in 'C:/Users/activ/OneDrive/Document/GitHub/ENEL453/Lab1B/Lab_1b/Lab_1b.sim/sim_1/behav/xsim'
INFO: [SIM-utils-51] Simulation object is 'sim_1'
INFO: [SIM-utils-72] Using boost library from 'C:/Xilinx/2025.1/Vivado/tps/boost_1_72_0'
INFO: [SIM-utils-54] Inspecting design source files for 'lab_1b_top_level_tb' in fileset 'sim_1'...
INFO: [USF-XSim-97] Finding global include files...
INFO: [USF-XSim-98] Fetching design files from 'sim_1'...
INFO: [USF-XSim-2] XSim::Compile design
INFO: [USF-XSim-61] Executing 'COMPILE and ANALYZE' step in 'C:/Users/activ/OneDrive/Document/GitHub/ENEL453/Lab1B/Lab_1b/Lab_1b.sim/sim_1/behav/xsim'
"xvlog --incr --relax -L uvm -prj lab_1b_top_level_tb_vlog.prj"
INFO: [USF-XSim-69] 'compile' step finished in '2' seconds
INFO: [USF-XSim-3] XSim::Elaborate design
INFO: [USF-XSim-61] Executing 'ELABORATE' step in 'C:/Users/activ/OneDrive/Document/GitHub/ENEL453/Lab1B/Lab_1b/Lab_1b.sim/sim_1/behav/xsim'
"xelab --incr --debug typical --relax --mt 2 -L xil_defaultlib -L uvm -L unisims_ver -L unimacro_ver -L secureip --snapshot lab_1b_top_level_tb_behav xil_defaultlib.lab_1b_top_level_tb xil_defaultlib.glbl -log elaborate.log"
Vivado Simulator v2025.1.0
Copyright 1986-2022 Xilinx, Inc. All Rights Reserved.
Copyright 2022-2025 Advanced Micro Devices, Inc. All Rights Reserved.
Running: C:/Xilinx/2025.1/Vivado/bin/unwrapped/win64.o/xelab.exe --incr --debug typical --relax --mt 2 -L xil_defaultlib -L uvm -L unisims_ver -L unimacro_ver -L secureip --snapshot lab_1b_top_level_tb_behav xil_defaultlib.lab_1b_top_level_tb xil_defaultlib.glbl -log elaborate.log 
Using 2 slave threads.
Starting static elaboration
Pass Through NonSizing Optimizer
WARNING: [VRFC 10-5021] port 'switches_inputs' is not connected on this instance [C:/Users/activ/OneDrive/Document/GitHub/ENEL453/Lab1B/lab_1b_top_level.sv:17]
Completed static elaboration
Starting simulation data flow analysis
WARNING: [XSIM 43-4099] "C:/Users/activ/OneDrive/Document/GitHub/ENEL453/Lab1B/lab_1b_top_level.sv" Line 1. Module lab_1b_top_level doesn't have a timescale but at least one module in design has a timescale.
WARNING: [XSIM 43-4099] "C:/Users/activ/OneDrive/Document/GitHub/ENEL453/Lab1B/others/seven_segment_display_subsystem.sv" Line 26. Module seven_segment_display_subsystem doesn't have a timescale but at least one module in design has a timescale.
WARNING: [XSIM 43-4099] "C:/Users/activ/OneDrive/Document/GitHub/ENEL453/Lab1B/others/digit_multiplexor.sv" Line 39. Module digit_multiplexor doesn't have a timescale but at least one module in design has a timescale.
WARNING: [XSIM 43-4099] "C:/Users/activ/OneDrive/Document/GitHub/ENEL453/Lab1B/others/seven_segment_digit_selector.sv" Line 36. Module seven_segment_digit_selector doesn't have a timescale but at least one module in design has a timescale.
WARNING: [XSIM 43-4099] "C:/Users/activ/OneDrive/Document/GitHub/ENEL453/Lab1B/others/seven_segment_decoder_Lab1b.sv" Line 37. Module seven_segment_decoder doesn't have a timescale but at least one module in design has a timescale.
WARNING: [XSIM 43-4099] "C:/Users/activ/OneDrive/Document/GitHub/ENEL453/Lab1B/switch_logic.sv" Line 1. Module switch_logic doesn't have a timescale but at least one module in design has a timescale.
WARNING: [XSIM 43-4099] "C:/Users/activ/OneDrive/Document/GitHub/ENEL453/Lab1B/lab_1b_top_level.sv" Line 1. Module lab_1b_top_level doesn't have a timescale but at least one module in design has a timescale.
WARNING: [XSIM 43-4099] "C:/Users/activ/OneDrive/Document/GitHub/ENEL453/Lab1B/others/seven_segment_display_subsystem.sv" Line 26. Module seven_segment_display_subsystem doesn't have a timescale but at least one module in design has a timescale.
WARNING: [XSIM 43-4099] "C:/Users/activ/OneDrive/Document/GitHub/ENEL453/Lab1B/others/digit_multiplexor.sv" Line 39. Module digit_multiplexor doesn't have a timescale but at least one module in design has a timescale.
WARNING: [XSIM 43-4099] "C:/Users/activ/OneDrive/Document/GitHub/ENEL453/Lab1B/others/seven_segment_digit_selector.sv" Line 36. Module seven_segment_digit_selector doesn't have a timescale but at least one module in design has a timescale.
WARNING: [XSIM 43-4099] "C:/Users/activ/OneDrive/Document/GitHub/ENEL453/Lab1B/others/seven_segment_decoder_Lab1b.sv" Line 37. Module seven_segment_decoder doesn't have a timescale but at least one module in design has a timescale.
WARNING: [XSIM 43-4099] "C:/Users/activ/OneDrive/Document/GitHub/ENEL453/Lab1B/switch_logic.sv" Line 1. Module switch_logic doesn't have a timescale but at least one module in design has a timescale.
Completed simulation data flow analysis
Time Resolution for simulation is 1ps
Compiling module xil_defaultlib.digit_multiplexor
Compiling module xil_defaultlib.seven_segment_digit_selector
Compiling module xil_defaultlib.seven_segment_decoder
Compiling module xil_defaultlib.seven_segment_display_subsystem
Compiling module xil_defaultlib.switch_logic
Compiling module xil_defaultlib.lab_1b_top_level
Compiling module xil_defaultlib.lab_1b_top_level_tb
Compiling module xil_defaultlib.glbl
Built simulation snapshot lab_1b_top_level_tb_behav
run_program: Time (s): cpu = 00:00:01 ; elapsed = 00:00:14 . Memory (MB): peak = 3376.152 ; gain = 0.000
INFO: [USF-XSim-69] 'elaborate' step finished in '14' seconds
INFO: [USF-XSim-4] XSim::Simulate design
INFO: [USF-XSim-61] Executing 'SIMULATE' step in 'C:/Users/activ/OneDrive/Document/GitHub/ENEL453/Lab1B/Lab_1b/Lab_1b.sim/sim_1/behav/xsim'
INFO: [USF-XSim-98] *** Running xsim
   with args "lab_1b_top_level_tb_behav -key {Behavioral:sim_1:Functional:lab_1b_top_level_tb} -tclbatch {lab_1b_top_level_tb.tcl} -log {simulate.log}"
INFO: [USF-XSim-8] Loading simulator feature
Time resolution is 1 ps
source lab_1b_top_level_tb.tcl
# set curr_wave [current_wave_config]
# if { [string length $curr_wave] == 0 } {
#   if { [llength [get_objects]] > 0} {
#     add_wave /
#     set_property needs_save false [current_wave_config]
#   } else {
#      send_msg_id Add_Wave-1 WARNING "No top level signals found. Simulator will start without a wave window. If you want to open a wave window go to 'File->New Waveform Configuration' or type 'create_wave_config' in the TCL console."
#   }
# }
# run 1000ns
Time = 0: switches_inputs = xxxxxxxxxxxxxxxx, led = xxxxxxxxxxxxxxxx
Time = 60000: switches_inputs = 0000000000000000, led = 0000000000000000
Time = 70000: switches_inputs = 1111111111111111, led = 1111111111111111
Time = 80000: switches_inputs = 0101010101010101, led = 0101010101010101
Time = 90000: switches_inputs = 1010101010101010, led = 1010101010101010
Time = 100000: switches_inputs = 1100110011001100, led = 1100110011001100
Time = 110000: switches_inputs = 0011001100110011, led = 0011001100110011
$stop called at time : 170 ns : File "C:/Users/activ/OneDrive/Document/GitHub/ENEL453/Lab1B/lab_1b_top_level_tb.sv" Line 70
xsim: Time (s): cpu = 00:00:09 ; elapsed = 00:00:05 . Memory (MB): peak = 3376.152 ; gain = 0.000
INFO: [USF-XSim-96] XSim completed. Design snapshot 'lab_1b_top_level_tb_behav' loaded.
INFO: [USF-XSim-97] XSim simulation ran for 1000ns
launch_simulation: Time (s): cpu = 00:00:11 ; elapsed = 00:00:22 . Memory (MB): peak = 3376.152 ; gain = 0.000
add_bp {C:/Users/activ/OneDrive/Document/GitHub/ENEL453/Lab1B/lab_1b_top_level_tb.sv} 47
remove_bps -file {C:/Users/activ/OneDrive/Document/GitHub/ENEL453/Lab1B/lab_1b_top_level_tb.sv} -line 47
WARNING: [filemgmt 56-199] Attempt to get parsing info during refresh. "On-the-fly" syntax checking information may be incorrect. [C:\Users\activ\OneDrive\Document\GitHub\ENEL453\Lab1B\lab_1b_top_level.sv:]
WARNING: [filemgmt 56-199] Attempt to get parsing info during refresh. "On-the-fly" syntax checking information may be incorrect. [C:\Users\activ\OneDrive\Document\GitHub\ENEL453\Lab1B\lab_1b_top_level_tb.sv:]
WARNING: [filemgmt 56-199] Attempt to get parsing info during refresh. "On-the-fly" syntax checking information may be incorrect. [C:\Users\activ\OneDrive\Document\GitHub\ENEL453\Lab1B\others\digit_multiplexor.sv:]
WARNING: [filemgmt 56-199] Attempt to get parsing info during refresh. "On-the-fly" syntax checking information may be incorrect. [C:\Users\activ\OneDrive\Document\GitHub\ENEL453\Lab1B\others\seven_segment_display_subsystem.sv:]
WARNING: [filemgmt 56-199] Attempt to get parsing info during refresh. "On-the-fly" syntax checking information may be incorrect. [C:\Users\activ\OneDrive\Document\GitHub\ENEL453\Lab1B\others\seven_segment_digit_selector.sv:]
WARNING: [filemgmt 56-199] Attempt to get parsing info during refresh. "On-the-fly" syntax checking information may be incorrect. [C:\Users\activ\OneDrive\Document\GitHub\ENEL453\Lab1B\others\seven_segment_decoder_Lab1b.sv:]
WARNING: [filemgmt 56-199] Attempt to get parsing info during refresh. "On-the-fly" syntax checking information may be incorrect. [C:\Users\activ\OneDrive\Document\GitHub\ENEL453\Lab1B\others\seven_segment_display_subsystem.sv:]
WARNING: [filemgmt 56-199] Attempt to get parsing info during refresh. "On-the-fly" syntax checking information may be incorrect. [C:\Users\activ\OneDrive\Document\GitHub\ENEL453\Lab1B\others\seven_segment_display_subsystem.sv:]
WARNING: [filemgmt 56-199] Attempt to get parsing info during refresh. "On-the-fly" syntax checking information may be incorrect. [C:\Users\activ\OneDrive\Document\GitHub\ENEL453\Lab1B\lab_1b_top_level.sv:]
WARNING: [filemgmt 56-199] Attempt to get parsing info during refresh. "On-the-fly" syntax checking information may be incorrect. [C:\Users\activ\OneDrive\Document\GitHub\ENEL453\Lab1B\lab_1b_top_level_tb.sv:]
WARNING: [filemgmt 56-199] Attempt to get parsing info during refresh. "On-the-fly" syntax checking information may be incorrect. [C:\Users\activ\OneDrive\Document\GitHub\ENEL453\Lab1B\others\digit_multiplexor.sv:]
WARNING: [filemgmt 56-199] Attempt to get parsing info during refresh. "On-the-fly" syntax checking information may be incorrect. [C:\Users\activ\OneDrive\Document\GitHub\ENEL453\Lab1B\others\seven_segment_display_subsystem.sv:]
WARNING: [filemgmt 56-199] Attempt to get parsing info during refresh. "On-the-fly" syntax checking information may be incorrect. [C:\Users\activ\OneDrive\Document\GitHub\ENEL453\Lab1B\others\seven_segment_digit_selector.sv:]
WARNING: [filemgmt 56-199] Attempt to get parsing info during refresh. "On-the-fly" syntax checking information may be incorrect. [C:\Users\activ\OneDrive\Document\GitHub\ENEL453\Lab1B\others\seven_segment_decoder_Lab1b.sv:]
WARNING: [filemgmt 56-199] Attempt to get parsing info during refresh. "On-the-fly" syntax checking information may be incorrect. [C:\Users\activ\OneDrive\Document\GitHub\ENEL453\Lab1B\others\seven_segment_digit_selector.sv:]
WARNING: [filemgmt 56-199] Attempt to get parsing info during refresh. "On-the-fly" syntax checking information may be incorrect. [C:\Users\activ\OneDrive\Document\GitHub\ENEL453\Lab1B\others\seven_segment_digit_selector.sv:]
WARNING: [filemgmt 56-199] Attempt to get parsing info during refresh. "On-the-fly" syntax checking information may be incorrect. [C:\Users\activ\OneDrive\Document\GitHub\ENEL453\Lab1B\lab_1b_top_level.sv:]
WARNING: [filemgmt 56-199] Attempt to get parsing info during refresh. "On-the-fly" syntax checking information may be incorrect. [C:\Users\activ\OneDrive\Document\GitHub\ENEL453\Lab1B\lab_1b_top_level_tb.sv:]
WARNING: [filemgmt 56-199] Attempt to get parsing info during refresh. "On-the-fly" syntax checking information may be incorrect. [C:\Users\activ\OneDrive\Document\GitHub\ENEL453\Lab1B\others\digit_multiplexor.sv:]
WARNING: [filemgmt 56-199] Attempt to get parsing info during refresh. "On-the-fly" syntax checking information may be incorrect. [C:\Users\activ\OneDrive\Document\GitHub\ENEL453\Lab1B\others\seven_segment_display_subsystem.sv:]
WARNING: [filemgmt 56-199] Attempt to get parsing info during refresh. "On-the-fly" syntax checking information may be incorrect. [C:\Users\activ\OneDrive\Document\GitHub\ENEL453\Lab1B\others\seven_segment_digit_selector.sv:]
WARNING: [filemgmt 56-199] Attempt to get parsing info during refresh. "On-the-fly" syntax checking information may be incorrect. [C:\Users\activ\OneDrive\Document\GitHub\ENEL453\Lab1B\others\seven_segment_decoder_Lab1b.sv:]
WARNING: [filemgmt 56-199] Attempt to get parsing info during refresh. "On-the-fly" syntax checking information may be incorrect. [C:\Users\activ\OneDrive\Document\GitHub\ENEL453\Lab1B\lab_1b_top_level_tb.sv:]
WARNING: [filemgmt 56-199] Attempt to get parsing info during refresh. "On-the-fly" syntax checking information may be incorrect. [C:\Users\activ\OneDrive\Document\GitHub\ENEL453\Lab1B\lab_1b_top_level_tb.sv:]
WARNING: [filemgmt 56-199] Attempt to get parsing info during refresh. "On-the-fly" syntax checking information may be incorrect. [C:\Users\activ\OneDrive\Document\GitHub\ENEL453\Lab1B\lab_1b_top_level.sv:]
WARNING: [filemgmt 56-199] Attempt to get parsing info during refresh. "On-the-fly" syntax checking information may be incorrect. [C:\Users\activ\OneDrive\Document\GitHub\ENEL453\Lab1B\lab_1b_top_level_tb.sv:]
WARNING: [filemgmt 56-199] Attempt to get parsing info during refresh. "On-the-fly" syntax checking information may be incorrect. [C:\Users\activ\OneDrive\Document\GitHub\ENEL453\Lab1B\others\digit_multiplexor.sv:]
WARNING: [filemgmt 56-199] Attempt to get parsing info during refresh. "On-the-fly" syntax checking information may be incorrect. [C:\Users\activ\OneDrive\Document\GitHub\ENEL453\Lab1B\others\seven_segment_display_subsystem.sv:]
WARNING: [filemgmt 56-199] Attempt to get parsing info during refresh. "On-the-fly" syntax checking information may be incorrect. [C:\Users\activ\OneDrive\Document\GitHub\ENEL453\Lab1B\others\seven_segment_digit_selector.sv:]
WARNING: [filemgmt 56-199] Attempt to get parsing info during refresh. "On-the-fly" syntax checking information may be incorrect. [C:\Users\activ\OneDrive\Document\GitHub\ENEL453\Lab1B\others\seven_segment_decoder_Lab1b.sv:]
WARNING: [filemgmt 56-199] Attempt to get parsing info during refresh. "On-the-fly" syntax checking information may be incorrect. [C:\Users\activ\OneDrive\Document\GitHub\ENEL453\Lab1B\others\seven_segment_decoder_Lab1b.sv:]
WARNING: [filemgmt 56-199] Attempt to get parsing info during refresh. "On-the-fly" syntax checking information may be incorrect. [C:\Users\activ\OneDrive\Document\GitHub\ENEL453\Lab1B\others\seven_segment_decoder_Lab1b.sv:]
WARNING: [filemgmt 56-199] Attempt to get parsing info during refresh. "On-the-fly" syntax checking information may be incorrect. [C:\Users\activ\OneDrive\Document\GitHub\ENEL453\Lab1B\lab_1b_top_level.sv:]
WARNING: [filemgmt 56-199] Attempt to get parsing info during refresh. "On-the-fly" syntax checking information may be incorrect. [C:\Users\activ\OneDrive\Document\GitHub\ENEL453\Lab1B\lab_1b_top_level_tb.sv:]
WARNING: [filemgmt 56-199] Attempt to get parsing info during refresh. "On-the-fly" syntax checking information may be incorrect. [C:\Users\activ\OneDrive\Document\GitHub\ENEL453\Lab1B\others\digit_multiplexor.sv:]
WARNING: [filemgmt 56-199] Attempt to get parsing info during refresh. "On-the-fly" syntax checking information may be incorrect. [C:\Users\activ\OneDrive\Document\GitHub\ENEL453\Lab1B\others\seven_segment_display_subsystem.sv:]
WARNING: [filemgmt 56-199] Attempt to get parsing info during refresh. "On-the-fly" syntax checking information may be incorrect. [C:\Users\activ\OneDrive\Document\GitHub\ENEL453\Lab1B\others\seven_segment_digit_selector.sv:]
WARNING: [filemgmt 56-199] Attempt to get parsing info during refresh. "On-the-fly" syntax checking information may be incorrect. [C:\Users\activ\OneDrive\Document\GitHub\ENEL453\Lab1B\others\seven_segment_decoder_Lab1b.sv:]
WARNING: [filemgmt 56-199] Attempt to get parsing info during refresh. "On-the-fly" syntax checking information may be incorrect. [C:\Users\activ\OneDrive\Document\GitHub\ENEL453\Lab1B\others\digit_multiplexor.sv:]
WARNING: [filemgmt 56-199] Attempt to get parsing info during refresh. "On-the-fly" syntax checking information may be incorrect. [C:\Users\activ\OneDrive\Document\GitHub\ENEL453\Lab1B\others\digit_multiplexor.sv:]
ERROR: [Common 17-180] Spawn failed: The operation completed successfully.

WARNING: [filemgmt 56-199] Attempt to get parsing info during refresh. "On-the-fly" syntax checking information may be incorrect. [C:\Users\activ\OneDrive\Document\GitHub\ENEL453\Lab1B\lab_1b_top_level.sv:]
WARNING: [filemgmt 56-199] Attempt to get parsing info during refresh. "On-the-fly" syntax checking information may be incorrect. [C:\Users\activ\OneDrive\Document\GitHub\ENEL453\Lab1B\lab_1b_top_level_tb.sv:]
WARNING: [filemgmt 56-199] Attempt to get parsing info during refresh. "On-the-fly" syntax checking information may be incorrect. [C:\Users\activ\OneDrive\Document\GitHub\ENEL453\Lab1B\others\digit_multiplexor.sv:]
WARNING: [filemgmt 56-199] Attempt to get parsing info during refresh. "On-the-fly" syntax checking information may be incorrect. [C:\Users\activ\OneDrive\Document\GitHub\ENEL453\Lab1B\others\seven_segment_display_subsystem.sv:]
WARNING: [filemgmt 56-199] Attempt to get parsing info during refresh. "On-the-fly" syntax checking information may be incorrect. [C:\Users\activ\OneDrive\Document\GitHub\ENEL453\Lab1B\others\seven_segment_digit_selector.sv:]
WARNING: [filemgmt 56-199] Attempt to get parsing info during refresh. "On-the-fly" syntax checking information may be incorrect. [C:\Users\activ\OneDrive\Document\GitHub\ENEL453\Lab1B\others\seven_segment_decoder_Lab1b.sv:]
WARNING: [filemgmt 56-199] Attempt to get parsing info during refresh. "On-the-fly" syntax checking information may be incorrect. [C:\Users\activ\OneDrive\Document\GitHub\ENEL453\Lab1B\lab_1b_top_level.sv:]
WARNING: [filemgmt 56-199] Attempt to get parsing info during refresh. "On-the-fly" syntax checking information may be incorrect. [C:\Users\activ\OneDrive\Document\GitHub\ENEL453\Lab1B\lab_1b_top_level.sv:]
WARNING: [filemgmt 56-199] Attempt to get parsing info during refresh. "On-the-fly" syntax checking information may be incorrect. [C:\Users\activ\OneDrive\Document\GitHub\ENEL453\Lab1B\lab_1b_top_level.sv:]
WARNING: [filemgmt 56-199] Attempt to get parsing info during refresh. "On-the-fly" syntax checking information may be incorrect. [C:\Users\activ\OneDrive\Document\GitHub\ENEL453\Lab1B\lab_1b_top_level_tb.sv:]
WARNING: [filemgmt 56-199] Attempt to get parsing info during refresh. "On-the-fly" syntax checking information may be incorrect. [C:\Users\activ\OneDrive\Document\GitHub\ENEL453\Lab1B\others\digit_multiplexor.sv:]
WARNING: [filemgmt 56-199] Attempt to get parsing info during refresh. "On-the-fly" syntax checking information may be incorrect. [C:\Users\activ\OneDrive\Document\GitHub\ENEL453\Lab1B\others\seven_segment_display_subsystem.sv:]
WARNING: [filemgmt 56-199] Attempt to get parsing info during refresh. "On-the-fly" syntax checking information may be incorrect. [C:\Users\activ\OneDrive\Document\GitHub\ENEL453\Lab1B\others\seven_segment_digit_selector.sv:]
WARNING: [filemgmt 56-199] Attempt to get parsing info during refresh. "On-the-fly" syntax checking information may be incorrect. [C:\Users\activ\OneDrive\Document\GitHub\ENEL453\Lab1B\others\seven_segment_decoder_Lab1b.sv:]
WARNING: [filemgmt 56-199] Attempt to get parsing info during refresh. "On-the-fly" syntax checking information may be incorrect. [C:\Users\activ\OneDrive\Document\GitHub\ENEL453\Lab1B\others\seven_segment_display_subsystem.sv:]
WARNING: [filemgmt 56-199] Attempt to get parsing info during refresh. "On-the-fly" syntax checking information may be incorrect. [C:\Users\activ\OneDrive\Document\GitHub\ENEL453\Lab1B\others\seven_segment_display_subsystem.sv:]
WARNING: [filemgmt 56-199] Attempt to get parsing info during refresh. "On-the-fly" syntax checking information may be incorrect. [C:\Users\activ\OneDrive\Document\GitHub\ENEL453\Lab1B\lab_1b_top_level.sv:]
WARNING: [filemgmt 56-199] Attempt to get parsing info during refresh. "On-the-fly" syntax checking information may be incorrect. [C:\Users\activ\OneDrive\Document\GitHub\ENEL453\Lab1B\lab_1b_top_level_tb.sv:]
WARNING: [filemgmt 56-199] Attempt to get parsing info during refresh. "On-the-fly" syntax checking information may be incorrect. [C:\Users\activ\OneDrive\Document\GitHub\ENEL453\Lab1B\others\digit_multiplexor.sv:]
WARNING: [filemgmt 56-199] Attempt to get parsing info during refresh. "On-the-fly" syntax checking information may be incorrect. [C:\Users\activ\OneDrive\Document\GitHub\ENEL453\Lab1B\others\seven_segment_display_subsystem.sv:]
WARNING: [filemgmt 56-199] Attempt to get parsing info during refresh. "On-the-fly" syntax checking information may be incorrect. [C:\Users\activ\OneDrive\Document\GitHub\ENEL453\Lab1B\others\seven_segment_digit_selector.sv:]
WARNING: [filemgmt 56-199] Attempt to get parsing info during refresh. "On-the-fly" syntax checking information may be incorrect. [C:\Users\activ\OneDrive\Document\GitHub\ENEL453\Lab1B\others\seven_segment_decoder_Lab1b.sv:]
WARNING: [filemgmt 56-199] Attempt to get parsing info during refresh. "On-the-fly" syntax checking information may be incorrect. [C:\Users\activ\OneDrive\Document\GitHub\ENEL453\Lab1B\others\seven_segment_decoder_Lab1b.sv:]
WARNING: [filemgmt 56-199] Attempt to get parsing info during refresh. "On-the-fly" syntax checking information may be incorrect. [C:\Users\activ\OneDrive\Document\GitHub\ENEL453\Lab1B\others\seven_segment_decoder_Lab1b.sv:]
WARNING: [filemgmt 56-199] Attempt to get parsing info during refresh. "On-the-fly" syntax checking information may be incorrect. [C:\Users\activ\OneDrive\Document\GitHub\ENEL453\Lab1B\lab_1b_top_level.sv:]
WARNING: [filemgmt 56-199] Attempt to get parsing info during refresh. "On-the-fly" syntax checking information may be incorrect. [C:\Users\activ\OneDrive\Document\GitHub\ENEL453\Lab1B\lab_1b_top_level_tb.sv:]
WARNING: [filemgmt 56-199] Attempt to get parsing info during refresh. "On-the-fly" syntax checking information may be incorrect. [C:\Users\activ\OneDrive\Document\GitHub\ENEL453\Lab1B\others\digit_multiplexor.sv:]
WARNING: [filemgmt 56-199] Attempt to get parsing info during refresh. "On-the-fly" syntax checking information may be incorrect. [C:\Users\activ\OneDrive\Document\GitHub\ENEL453\Lab1B\others\seven_segment_display_subsystem.sv:]
WARNING: [filemgmt 56-199] Attempt to get parsing info during refresh. "On-the-fly" syntax checking information may be incorrect. [C:\Users\activ\OneDrive\Document\GitHub\ENEL453\Lab1B\others\seven_segment_digit_selector.sv:]
WARNING: [filemgmt 56-199] Attempt to get parsing info during refresh. "On-the-fly" syntax checking information may be incorrect. [C:\Users\activ\OneDrive\Document\GitHub\ENEL453\Lab1B\others\seven_segment_decoder_Lab1b.sv:]
WARNING: [filemgmt 56-199] Attempt to get parsing info during refresh. "On-the-fly" syntax checking information may be incorrect. [C:\Users\activ\OneDrive\Document\GitHub\ENEL453\Lab1B\others\digit_multiplexor.sv:]
WARNING: [filemgmt 56-199] Attempt to get parsing info during refresh. "On-the-fly" syntax checking information may be incorrect. [C:\Users\activ\OneDrive\Document\GitHub\ENEL453\Lab1B\others\digit_multiplexor.sv:]
ERROR: [Common 17-180] Spawn failed: The operation completed successfully.

WARNING: [filemgmt 56-199] Attempt to get parsing info during refresh. "On-the-fly" syntax checking information may be incorrect. [C:\Users\activ\OneDrive\Document\GitHub\ENEL453\Lab1B\lab_1b_top_level.sv:]
WARNING: [filemgmt 56-199] Attempt to get parsing info during refresh. "On-the-fly" syntax checking information may be incorrect. [C:\Users\activ\OneDrive\Document\GitHub\ENEL453\Lab1B\lab_1b_top_level_tb.sv:]
WARNING: [filemgmt 56-199] Attempt to get parsing info during refresh. "On-the-fly" syntax checking information may be incorrect. [C:\Users\activ\OneDrive\Document\GitHub\ENEL453\Lab1B\others\digit_multiplexor.sv:]
WARNING: [filemgmt 56-199] Attempt to get parsing info during refresh. "On-the-fly" syntax checking information may be incorrect. [C:\Users\activ\OneDrive\Document\GitHub\ENEL453\Lab1B\others\seven_segment_display_subsystem.sv:]
WARNING: [filemgmt 56-199] Attempt to get parsing info during refresh. "On-the-fly" syntax checking information may be incorrect. [C:\Users\activ\OneDrive\Document\GitHub\ENEL453\Lab1B\others\seven_segment_digit_selector.sv:]
WARNING: [filemgmt 56-199] Attempt to get parsing info during refresh. "On-the-fly" syntax checking information may be incorrect. [C:\Users\activ\OneDrive\Document\GitHub\ENEL453\Lab1B\others\seven_segment_decoder_Lab1b.sv:]
WARNING: [filemgmt 56-199] Attempt to get parsing info during refresh. "On-the-fly" syntax checking information may be incorrect. [C:\Users\activ\OneDrive\Document\GitHub\ENEL453\Lab1B\lab_1b_top_level_tb.sv:]
WARNING: [filemgmt 56-199] Attempt to get parsing info during refresh. "On-the-fly" syntax checking information may be incorrect. [C:\Users\activ\OneDrive\Document\GitHub\ENEL453\Lab1B\lab_1b_top_level_tb.sv:]
close_sim
INFO: [Simtcl 6-16] Simulation closed
launch_simulation
Command: launch_simulation 
INFO: [Vivado 12-12493] Simulation top is 'lab_1b_top_level_tb'
INFO: [Vivado 12-5682] Launching behavioral simulation in 'C:/Users/activ/OneDrive/Document/GitHub/ENEL453/Lab1B/Lab_1b/Lab_1b.sim/sim_1/behav/xsim'
INFO: [SIM-utils-51] Simulation object is 'sim_1'
INFO: [SIM-utils-72] Using boost library from 'C:/Xilinx/2025.1/Vivado/tps/boost_1_72_0'
INFO: [SIM-utils-54] Inspecting design source files for 'lab_1b_top_level_tb' in fileset 'sim_1'...
INFO: [USF-XSim-97] Finding global include files...
INFO: [USF-XSim-98] Fetching design files from 'sim_1'...
INFO: [USF-XSim-2] XSim::Compile design
INFO: [USF-XSim-61] Executing 'COMPILE and ANALYZE' step in 'C:/Users/activ/OneDrive/Document/GitHub/ENEL453/Lab1B/Lab_1b/Lab_1b.sim/sim_1/behav/xsim'
"xvlog --incr --relax -L uvm -prj lab_1b_top_level_tb_vlog.prj"
INFO: [VRFC 10-2263] Analyzing SystemVerilog file "C:/Users/activ/OneDrive/Document/GitHub/ENEL453/Lab1B/others/digit_multiplexor.sv" into library xil_defaultlib
INFO: [VRFC 10-311] analyzing module digit_multiplexor
INFO: [VRFC 10-2263] Analyzing SystemVerilog file "C:/Users/activ/OneDrive/Document/GitHub/ENEL453/Lab1B/lab_1b_top_level.sv" into library xil_defaultlib
INFO: [VRFC 10-311] analyzing module lab_1b_top_level
INFO: [VRFC 10-2263] Analyzing SystemVerilog file "C:/Users/activ/OneDrive/Document/GitHub/ENEL453/Lab1B/others/seven_segment_decoder_Lab1b.sv" into library xil_defaultlib
INFO: [VRFC 10-311] analyzing module seven_segment_decoder
INFO: [VRFC 10-2263] Analyzing SystemVerilog file "C:/Users/activ/OneDrive/Document/GitHub/ENEL453/Lab1B/others/seven_segment_digit_selector.sv" into library xil_defaultlib
INFO: [VRFC 10-311] analyzing module seven_segment_digit_selector
INFO: [VRFC 10-2263] Analyzing SystemVerilog file "C:/Users/activ/OneDrive/Document/GitHub/ENEL453/Lab1B/others/seven_segment_display_subsystem.sv" into library xil_defaultlib
INFO: [VRFC 10-311] analyzing module seven_segment_display_subsystem
INFO: [VRFC 10-2263] Analyzing SystemVerilog file "C:/Users/activ/OneDrive/Document/GitHub/ENEL453/Lab1B/switch_logic.sv" into library xil_defaultlib
INFO: [VRFC 10-311] analyzing module switch_logic
INFO: [VRFC 10-2263] Analyzing SystemVerilog file "C:/Users/activ/OneDrive/Document/GitHub/ENEL453/Lab1B/lab_1b_top_level_tb.sv" into library xil_defaultlib
INFO: [VRFC 10-311] analyzing module lab_1b_top_level_tb
INFO: [USF-XSim-69] 'compile' step finished in '2' seconds
INFO: [USF-XSim-3] XSim::Elaborate design
INFO: [USF-XSim-61] Executing 'ELABORATE' step in 'C:/Users/activ/OneDrive/Document/GitHub/ENEL453/Lab1B/Lab_1b/Lab_1b.sim/sim_1/behav/xsim'
"xelab --incr --debug typical --relax --mt 2 -L xil_defaultlib -L uvm -L unisims_ver -L unimacro_ver -L secureip --snapshot lab_1b_top_level_tb_behav xil_defaultlib.lab_1b_top_level_tb xil_defaultlib.glbl -log elaborate.log"
Vivado Simulator v2025.1.0
Copyright 1986-2022 Xilinx, Inc. All Rights Reserved.
Copyright 2022-2025 Advanced Micro Devices, Inc. All Rights Reserved.
Running: C:/Xilinx/2025.1/Vivado/bin/unwrapped/win64.o/xelab.exe --incr --debug typical --relax --mt 2 -L xil_defaultlib -L uvm -L unisims_ver -L unimacro_ver -L secureip --snapshot lab_1b_top_level_tb_behav xil_defaultlib.lab_1b_top_level_tb xil_defaultlib.glbl -log elaborate.log 
Using 2 slave threads.
Starting static elaboration
Pass Through NonSizing Optimizer
WARNING: [VRFC 10-5021] port 'switches_inputs' is not connected on this instance [C:/Users/activ/OneDrive/Document/GitHub/ENEL453/Lab1B/lab_1b_top_level.sv:17]
Completed static elaboration
Starting simulation data flow analysis
WARNING: [XSIM 43-4099] "C:/Users/activ/OneDrive/Document/GitHub/ENEL453/Lab1B/lab_1b_top_level.sv" Line 1. Module lab_1b_top_level doesn't have a timescale but at least one module in design has a timescale.
WARNING: [XSIM 43-4099] "C:/Users/activ/OneDrive/Document/GitHub/ENEL453/Lab1B/others/seven_segment_display_subsystem.sv" Line 26. Module seven_segment_display_subsystem doesn't have a timescale but at least one module in design has a timescale.
WARNING: [XSIM 43-4099] "C:/Users/activ/OneDrive/Document/GitHub/ENEL453/Lab1B/others/digit_multiplexor.sv" Line 39. Module digit_multiplexor doesn't have a timescale but at least one module in design has a timescale.
WARNING: [XSIM 43-4099] "C:/Users/activ/OneDrive/Document/GitHub/ENEL453/Lab1B/others/seven_segment_digit_selector.sv" Line 36. Module seven_segment_digit_selector doesn't have a timescale but at least one module in design has a timescale.
WARNING: [XSIM 43-4099] "C:/Users/activ/OneDrive/Document/GitHub/ENEL453/Lab1B/others/seven_segment_decoder_Lab1b.sv" Line 37. Module seven_segment_decoder doesn't have a timescale but at least one module in design has a timescale.
WARNING: [XSIM 43-4099] "C:/Users/activ/OneDrive/Document/GitHub/ENEL453/Lab1B/switch_logic.sv" Line 1. Module switch_logic doesn't have a timescale but at least one module in design has a timescale.
WARNING: [XSIM 43-4099] "C:/Users/activ/OneDrive/Document/GitHub/ENEL453/Lab1B/lab_1b_top_level.sv" Line 1. Module lab_1b_top_level doesn't have a timescale but at least one module in design has a timescale.
WARNING: [XSIM 43-4099] "C:/Users/activ/OneDrive/Document/GitHub/ENEL453/Lab1B/others/seven_segment_display_subsystem.sv" Line 26. Module seven_segment_display_subsystem doesn't have a timescale but at least one module in design has a timescale.
WARNING: [XSIM 43-4099] "C:/Users/activ/OneDrive/Document/GitHub/ENEL453/Lab1B/others/digit_multiplexor.sv" Line 39. Module digit_multiplexor doesn't have a timescale but at least one module in design has a timescale.
WARNING: [XSIM 43-4099] "C:/Users/activ/OneDrive/Document/GitHub/ENEL453/Lab1B/others/seven_segment_digit_selector.sv" Line 36. Module seven_segment_digit_selector doesn't have a timescale but at least one module in design has a timescale.
WARNING: [XSIM 43-4099] "C:/Users/activ/OneDrive/Document/GitHub/ENEL453/Lab1B/others/seven_segment_decoder_Lab1b.sv" Line 37. Module seven_segment_decoder doesn't have a timescale but at least one module in design has a timescale.
WARNING: [XSIM 43-4099] "C:/Users/activ/OneDrive/Document/GitHub/ENEL453/Lab1B/switch_logic.sv" Line 1. Module switch_logic doesn't have a timescale but at least one module in design has a timescale.
Completed simulation data flow analysis
Time Resolution for simulation is 1ps
Compiling module xil_defaultlib.digit_multiplexor
Compiling module xil_defaultlib.seven_segment_digit_selector
Compiling module xil_defaultlib.seven_segment_decoder
Compiling module xil_defaultlib.seven_segment_display_subsystem
Compiling module xil_defaultlib.switch_logic
Compiling module xil_defaultlib.lab_1b_top_level
Compiling module xil_defaultlib.lab_1b_top_level_tb
Compiling module xil_defaultlib.glbl
Built simulation snapshot lab_1b_top_level_tb_behav
INFO: [USF-XSim-69] 'elaborate' step finished in '4' seconds
INFO: [USF-XSim-4] XSim::Simulate design
INFO: [USF-XSim-61] Executing 'SIMULATE' step in 'C:/Users/activ/OneDrive/Document/GitHub/ENEL453/Lab1B/Lab_1b/Lab_1b.sim/sim_1/behav/xsim'
INFO: [USF-XSim-98] *** Running xsim
   with args "lab_1b_top_level_tb_behav -key {Behavioral:sim_1:Functional:lab_1b_top_level_tb} -tclbatch {lab_1b_top_level_tb.tcl} -log {simulate.log}"
INFO: [USF-XSim-8] Loading simulator feature
Time resolution is 1 ps
source lab_1b_top_level_tb.tcl
# set curr_wave [current_wave_config]
# if { [string length $curr_wave] == 0 } {
#   if { [llength [get_objects]] > 0} {
#     add_wave /
#     set_property needs_save false [current_wave_config]
#   } else {
#      send_msg_id Add_Wave-1 WARNING "No top level signals found. Simulator will start without a wave window. If you want to open a wave window go to 'File->New Waveform Configuration' or type 'create_wave_config' in the TCL console."
#   }
# }
# run 1000ns
Time = 0: switches_inputs = xxxxxxxxxxxxxxxx, led = xxxxxxxxxxxxxxxx
Time = 60000: switches_inputs = 0000000000000000, led = 0000000000000000
Time = 70000: switches_inputs = 1111111111111111, led = 1111111111111111
Time = 80000: switches_inputs = 0101010101010101, led = 0101010101010101
Time = 90000: switches_inputs = 1010101010101010, led = 1010101010101010
Time = 100000: switches_inputs = 1100110011001100, led = 1100110011001100
Time = 110000: switches_inputs = 0011001100110011, led = 0011001100110011
$stop called at time : 170 ns : File "C:/Users/activ/OneDrive/Document/GitHub/ENEL453/Lab1B/lab_1b_top_level_tb.sv" Line 72
INFO: [USF-XSim-96] XSim completed. Design snapshot 'lab_1b_top_level_tb_behav' loaded.
INFO: [USF-XSim-97] XSim simulation ran for 1000ns
launch_simulation: Time (s): cpu = 00:00:06 ; elapsed = 00:00:10 . Memory (MB): peak = 3376.152 ; gain = 0.000
WARNING: [filemgmt 56-199] Attempt to get parsing info during refresh. "On-the-fly" syntax checking information may be incorrect. [C:\Users\activ\OneDrive\Document\GitHub\ENEL453\Lab1B\lab_1b_top_level.sv:]
WARNING: [filemgmt 56-199] Attempt to get parsing info during refresh. "On-the-fly" syntax checking information may be incorrect. [C:\Users\activ\OneDrive\Document\GitHub\ENEL453\Lab1B\lab_1b_top_level_tb.sv:]
WARNING: [filemgmt 56-199] Attempt to get parsing info during refresh. "On-the-fly" syntax checking information may be incorrect. [C:\Users\activ\OneDrive\Document\GitHub\ENEL453\Lab1B\others\digit_multiplexor.sv:]
WARNING: [filemgmt 56-199] Attempt to get parsing info during refresh. "On-the-fly" syntax checking information may be incorrect. [C:\Users\activ\OneDrive\Document\GitHub\ENEL453\Lab1B\others\seven_segment_display_subsystem.sv:]
WARNING: [filemgmt 56-199] Attempt to get parsing info during refresh. "On-the-fly" syntax checking information may be incorrect. [C:\Users\activ\OneDrive\Document\GitHub\ENEL453\Lab1B\others\seven_segment_digit_selector.sv:]
WARNING: [filemgmt 56-199] Attempt to get parsing info during refresh. "On-the-fly" syntax checking information may be incorrect. [C:\Users\activ\OneDrive\Document\GitHub\ENEL453\Lab1B\others\seven_segment_decoder_Lab1b.sv:]
WARNING: [filemgmt 56-199] Attempt to get parsing info during refresh. "On-the-fly" syntax checking information may be incorrect. [C:\Users\activ\OneDrive\Document\GitHub\ENEL453\Lab1B\lab_1b_top_level.sv:]
WARNING: [filemgmt 56-199] Attempt to get parsing info during refresh. "On-the-fly" syntax checking information may be incorrect. [C:\Users\activ\OneDrive\Document\GitHub\ENEL453\Lab1B\lab_1b_top_level.sv:]
WARNING: [filemgmt 56-199] Attempt to get parsing info during refresh. "On-the-fly" syntax checking information may be incorrect. [C:\Users\activ\OneDrive\Document\GitHub\ENEL453\Lab1B\lab_1b_top_level.sv:]
WARNING: [filemgmt 56-199] Attempt to get parsing info during refresh. "On-the-fly" syntax checking information may be incorrect. [C:\Users\activ\OneDrive\Document\GitHub\ENEL453\Lab1B\lab_1b_top_level_tb.sv:]
WARNING: [filemgmt 56-199] Attempt to get parsing info during refresh. "On-the-fly" syntax checking information may be incorrect. [C:\Users\activ\OneDrive\Document\GitHub\ENEL453\Lab1B\others\digit_multiplexor.sv:]
WARNING: [filemgmt 56-199] Attempt to get parsing info during refresh. "On-the-fly" syntax checking information may be incorrect. [C:\Users\activ\OneDrive\Document\GitHub\ENEL453\Lab1B\others\seven_segment_display_subsystem.sv:]
WARNING: [filemgmt 56-199] Attempt to get parsing info during refresh. "On-the-fly" syntax checking information may be incorrect. [C:\Users\activ\OneDrive\Document\GitHub\ENEL453\Lab1B\others\seven_segment_digit_selector.sv:]
WARNING: [filemgmt 56-199] Attempt to get parsing info during refresh. "On-the-fly" syntax checking information may be incorrect. [C:\Users\activ\OneDrive\Document\GitHub\ENEL453\Lab1B\others\seven_segment_decoder_Lab1b.sv:]
WARNING: [filemgmt 56-199] Attempt to get parsing info during refresh. "On-the-fly" syntax checking information may be incorrect. [C:\Users\activ\OneDrive\Document\GitHub\ENEL453\Lab1B\lab_1b_top_level_tb.sv:]
WARNING: [filemgmt 56-199] Attempt to get parsing info during refresh. "On-the-fly" syntax checking information may be incorrect. [C:\Users\activ\OneDrive\Document\GitHub\ENEL453\Lab1B\lab_1b_top_level_tb.sv:]
WARNING: [filemgmt 56-199] Attempt to get parsing info during refresh. "On-the-fly" syntax checking information may be incorrect. [C:\Users\activ\OneDrive\Document\GitHub\ENEL453\Lab1B\lab_1b_top_level.sv:]
WARNING: [filemgmt 56-199] Attempt to get parsing info during refresh. "On-the-fly" syntax checking information may be incorrect. [C:\Users\activ\OneDrive\Document\GitHub\ENEL453\Lab1B\lab_1b_top_level_tb.sv:]
WARNING: [filemgmt 56-199] Attempt to get parsing info during refresh. "On-the-fly" syntax checking information may be incorrect. [C:\Users\activ\OneDrive\Document\GitHub\ENEL453\Lab1B\others\digit_multiplexor.sv:]
WARNING: [filemgmt 56-199] Attempt to get parsing info during refresh. "On-the-fly" syntax checking information may be incorrect. [C:\Users\activ\OneDrive\Document\GitHub\ENEL453\Lab1B\others\seven_segment_display_subsystem.sv:]
WARNING: [filemgmt 56-199] Attempt to get parsing info during refresh. "On-the-fly" syntax checking information may be incorrect. [C:\Users\activ\OneDrive\Document\GitHub\ENEL453\Lab1B\others\seven_segment_digit_selector.sv:]
WARNING: [filemgmt 56-199] Attempt to get parsing info during refresh. "On-the-fly" syntax checking information may be incorrect. [C:\Users\activ\OneDrive\Document\GitHub\ENEL453\Lab1B\others\seven_segment_decoder_Lab1b.sv:]
WARNING: [filemgmt 56-199] Attempt to get parsing info during refresh. "On-the-fly" syntax checking information may be incorrect. [C:\Users\activ\OneDrive\Document\GitHub\ENEL453\Lab1B\others\seven_segment_digit_selector.sv:]
WARNING: [filemgmt 56-199] Attempt to get parsing info during refresh. "On-the-fly" syntax checking information may be incorrect. [C:\Users\activ\OneDrive\Document\GitHub\ENEL453\Lab1B\others\seven_segment_digit_selector.sv:]
WARNING: [filemgmt 56-199] Attempt to get parsing info during refresh. "On-the-fly" syntax checking information may be incorrect. [C:\Users\activ\OneDrive\Document\GitHub\ENEL453\Lab1B\lab_1b_top_level.sv:]
WARNING: [filemgmt 56-199] Attempt to get parsing info during refresh. "On-the-fly" syntax checking information may be incorrect. [C:\Users\activ\OneDrive\Document\GitHub\ENEL453\Lab1B\lab_1b_top_level_tb.sv:]
WARNING: [filemgmt 56-199] Attempt to get parsing info during refresh. "On-the-fly" syntax checking information may be incorrect. [C:\Users\activ\OneDrive\Document\GitHub\ENEL453\Lab1B\others\digit_multiplexor.sv:]
WARNING: [filemgmt 56-199] Attempt to get parsing info during refresh. "On-the-fly" syntax checking information may be incorrect. [C:\Users\activ\OneDrive\Document\GitHub\ENEL453\Lab1B\others\seven_segment_display_subsystem.sv:]
WARNING: [filemgmt 56-199] Attempt to get parsing info during refresh. "On-the-fly" syntax checking information may be incorrect. [C:\Users\activ\OneDrive\Document\GitHub\ENEL453\Lab1B\others\seven_segment_digit_selector.sv:]
WARNING: [filemgmt 56-199] Attempt to get parsing info during refresh. "On-the-fly" syntax checking information may be incorrect. [C:\Users\activ\OneDrive\Document\GitHub\ENEL453\Lab1B\others\seven_segment_decoder_Lab1b.sv:]
WARNING: [filemgmt 56-199] Attempt to get parsing info during refresh. "On-the-fly" syntax checking information may be incorrect. [C:\Users\activ\OneDrive\Document\GitHub\ENEL453\Lab1B\others\digit_multiplexor.sv:]
WARNING: [filemgmt 56-199] Attempt to get parsing info during refresh. "On-the-fly" syntax checking information may be incorrect. [C:\Users\activ\OneDrive\Document\GitHub\ENEL453\Lab1B\others\digit_multiplexor.sv:]
ERROR: [Common 17-180] Spawn failed: The operation completed successfully.

WARNING: [filemgmt 56-199] Attempt to get parsing info during refresh. "On-the-fly" syntax checking information may be incorrect. [C:\Users\activ\OneDrive\Document\GitHub\ENEL453\Lab1B\lab_1b_top_level.sv:]
WARNING: [filemgmt 56-199] Attempt to get parsing info during refresh. "On-the-fly" syntax checking information may be incorrect. [C:\Users\activ\OneDrive\Document\GitHub\ENEL453\Lab1B\lab_1b_top_level_tb.sv:]
WARNING: [filemgmt 56-199] Attempt to get parsing info during refresh. "On-the-fly" syntax checking information may be incorrect. [C:\Users\activ\OneDrive\Document\GitHub\ENEL453\Lab1B\others\digit_multiplexor.sv:]
WARNING: [filemgmt 56-199] Attempt to get parsing info during refresh. "On-the-fly" syntax checking information may be incorrect. [C:\Users\activ\OneDrive\Document\GitHub\ENEL453\Lab1B\others\seven_segment_display_subsystem.sv:]
WARNING: [filemgmt 56-199] Attempt to get parsing info during refresh. "On-the-fly" syntax checking information may be incorrect. [C:\Users\activ\OneDrive\Document\GitHub\ENEL453\Lab1B\others\seven_segment_digit_selector.sv:]
WARNING: [filemgmt 56-199] Attempt to get parsing info during refresh. "On-the-fly" syntax checking information may be incorrect. [C:\Users\activ\OneDrive\Document\GitHub\ENEL453\Lab1B\others\seven_segment_decoder_Lab1b.sv:]
WARNING: [filemgmt 56-199] Attempt to get parsing info during refresh. "On-the-fly" syntax checking information may be incorrect. [C:\Users\activ\OneDrive\Document\GitHub\ENEL453\Lab1B\others\seven_segment_display_subsystem.sv:]
WARNING: [filemgmt 56-199] Attempt to get parsing info during refresh. "On-the-fly" syntax checking information may be incorrect. [C:\Users\activ\OneDrive\Document\GitHub\ENEL453\Lab1B\others\seven_segment_display_subsystem.sv:]
close_sim
INFO: [Simtcl 6-16] Simulation closed
launch_simulation
Command: launch_simulation 
INFO: [Vivado 12-12493] Simulation top is 'lab_1b_top_level_tb'
INFO: [Vivado 12-5682] Launching behavioral simulation in 'C:/Users/activ/OneDrive/Document/GitHub/ENEL453/Lab1B/Lab_1b/Lab_1b.sim/sim_1/behav/xsim'
INFO: [SIM-utils-51] Simulation object is 'sim_1'
INFO: [SIM-utils-72] Using boost library from 'C:/Xilinx/2025.1/Vivado/tps/boost_1_72_0'
INFO: [SIM-utils-54] Inspecting design source files for 'lab_1b_top_level_tb' in fileset 'sim_1'...
INFO: [USF-XSim-97] Finding global include files...
INFO: [USF-XSim-98] Fetching design files from 'sim_1'...
INFO: [USF-XSim-2] XSim::Compile design
INFO: [USF-XSim-61] Executing 'COMPILE and ANALYZE' step in 'C:/Users/activ/OneDrive/Document/GitHub/ENEL453/Lab1B/Lab_1b/Lab_1b.sim/sim_1/behav/xsim'
"xvlog --incr --relax -L uvm -prj lab_1b_top_level_tb_vlog.prj"
INFO: [VRFC 10-2263] Analyzing SystemVerilog file "C:/Users/activ/OneDrive/Document/GitHub/ENEL453/Lab1B/others/digit_multiplexor.sv" into library xil_defaultlib
INFO: [VRFC 10-311] analyzing module digit_multiplexor
INFO: [VRFC 10-2263] Analyzing SystemVerilog file "C:/Users/activ/OneDrive/Document/GitHub/ENEL453/Lab1B/lab_1b_top_level.sv" into library xil_defaultlib
INFO: [VRFC 10-311] analyzing module lab_1b_top_level
INFO: [VRFC 10-2263] Analyzing SystemVerilog file "C:/Users/activ/OneDrive/Document/GitHub/ENEL453/Lab1B/others/seven_segment_decoder_Lab1b.sv" into library xil_defaultlib
INFO: [VRFC 10-311] analyzing module seven_segment_decoder
INFO: [VRFC 10-2263] Analyzing SystemVerilog file "C:/Users/activ/OneDrive/Document/GitHub/ENEL453/Lab1B/others/seven_segment_digit_selector.sv" into library xil_defaultlib
INFO: [VRFC 10-311] analyzing module seven_segment_digit_selector
INFO: [VRFC 10-2263] Analyzing SystemVerilog file "C:/Users/activ/OneDrive/Document/GitHub/ENEL453/Lab1B/others/seven_segment_display_subsystem.sv" into library xil_defaultlib
INFO: [VRFC 10-311] analyzing module seven_segment_display_subsystem
INFO: [VRFC 10-2263] Analyzing SystemVerilog file "C:/Users/activ/OneDrive/Document/GitHub/ENEL453/Lab1B/switch_logic.sv" into library xil_defaultlib
INFO: [VRFC 10-311] analyzing module switch_logic
INFO: [VRFC 10-2263] Analyzing SystemVerilog file "C:/Users/activ/OneDrive/Document/GitHub/ENEL453/Lab1B/lab_1b_top_level_tb.sv" into library xil_defaultlib
INFO: [VRFC 10-311] analyzing module lab_1b_top_level_tb
INFO: [USF-XSim-69] 'compile' step finished in '2' seconds
INFO: [USF-XSim-3] XSim::Elaborate design
INFO: [USF-XSim-61] Executing 'ELABORATE' step in 'C:/Users/activ/OneDrive/Document/GitHub/ENEL453/Lab1B/Lab_1b/Lab_1b.sim/sim_1/behav/xsim'
"xelab --incr --debug typical --relax --mt 2 -L xil_defaultlib -L uvm -L unisims_ver -L unimacro_ver -L secureip --snapshot lab_1b_top_level_tb_behav xil_defaultlib.lab_1b_top_level_tb xil_defaultlib.glbl -log elaborate.log"
Vivado Simulator v2025.1.0
Copyright 1986-2022 Xilinx, Inc. All Rights Reserved.
Copyright 2022-2025 Advanced Micro Devices, Inc. All Rights Reserved.
Running: C:/Xilinx/2025.1/Vivado/bin/unwrapped/win64.o/xelab.exe --incr --debug typical --relax --mt 2 -L xil_defaultlib -L uvm -L unisims_ver -L unimacro_ver -L secureip --snapshot lab_1b_top_level_tb_behav xil_defaultlib.lab_1b_top_level_tb xil_defaultlib.glbl -log elaborate.log 
Using 2 slave threads.
Starting static elaboration
Pass Through NonSizing Optimizer
WARNING: [VRFC 10-5021] port 'switches_inputs' is not connected on this instance [C:/Users/activ/OneDrive/Document/GitHub/ENEL453/Lab1B/lab_1b_top_level.sv:17]
Completed static elaboration
Starting simulation data flow analysis
WARNING: [XSIM 43-4099] "C:/Users/activ/OneDrive/Document/GitHub/ENEL453/Lab1B/lab_1b_top_level.sv" Line 1. Module lab_1b_top_level doesn't have a timescale but at least one module in design has a timescale.
WARNING: [XSIM 43-4099] "C:/Users/activ/OneDrive/Document/GitHub/ENEL453/Lab1B/others/seven_segment_display_subsystem.sv" Line 26. Module seven_segment_display_subsystem doesn't have a timescale but at least one module in design has a timescale.
WARNING: [XSIM 43-4099] "C:/Users/activ/OneDrive/Document/GitHub/ENEL453/Lab1B/others/digit_multiplexor.sv" Line 39. Module digit_multiplexor doesn't have a timescale but at least one module in design has a timescale.
WARNING: [XSIM 43-4099] "C:/Users/activ/OneDrive/Document/GitHub/ENEL453/Lab1B/others/seven_segment_digit_selector.sv" Line 36. Module seven_segment_digit_selector doesn't have a timescale but at least one module in design has a timescale.
WARNING: [XSIM 43-4099] "C:/Users/activ/OneDrive/Document/GitHub/ENEL453/Lab1B/others/seven_segment_decoder_Lab1b.sv" Line 37. Module seven_segment_decoder doesn't have a timescale but at least one module in design has a timescale.
WARNING: [XSIM 43-4099] "C:/Users/activ/OneDrive/Document/GitHub/ENEL453/Lab1B/switch_logic.sv" Line 1. Module switch_logic doesn't have a timescale but at least one module in design has a timescale.
WARNING: [XSIM 43-4099] "C:/Users/activ/OneDrive/Document/GitHub/ENEL453/Lab1B/lab_1b_top_level.sv" Line 1. Module lab_1b_top_level doesn't have a timescale but at least one module in design has a timescale.
WARNING: [XSIM 43-4099] "C:/Users/activ/OneDrive/Document/GitHub/ENEL453/Lab1B/others/seven_segment_display_subsystem.sv" Line 26. Module seven_segment_display_subsystem doesn't have a timescale but at least one module in design has a timescale.
WARNING: [XSIM 43-4099] "C:/Users/activ/OneDrive/Document/GitHub/ENEL453/Lab1B/others/digit_multiplexor.sv" Line 39. Module digit_multiplexor doesn't have a timescale but at least one module in design has a timescale.
WARNING: [XSIM 43-4099] "C:/Users/activ/OneDrive/Document/GitHub/ENEL453/Lab1B/others/seven_segment_digit_selector.sv" Line 36. Module seven_segment_digit_selector doesn't have a timescale but at least one module in design has a timescale.
WARNING: [XSIM 43-4099] "C:/Users/activ/OneDrive/Document/GitHub/ENEL453/Lab1B/others/seven_segment_decoder_Lab1b.sv" Line 37. Module seven_segment_decoder doesn't have a timescale but at least one module in design has a timescale.
WARNING: [XSIM 43-4099] "C:/Users/activ/OneDrive/Document/GitHub/ENEL453/Lab1B/switch_logic.sv" Line 1. Module switch_logic doesn't have a timescale but at least one module in design has a timescale.
Completed simulation data flow analysis
Time Resolution for simulation is 1ps
Compiling module xil_defaultlib.digit_multiplexor
Compiling module xil_defaultlib.seven_segment_digit_selector
Compiling module xil_defaultlib.seven_segment_decoder
Compiling module xil_defaultlib.seven_segment_display_subsystem
Compiling module xil_defaultlib.switch_logic
Compiling module xil_defaultlib.lab_1b_top_level
Compiling module xil_defaultlib.lab_1b_top_level_tb
Compiling module xil_defaultlib.glbl
Built simulation snapshot lab_1b_top_level_tb_behav
INFO: [USF-XSim-69] 'elaborate' step finished in '4' seconds
INFO: [USF-XSim-4] XSim::Simulate design
INFO: [USF-XSim-61] Executing 'SIMULATE' step in 'C:/Users/activ/OneDrive/Document/GitHub/ENEL453/Lab1B/Lab_1b/Lab_1b.sim/sim_1/behav/xsim'
INFO: [USF-XSim-98] *** Running xsim
   with args "lab_1b_top_level_tb_behav -key {Behavioral:sim_1:Functional:lab_1b_top_level_tb} -tclbatch {lab_1b_top_level_tb.tcl} -log {simulate.log}"
INFO: [USF-XSim-8] Loading simulator feature
Time resolution is 1 ps
source lab_1b_top_level_tb.tcl
# set curr_wave [current_wave_config]
# if { [string length $curr_wave] == 0 } {
#   if { [llength [get_objects]] > 0} {
#     add_wave /
#     set_property needs_save false [current_wave_config]
#   } else {
#      send_msg_id Add_Wave-1 WARNING "No top level signals found. Simulator will start without a wave window. If you want to open a wave window go to 'File->New Waveform Configuration' or type 'create_wave_config' in the TCL console."
#   }
# }
# run 1000ns
Time = 0: switches_inputs = xxxxxxxxxxxxxxxx, led = xxxxxxxxxxxxxxxx
Time = 110000: switches_inputs = 0000000000000000, led = 0000000000000000
Time = 120000: switches_inputs = 1111111111111111, led = 1111111111111111
Time = 130000: switches_inputs = 0101010101010101, led = 0101010101010101
Time = 140000: switches_inputs = 1010101010101010, led = 1010101010101010
Time = 150000: switches_inputs = 1100110011001100, led = 1100110011001100
Time = 160000: switches_inputs = 0011001100110011, led = 0011001100110011
$stop called at time : 220 ns : File "C:/Users/activ/OneDrive/Document/GitHub/ENEL453/Lab1B/lab_1b_top_level_tb.sv" Line 74
INFO: [USF-XSim-96] XSim completed. Design snapshot 'lab_1b_top_level_tb_behav' loaded.
INFO: [USF-XSim-97] XSim simulation ran for 1000ns
launch_simulation: Time (s): cpu = 00:00:06 ; elapsed = 00:00:09 . Memory (MB): peak = 3376.152 ; gain = 0.000
close_sim
INFO: [Simtcl 6-16] Simulation closed
launch_simulation
Command: launch_simulation 
INFO: [Vivado 12-12493] Simulation top is 'lab_1b_top_level_tb'
INFO: [Vivado 12-5682] Launching behavioral simulation in 'C:/Users/activ/OneDrive/Document/GitHub/ENEL453/Lab1B/Lab_1b/Lab_1b.sim/sim_1/behav/xsim'
INFO: [SIM-utils-51] Simulation object is 'sim_1'
INFO: [SIM-utils-72] Using boost library from 'C:/Xilinx/2025.1/Vivado/tps/boost_1_72_0'
INFO: [SIM-utils-54] Inspecting design source files for 'lab_1b_top_level_tb' in fileset 'sim_1'...
INFO: [USF-XSim-97] Finding global include files...
INFO: [USF-XSim-98] Fetching design files from 'sim_1'...
INFO: [USF-XSim-2] XSim::Compile design
INFO: [USF-XSim-61] Executing 'COMPILE and ANALYZE' step in 'C:/Users/activ/OneDrive/Document/GitHub/ENEL453/Lab1B/Lab_1b/Lab_1b.sim/sim_1/behav/xsim'
"xvlog --incr --relax -L uvm -prj lab_1b_top_level_tb_vlog.prj"
INFO: [USF-XSim-69] 'compile' step finished in '2' seconds
INFO: [USF-XSim-3] XSim::Elaborate design
INFO: [USF-XSim-61] Executing 'ELABORATE' step in 'C:/Users/activ/OneDrive/Document/GitHub/ENEL453/Lab1B/Lab_1b/Lab_1b.sim/sim_1/behav/xsim'
"xelab --incr --debug typical --relax --mt 2 -L xil_defaultlib -L uvm -L unisims_ver -L unimacro_ver -L secureip --snapshot lab_1b_top_level_tb_behav xil_defaultlib.lab_1b_top_level_tb xil_defaultlib.glbl -log elaborate.log"
Vivado Simulator v2025.1.0
Copyright 1986-2022 Xilinx, Inc. All Rights Reserved.
Copyright 2022-2025 Advanced Micro Devices, Inc. All Rights Reserved.
Running: C:/Xilinx/2025.1/Vivado/bin/unwrapped/win64.o/xelab.exe --incr --debug typical --relax --mt 2 -L xil_defaultlib -L uvm -L unisims_ver -L unimacro_ver -L secureip --snapshot lab_1b_top_level_tb_behav xil_defaultlib.lab_1b_top_level_tb xil_defaultlib.glbl -log elaborate.log 
Using 2 slave threads.
Starting static elaboration
Pass Through NonSizing Optimizer
WARNING: [VRFC 10-5021] port 'switches_inputs' is not connected on this instance [C:/Users/activ/OneDrive/Document/GitHub/ENEL453/Lab1B/lab_1b_top_level.sv:17]
Completed static elaboration
INFO: [XSIM 43-4323] No Change in HDL. Linking previously generated obj files to create kernel
INFO: [USF-XSim-69] 'elaborate' step finished in '4' seconds
INFO: [USF-XSim-4] XSim::Simulate design
INFO: [USF-XSim-61] Executing 'SIMULATE' step in 'C:/Users/activ/OneDrive/Document/GitHub/ENEL453/Lab1B/Lab_1b/Lab_1b.sim/sim_1/behav/xsim'
INFO: [USF-XSim-98] *** Running xsim
   with args "lab_1b_top_level_tb_behav -key {Behavioral:sim_1:Functional:lab_1b_top_level_tb} -tclbatch {lab_1b_top_level_tb.tcl} -log {simulate.log}"
INFO: [USF-XSim-8] Loading simulator feature
Time resolution is 1 ps
source lab_1b_top_level_tb.tcl
# set curr_wave [current_wave_config]
# if { [string length $curr_wave] == 0 } {
#   if { [llength [get_objects]] > 0} {
#     add_wave /
#     set_property needs_save false [current_wave_config]
#   } else {
#      send_msg_id Add_Wave-1 WARNING "No top level signals found. Simulator will start without a wave window. If you want to open a wave window go to 'File->New Waveform Configuration' or type 'create_wave_config' in the TCL console."
#   }
# }
# run 1000ns
Time = 0: switches_inputs = xxxxxxxxxxxxxxxx, led = xxxxxxxxxxxxxxxx
Time = 110000: switches_inputs = 0000000000000000, led = 0000000000000000
Time = 120000: switches_inputs = 1111111111111111, led = 1111111111111111
Time = 130000: switches_inputs = 0101010101010101, led = 0101010101010101
Time = 140000: switches_inputs = 1010101010101010, led = 1010101010101010
Time = 150000: switches_inputs = 1100110011001100, led = 1100110011001100
Time = 160000: switches_inputs = 0011001100110011, led = 0011001100110011
$stop called at time : 220 ns : File "C:/Users/activ/OneDrive/Document/GitHub/ENEL453/Lab1B/lab_1b_top_level_tb.sv" Line 74
INFO: [USF-XSim-96] XSim completed. Design snapshot 'lab_1b_top_level_tb_behav' loaded.
INFO: [USF-XSim-97] XSim simulation ran for 1000ns
launch_simulation: Time (s): cpu = 00:00:08 ; elapsed = 00:00:10 . Memory (MB): peak = 3967.238 ; gain = 0.000
WARNING: [filemgmt 56-199] Attempt to get parsing info during refresh. "On-the-fly" syntax checking information may be incorrect. [C:\Users\activ\OneDrive\Document\GitHub\ENEL453\Lab1B\lab_1b_top_level.sv:]
WARNING: [filemgmt 56-199] Attempt to get parsing info during refresh. "On-the-fly" syntax checking information may be incorrect. [C:\Users\activ\OneDrive\Document\GitHub\ENEL453\Lab1B\lab_1b_top_level_tb.sv:]
WARNING: [filemgmt 56-199] Attempt to get parsing info during refresh. "On-the-fly" syntax checking information may be incorrect. [C:\Users\activ\OneDrive\Document\GitHub\ENEL453\Lab1B\others\digit_multiplexor.sv:]
WARNING: [filemgmt 56-199] Attempt to get parsing info during refresh. "On-the-fly" syntax checking information may be incorrect. [C:\Users\activ\OneDrive\Document\GitHub\ENEL453\Lab1B\others\seven_segment_display_subsystem.sv:]
WARNING: [filemgmt 56-199] Attempt to get parsing info during refresh. "On-the-fly" syntax checking information may be incorrect. [C:\Users\activ\OneDrive\Document\GitHub\ENEL453\Lab1B\others\seven_segment_digit_selector.sv:]
WARNING: [filemgmt 56-199] Attempt to get parsing info during refresh. "On-the-fly" syntax checking information may be incorrect. [C:\Users\activ\OneDrive\Document\GitHub\ENEL453\Lab1B\others\seven_segment_decoder_Lab1b.sv:]
WARNING: [filemgmt 56-199] Attempt to get parsing info during refresh. "On-the-fly" syntax checking information may be incorrect. [C:\Users\activ\OneDrive\Document\GitHub\ENEL453\Lab1B\lab_1b_top_level_tb.sv:]
WARNING: [filemgmt 56-199] Attempt to get parsing info during refresh. "On-the-fly" syntax checking information may be incorrect. [C:\Users\activ\OneDrive\Document\GitHub\ENEL453\Lab1B\lab_1b_top_level_tb.sv:]
WARNING: [filemgmt 56-199] Attempt to get parsing info during refresh. "On-the-fly" syntax checking information may be incorrect. [C:\Users\activ\OneDrive\Document\GitHub\ENEL453\Lab1B\lab_1b_top_level.sv:]
WARNING: [filemgmt 56-199] Attempt to get parsing info during refresh. "On-the-fly" syntax checking information may be incorrect. [C:\Users\activ\OneDrive\Document\GitHub\ENEL453\Lab1B\lab_1b_top_level_tb.sv:]
WARNING: [filemgmt 56-199] Attempt to get parsing info during refresh. "On-the-fly" syntax checking information may be incorrect. [C:\Users\activ\OneDrive\Document\GitHub\ENEL453\Lab1B\others\digit_multiplexor.sv:]
WARNING: [filemgmt 56-199] Attempt to get parsing info during refresh. "On-the-fly" syntax checking information may be incorrect. [C:\Users\activ\OneDrive\Document\GitHub\ENEL453\Lab1B\others\seven_segment_display_subsystem.sv:]
WARNING: [filemgmt 56-199] Attempt to get parsing info during refresh. "On-the-fly" syntax checking information may be incorrect. [C:\Users\activ\OneDrive\Document\GitHub\ENEL453\Lab1B\others\seven_segment_digit_selector.sv:]
WARNING: [filemgmt 56-199] Attempt to get parsing info during refresh. "On-the-fly" syntax checking information may be incorrect. [C:\Users\activ\OneDrive\Document\GitHub\ENEL453\Lab1B\others\seven_segment_decoder_Lab1b.sv:]
WARNING: [filemgmt 56-199] Attempt to get parsing info during refresh. "On-the-fly" syntax checking information may be incorrect. [C:\Users\activ\OneDrive\Document\GitHub\ENEL453\Lab1B\others\seven_segment_decoder_Lab1b.sv:]
WARNING: [filemgmt 56-199] Attempt to get parsing info during refresh. "On-the-fly" syntax checking information may be incorrect. [C:\Users\activ\OneDrive\Document\GitHub\ENEL453\Lab1B\others\seven_segment_decoder_Lab1b.sv:]
WARNING: [filemgmt 56-199] Attempt to get parsing info during refresh. "On-the-fly" syntax checking information may be incorrect. [C:\Users\activ\OneDrive\Document\GitHub\ENEL453\Lab1B\lab_1b_top_level.sv:]
WARNING: [filemgmt 56-199] Attempt to get parsing info during refresh. "On-the-fly" syntax checking information may be incorrect. [C:\Users\activ\OneDrive\Document\GitHub\ENEL453\Lab1B\lab_1b_top_level_tb.sv:]
WARNING: [filemgmt 56-199] Attempt to get parsing info during refresh. "On-the-fly" syntax checking information may be incorrect. [C:\Users\activ\OneDrive\Document\GitHub\ENEL453\Lab1B\others\digit_multiplexor.sv:]
WARNING: [filemgmt 56-199] Attempt to get parsing info during refresh. "On-the-fly" syntax checking information may be incorrect. [C:\Users\activ\OneDrive\Document\GitHub\ENEL453\Lab1B\others\seven_segment_display_subsystem.sv:]
WARNING: [filemgmt 56-199] Attempt to get parsing info during refresh. "On-the-fly" syntax checking information may be incorrect. [C:\Users\activ\OneDrive\Document\GitHub\ENEL453\Lab1B\others\seven_segment_digit_selector.sv:]
WARNING: [filemgmt 56-199] Attempt to get parsing info during refresh. "On-the-fly" syntax checking information may be incorrect. [C:\Users\activ\OneDrive\Document\GitHub\ENEL453\Lab1B\others\seven_segment_decoder_Lab1b.sv:]
WARNING: [filemgmt 56-199] Attempt to get parsing info during refresh. "On-the-fly" syntax checking information may be incorrect. [C:\Users\activ\OneDrive\Document\GitHub\ENEL453\Lab1B\lab_1b_top_level.sv:]
WARNING: [filemgmt 56-199] Attempt to get parsing info during refresh. "On-the-fly" syntax checking information may be incorrect. [C:\Users\activ\OneDrive\Document\GitHub\ENEL453\Lab1B\lab_1b_top_level.sv:]
WARNING: [filemgmt 56-199] Attempt to get parsing info during refresh. "On-the-fly" syntax checking information may be incorrect. [C:\Users\activ\OneDrive\Document\GitHub\ENEL453\Lab1B\lab_1b_top_level.sv:]
WARNING: [filemgmt 56-199] Attempt to get parsing info during refresh. "On-the-fly" syntax checking information may be incorrect. [C:\Users\activ\OneDrive\Document\GitHub\ENEL453\Lab1B\lab_1b_top_level_tb.sv:]
WARNING: [filemgmt 56-199] Attempt to get parsing info during refresh. "On-the-fly" syntax checking information may be incorrect. [C:\Users\activ\OneDrive\Document\GitHub\ENEL453\Lab1B\others\digit_multiplexor.sv:]
WARNING: [filemgmt 56-199] Attempt to get parsing info during refresh. "On-the-fly" syntax checking information may be incorrect. [C:\Users\activ\OneDrive\Document\GitHub\ENEL453\Lab1B\others\seven_segment_display_subsystem.sv:]
WARNING: [filemgmt 56-199] Attempt to get parsing info during refresh. "On-the-fly" syntax checking information may be incorrect. [C:\Users\activ\OneDrive\Document\GitHub\ENEL453\Lab1B\others\seven_segment_digit_selector.sv:]
WARNING: [filemgmt 56-199] Attempt to get parsing info during refresh. "On-the-fly" syntax checking information may be incorrect. [C:\Users\activ\OneDrive\Document\GitHub\ENEL453\Lab1B\others\seven_segment_decoder_Lab1b.sv:]
WARNING: [filemgmt 56-199] Attempt to get parsing info during refresh. "On-the-fly" syntax checking information may be incorrect. [C:\Users\activ\OneDrive\Document\GitHub\ENEL453\Lab1B\others\seven_segment_digit_selector.sv:]
WARNING: [filemgmt 56-199] Attempt to get parsing info during refresh. "On-the-fly" syntax checking information may be incorrect. [C:\Users\activ\OneDrive\Document\GitHub\ENEL453\Lab1B\others\seven_segment_digit_selector.sv:]
ERROR: [Common 17-180] Spawn failed: The operation completed successfully.

WARNING: [filemgmt 56-199] Attempt to get parsing info during refresh. "On-the-fly" syntax checking information may be incorrect. [C:\Users\activ\OneDrive\Document\GitHub\ENEL453\Lab1B\lab_1b_top_level.sv:]
WARNING: [filemgmt 56-199] Attempt to get parsing info during refresh. "On-the-fly" syntax checking information may be incorrect. [C:\Users\activ\OneDrive\Document\GitHub\ENEL453\Lab1B\lab_1b_top_level_tb.sv:]
WARNING: [filemgmt 56-199] Attempt to get parsing info during refresh. "On-the-fly" syntax checking information may be incorrect. [C:\Users\activ\OneDrive\Document\GitHub\ENEL453\Lab1B\others\digit_multiplexor.sv:]
WARNING: [filemgmt 56-199] Attempt to get parsing info during refresh. "On-the-fly" syntax checking information may be incorrect. [C:\Users\activ\OneDrive\Document\GitHub\ENEL453\Lab1B\others\seven_segment_display_subsystem.sv:]
WARNING: [filemgmt 56-199] Attempt to get parsing info during refresh. "On-the-fly" syntax checking information may be incorrect. [C:\Users\activ\OneDrive\Document\GitHub\ENEL453\Lab1B\others\seven_segment_digit_selector.sv:]
WARNING: [filemgmt 56-199] Attempt to get parsing info during refresh. "On-the-fly" syntax checking information may be incorrect. [C:\Users\activ\OneDrive\Document\GitHub\ENEL453\Lab1B\others\seven_segment_decoder_Lab1b.sv:]
WARNING: [filemgmt 56-199] Attempt to get parsing info during refresh. "On-the-fly" syntax checking information may be incorrect. [C:\Users\activ\OneDrive\Document\GitHub\ENEL453\Lab1B\others\seven_segment_display_subsystem.sv:]
WARNING: [filemgmt 56-199] Attempt to get parsing info during refresh. "On-the-fly" syntax checking information may be incorrect. [C:\Users\activ\OneDrive\Document\GitHub\ENEL453\Lab1B\others\seven_segment_display_subsystem.sv:]
close_sim
INFO: [Simtcl 6-16] Simulation closed
launch_simulation
Command: launch_simulation 
INFO: [Vivado 12-12493] Simulation top is 'lab_1b_top_level_tb'
INFO: [Vivado 12-5682] Launching behavioral simulation in 'C:/Users/activ/OneDrive/Document/GitHub/ENEL453/Lab1B/Lab_1b/Lab_1b.sim/sim_1/behav/xsim'
INFO: [SIM-utils-51] Simulation object is 'sim_1'
INFO: [SIM-utils-72] Using boost library from 'C:/Xilinx/2025.1/Vivado/tps/boost_1_72_0'
INFO: [SIM-utils-54] Inspecting design source files for 'lab_1b_top_level_tb' in fileset 'sim_1'...
INFO: [USF-XSim-97] Finding global include files...
INFO: [USF-XSim-98] Fetching design files from 'sim_1'...
INFO: [USF-XSim-2] XSim::Compile design
INFO: [USF-XSim-61] Executing 'COMPILE and ANALYZE' step in 'C:/Users/activ/OneDrive/Document/GitHub/ENEL453/Lab1B/Lab_1b/Lab_1b.sim/sim_1/behav/xsim'
"xvlog --incr --relax -L uvm -prj lab_1b_top_level_tb_vlog.prj"
INFO: [VRFC 10-2263] Analyzing SystemVerilog file "C:/Users/activ/OneDrive/Document/GitHub/ENEL453/Lab1B/others/digit_multiplexor.sv" into library xil_defaultlib
INFO: [VRFC 10-311] analyzing module digit_multiplexor
INFO: [VRFC 10-2263] Analyzing SystemVerilog file "C:/Users/activ/OneDrive/Document/GitHub/ENEL453/Lab1B/lab_1b_top_level.sv" into library xil_defaultlib
INFO: [VRFC 10-311] analyzing module lab_1b_top_level
INFO: [VRFC 10-2263] Analyzing SystemVerilog file "C:/Users/activ/OneDrive/Document/GitHub/ENEL453/Lab1B/others/seven_segment_decoder_Lab1b.sv" into library xil_defaultlib
INFO: [VRFC 10-311] analyzing module seven_segment_decoder
INFO: [VRFC 10-2263] Analyzing SystemVerilog file "C:/Users/activ/OneDrive/Document/GitHub/ENEL453/Lab1B/others/seven_segment_digit_selector.sv" into library xil_defaultlib
INFO: [VRFC 10-311] analyzing module seven_segment_digit_selector
INFO: [VRFC 10-2263] Analyzing SystemVerilog file "C:/Users/activ/OneDrive/Document/GitHub/ENEL453/Lab1B/others/seven_segment_display_subsystem.sv" into library xil_defaultlib
INFO: [VRFC 10-311] analyzing module seven_segment_display_subsystem
INFO: [VRFC 10-2263] Analyzing SystemVerilog file "C:/Users/activ/OneDrive/Document/GitHub/ENEL453/Lab1B/switch_logic.sv" into library xil_defaultlib
INFO: [VRFC 10-311] analyzing module switch_logic
INFO: [VRFC 10-2263] Analyzing SystemVerilog file "C:/Users/activ/OneDrive/Document/GitHub/ENEL453/Lab1B/lab_1b_top_level_tb.sv" into library xil_defaultlib
INFO: [VRFC 10-311] analyzing module lab_1b_top_level_tb
INFO: [USF-XSim-69] 'compile' step finished in '2' seconds
INFO: [USF-XSim-3] XSim::Elaborate design
INFO: [USF-XSim-61] Executing 'ELABORATE' step in 'C:/Users/activ/OneDrive/Document/GitHub/ENEL453/Lab1B/Lab_1b/Lab_1b.sim/sim_1/behav/xsim'
"xelab --incr --debug typical --relax --mt 2 -L xil_defaultlib -L uvm -L unisims_ver -L unimacro_ver -L secureip --snapshot lab_1b_top_level_tb_behav xil_defaultlib.lab_1b_top_level_tb xil_defaultlib.glbl -log elaborate.log"
Vivado Simulator v2025.1.0
Copyright 1986-2022 Xilinx, Inc. All Rights Reserved.
Copyright 2022-2025 Advanced Micro Devices, Inc. All Rights Reserved.
Running: C:/Xilinx/2025.1/Vivado/bin/unwrapped/win64.o/xelab.exe --incr --debug typical --relax --mt 2 -L xil_defaultlib -L uvm -L unisims_ver -L unimacro_ver -L secureip --snapshot lab_1b_top_level_tb_behav xil_defaultlib.lab_1b_top_level_tb xil_defaultlib.glbl -log elaborate.log 
Using 2 slave threads.
Starting static elaboration
Pass Through NonSizing Optimizer
WARNING: [VRFC 10-5021] port 'switches_inputs' is not connected on this instance [C:/Users/activ/OneDrive/Document/GitHub/ENEL453/Lab1B/lab_1b_top_level.sv:17]
Completed static elaboration
Starting simulation data flow analysis
WARNING: [XSIM 43-4099] "C:/Users/activ/OneDrive/Document/GitHub/ENEL453/Lab1B/lab_1b_top_level.sv" Line 1. Module lab_1b_top_level doesn't have a timescale but at least one module in design has a timescale.
WARNING: [XSIM 43-4099] "C:/Users/activ/OneDrive/Document/GitHub/ENEL453/Lab1B/others/seven_segment_display_subsystem.sv" Line 26. Module seven_segment_display_subsystem doesn't have a timescale but at least one module in design has a timescale.
WARNING: [XSIM 43-4099] "C:/Users/activ/OneDrive/Document/GitHub/ENEL453/Lab1B/others/digit_multiplexor.sv" Line 39. Module digit_multiplexor doesn't have a timescale but at least one module in design has a timescale.
WARNING: [XSIM 43-4099] "C:/Users/activ/OneDrive/Document/GitHub/ENEL453/Lab1B/others/seven_segment_digit_selector.sv" Line 36. Module seven_segment_digit_selector doesn't have a timescale but at least one module in design has a timescale.
WARNING: [XSIM 43-4099] "C:/Users/activ/OneDrive/Document/GitHub/ENEL453/Lab1B/others/seven_segment_decoder_Lab1b.sv" Line 37. Module seven_segment_decoder doesn't have a timescale but at least one module in design has a timescale.
WARNING: [XSIM 43-4099] "C:/Users/activ/OneDrive/Document/GitHub/ENEL453/Lab1B/switch_logic.sv" Line 1. Module switch_logic doesn't have a timescale but at least one module in design has a timescale.
WARNING: [XSIM 43-4099] "C:/Users/activ/OneDrive/Document/GitHub/ENEL453/Lab1B/lab_1b_top_level.sv" Line 1. Module lab_1b_top_level doesn't have a timescale but at least one module in design has a timescale.
WARNING: [XSIM 43-4099] "C:/Users/activ/OneDrive/Document/GitHub/ENEL453/Lab1B/others/seven_segment_display_subsystem.sv" Line 26. Module seven_segment_display_subsystem doesn't have a timescale but at least one module in design has a timescale.
WARNING: [XSIM 43-4099] "C:/Users/activ/OneDrive/Document/GitHub/ENEL453/Lab1B/others/digit_multiplexor.sv" Line 39. Module digit_multiplexor doesn't have a timescale but at least one module in design has a timescale.
WARNING: [XSIM 43-4099] "C:/Users/activ/OneDrive/Document/GitHub/ENEL453/Lab1B/others/seven_segment_digit_selector.sv" Line 36. Module seven_segment_digit_selector doesn't have a timescale but at least one module in design has a timescale.
WARNING: [XSIM 43-4099] "C:/Users/activ/OneDrive/Document/GitHub/ENEL453/Lab1B/others/seven_segment_decoder_Lab1b.sv" Line 37. Module seven_segment_decoder doesn't have a timescale but at least one module in design has a timescale.
WARNING: [XSIM 43-4099] "C:/Users/activ/OneDrive/Document/GitHub/ENEL453/Lab1B/switch_logic.sv" Line 1. Module switch_logic doesn't have a timescale but at least one module in design has a timescale.
Completed simulation data flow analysis
Time Resolution for simulation is 1ps
Compiling module xil_defaultlib.digit_multiplexor
Compiling module xil_defaultlib.seven_segment_digit_selector
Compiling module xil_defaultlib.seven_segment_decoder
Compiling module xil_defaultlib.seven_segment_display_subsystem
Compiling module xil_defaultlib.switch_logic
Compiling module xil_defaultlib.lab_1b_top_level
Compiling module xil_defaultlib.lab_1b_top_level_tb
Compiling module xil_defaultlib.glbl
Built simulation snapshot lab_1b_top_level_tb_behav
INFO: [USF-XSim-69] 'elaborate' step finished in '3' seconds
INFO: [USF-XSim-4] XSim::Simulate design
INFO: [USF-XSim-61] Executing 'SIMULATE' step in 'C:/Users/activ/OneDrive/Document/GitHub/ENEL453/Lab1B/Lab_1b/Lab_1b.sim/sim_1/behav/xsim'
INFO: [USF-XSim-98] *** Running xsim
   with args "lab_1b_top_level_tb_behav -key {Behavioral:sim_1:Functional:lab_1b_top_level_tb} -tclbatch {lab_1b_top_level_tb.tcl} -log {simulate.log}"
INFO: [USF-XSim-8] Loading simulator feature
Time resolution is 1 ps
source lab_1b_top_level_tb.tcl
# set curr_wave [current_wave_config]
# if { [string length $curr_wave] == 0 } {
#   if { [llength [get_objects]] > 0} {
#     add_wave /
#     set_property needs_save false [current_wave_config]
#   } else {
#      send_msg_id Add_Wave-1 WARNING "No top level signals found. Simulator will start without a wave window. If you want to open a wave window go to 'File->New Waveform Configuration' or type 'create_wave_config' in the TCL console."
#   }
# }
# run 1000ns
Time = 0: switches_inputs = xxxxxxxxxxxxxxxx, led = xxxxxxxxxxxxxxxx
Time = 110000: switches_inputs = 0000000000000000, led = 0000000000000000
Time = 120000: switches_inputs = 1111111111111111, led = 1111111111111111
Time = 130000: switches_inputs = 0101010101010101, led = 0101010101010101
Time = 140000: switches_inputs = 1010101010101010, led = 1010101010101010
Time = 150000: switches_inputs = 1100110011001100, led = 1100110011001100
Time = 160000: switches_inputs = 0011001100110011, led = 0011001100110011
$stop called at time : 220 ns : File "C:/Users/activ/OneDrive/Document/GitHub/ENEL453/Lab1B/lab_1b_top_level_tb.sv" Line 71
INFO: [USF-XSim-96] XSim completed. Design snapshot 'lab_1b_top_level_tb_behav' loaded.
INFO: [USF-XSim-97] XSim simulation ran for 1000ns
launch_simulation: Time (s): cpu = 00:00:05 ; elapsed = 00:00:09 . Memory (MB): peak = 3967.238 ; gain = 0.000
WARNING: [filemgmt 56-199] Attempt to get parsing info during refresh. "On-the-fly" syntax checking information may be incorrect. [C:\Users\activ\OneDrive\Document\GitHub\ENEL453\Lab1B\lab_1b_top_level.sv:]
WARNING: [filemgmt 56-199] Attempt to get parsing info during refresh. "On-the-fly" syntax checking information may be incorrect. [C:\Users\activ\OneDrive\Document\GitHub\ENEL453\Lab1B\lab_1b_top_level_tb.sv:]
WARNING: [filemgmt 56-199] Attempt to get parsing info during refresh. "On-the-fly" syntax checking information may be incorrect. [C:\Users\activ\OneDrive\Document\GitHub\ENEL453\Lab1B\others\digit_multiplexor.sv:]
WARNING: [filemgmt 56-199] Attempt to get parsing info during refresh. "On-the-fly" syntax checking information may be incorrect. [C:\Users\activ\OneDrive\Document\GitHub\ENEL453\Lab1B\others\seven_segment_display_subsystem.sv:]
WARNING: [filemgmt 56-199] Attempt to get parsing info during refresh. "On-the-fly" syntax checking information may be incorrect. [C:\Users\activ\OneDrive\Document\GitHub\ENEL453\Lab1B\others\seven_segment_digit_selector.sv:]
WARNING: [filemgmt 56-199] Attempt to get parsing info during refresh. "On-the-fly" syntax checking information may be incorrect. [C:\Users\activ\OneDrive\Document\GitHub\ENEL453\Lab1B\others\seven_segment_decoder_Lab1b.sv:]
WARNING: [filemgmt 56-199] Attempt to get parsing info during refresh. "On-the-fly" syntax checking information may be incorrect. [C:\Users\activ\OneDrive\Document\GitHub\ENEL453\Lab1B\others\seven_segment_display_subsystem.sv:]
WARNING: [filemgmt 56-199] Attempt to get parsing info during refresh. "On-the-fly" syntax checking information may be incorrect. [C:\Users\activ\OneDrive\Document\GitHub\ENEL453\Lab1B\others\seven_segment_display_subsystem.sv:]
WARNING: [filemgmt 56-199] Attempt to get parsing info during refresh. "On-the-fly" syntax checking information may be incorrect. [C:\Users\activ\OneDrive\Document\GitHub\ENEL453\Lab1B\lab_1b_top_level.sv:]
WARNING: [filemgmt 56-199] Attempt to get parsing info during refresh. "On-the-fly" syntax checking information may be incorrect. [C:\Users\activ\OneDrive\Document\GitHub\ENEL453\Lab1B\lab_1b_top_level_tb.sv:]
WARNING: [filemgmt 56-199] Attempt to get parsing info during refresh. "On-the-fly" syntax checking information may be incorrect. [C:\Users\activ\OneDrive\Document\GitHub\ENEL453\Lab1B\others\digit_multiplexor.sv:]
WARNING: [filemgmt 56-199] Attempt to get parsing info during refresh. "On-the-fly" syntax checking information may be incorrect. [C:\Users\activ\OneDrive\Document\GitHub\ENEL453\Lab1B\others\seven_segment_display_subsystem.sv:]
WARNING: [filemgmt 56-199] Attempt to get parsing info during refresh. "On-the-fly" syntax checking information may be incorrect. [C:\Users\activ\OneDrive\Document\GitHub\ENEL453\Lab1B\others\seven_segment_digit_selector.sv:]
WARNING: [filemgmt 56-199] Attempt to get parsing info during refresh. "On-the-fly" syntax checking information may be incorrect. [C:\Users\activ\OneDrive\Document\GitHub\ENEL453\Lab1B\others\seven_segment_decoder_Lab1b.sv:]
WARNING: [filemgmt 56-199] Attempt to get parsing info during refresh. "On-the-fly" syntax checking information may be incorrect. [C:\Users\activ\OneDrive\Document\GitHub\ENEL453\Lab1B\others\seven_segment_digit_selector.sv:]
WARNING: [filemgmt 56-199] Attempt to get parsing info during refresh. "On-the-fly" syntax checking information may be incorrect. [C:\Users\activ\OneDrive\Document\GitHub\ENEL453\Lab1B\others\seven_segment_digit_selector.sv:]
WARNING: [filemgmt 56-199] Attempt to get parsing info during refresh. "On-the-fly" syntax checking information may be incorrect. [C:\Users\activ\OneDrive\Document\GitHub\ENEL453\Lab1B\lab_1b_top_level.sv:]
WARNING: [filemgmt 56-199] Attempt to get parsing info during refresh. "On-the-fly" syntax checking information may be incorrect. [C:\Users\activ\OneDrive\Document\GitHub\ENEL453\Lab1B\lab_1b_top_level_tb.sv:]
WARNING: [filemgmt 56-199] Attempt to get parsing info during refresh. "On-the-fly" syntax checking information may be incorrect. [C:\Users\activ\OneDrive\Document\GitHub\ENEL453\Lab1B\others\digit_multiplexor.sv:]
WARNING: [filemgmt 56-199] Attempt to get parsing info during refresh. "On-the-fly" syntax checking information may be incorrect. [C:\Users\activ\OneDrive\Document\GitHub\ENEL453\Lab1B\others\seven_segment_display_subsystem.sv:]
WARNING: [filemgmt 56-199] Attempt to get parsing info during refresh. "On-the-fly" syntax checking information may be incorrect. [C:\Users\activ\OneDrive\Document\GitHub\ENEL453\Lab1B\others\seven_segment_digit_selector.sv:]
WARNING: [filemgmt 56-199] Attempt to get parsing info during refresh. "On-the-fly" syntax checking information may be incorrect. [C:\Users\activ\OneDrive\Document\GitHub\ENEL453\Lab1B\others\seven_segment_decoder_Lab1b.sv:]
WARNING: [filemgmt 56-199] Attempt to get parsing info during refresh. "On-the-fly" syntax checking information may be incorrect. [C:\Users\activ\OneDrive\Document\GitHub\ENEL453\Lab1B\others\digit_multiplexor.sv:]
WARNING: [filemgmt 56-199] Attempt to get parsing info during refresh. "On-the-fly" syntax checking information may be incorrect. [C:\Users\activ\OneDrive\Document\GitHub\ENEL453\Lab1B\others\digit_multiplexor.sv:]
WARNING: [filemgmt 56-199] Attempt to get parsing info during refresh. "On-the-fly" syntax checking information may be incorrect. [C:\Users\activ\OneDrive\Document\GitHub\ENEL453\Lab1B\lab_1b_top_level.sv:]
WARNING: [filemgmt 56-199] Attempt to get parsing info during refresh. "On-the-fly" syntax checking information may be incorrect. [C:\Users\activ\OneDrive\Document\GitHub\ENEL453\Lab1B\lab_1b_top_level_tb.sv:]
WARNING: [filemgmt 56-199] Attempt to get parsing info during refresh. "On-the-fly" syntax checking information may be incorrect. [C:\Users\activ\OneDrive\Document\GitHub\ENEL453\Lab1B\others\digit_multiplexor.sv:]
WARNING: [filemgmt 56-199] Attempt to get parsing info during refresh. "On-the-fly" syntax checking information may be incorrect. [C:\Users\activ\OneDrive\Document\GitHub\ENEL453\Lab1B\others\seven_segment_display_subsystem.sv:]
WARNING: [filemgmt 56-199] Attempt to get parsing info during refresh. "On-the-fly" syntax checking information may be incorrect. [C:\Users\activ\OneDrive\Document\GitHub\ENEL453\Lab1B\others\seven_segment_digit_selector.sv:]
WARNING: [filemgmt 56-199] Attempt to get parsing info during refresh. "On-the-fly" syntax checking information may be incorrect. [C:\Users\activ\OneDrive\Document\GitHub\ENEL453\Lab1B\others\seven_segment_decoder_Lab1b.sv:]
WARNING: [filemgmt 56-199] Attempt to get parsing info during refresh. "On-the-fly" syntax checking information may be incorrect. [C:\Users\activ\OneDrive\Document\GitHub\ENEL453\Lab1B\lab_1b_top_level.sv:]
WARNING: [filemgmt 56-199] Attempt to get parsing info during refresh. "On-the-fly" syntax checking information may be incorrect. [C:\Users\activ\OneDrive\Document\GitHub\ENEL453\Lab1B\lab_1b_top_level.sv:]
WARNING: [filemgmt 56-199] Attempt to get parsing info during refresh. "On-the-fly" syntax checking information may be incorrect. [C:\Users\activ\OneDrive\Document\GitHub\ENEL453\Lab1B\lab_1b_top_level.sv:]
WARNING: [filemgmt 56-199] Attempt to get parsing info during refresh. "On-the-fly" syntax checking information may be incorrect. [C:\Users\activ\OneDrive\Document\GitHub\ENEL453\Lab1B\lab_1b_top_level_tb.sv:]
WARNING: [filemgmt 56-199] Attempt to get parsing info during refresh. "On-the-fly" syntax checking information may be incorrect. [C:\Users\activ\OneDrive\Document\GitHub\ENEL453\Lab1B\others\digit_multiplexor.sv:]
WARNING: [filemgmt 56-199] Attempt to get parsing info during refresh. "On-the-fly" syntax checking information may be incorrect. [C:\Users\activ\OneDrive\Document\GitHub\ENEL453\Lab1B\others\seven_segment_display_subsystem.sv:]
WARNING: [filemgmt 56-199] Attempt to get parsing info during refresh. "On-the-fly" syntax checking information may be incorrect. [C:\Users\activ\OneDrive\Document\GitHub\ENEL453\Lab1B\others\seven_segment_digit_selector.sv:]
WARNING: [filemgmt 56-199] Attempt to get parsing info during refresh. "On-the-fly" syntax checking information may be incorrect. [C:\Users\activ\OneDrive\Document\GitHub\ENEL453\Lab1B\others\seven_segment_decoder_Lab1b.sv:]
WARNING: [filemgmt 56-199] Attempt to get parsing info during refresh. "On-the-fly" syntax checking information may be incorrect. [C:\Users\activ\OneDrive\Document\GitHub\ENEL453\Lab1B\others\seven_segment_decoder_Lab1b.sv:]
WARNING: [filemgmt 56-199] Attempt to get parsing info during refresh. "On-the-fly" syntax checking information may be incorrect. [C:\Users\activ\OneDrive\Document\GitHub\ENEL453\Lab1B\others\seven_segment_decoder_Lab1b.sv:]
ERROR: [Common 17-180] Spawn failed: The operation completed successfully.

reset_run synth_1
INFO: [Project 1-1160] Copying file C:/Users/activ/OneDrive/Document/GitHub/ENEL453/Lab1B/Lab_1b/Lab_1b.runs/synth_1/lab_1b_top_level.dcp to C:/Users/activ/OneDrive/Document/GitHub/ENEL453/Lab1B/Lab_1b/Lab_1b.srcs/utils_1/imports/synth_1 and adding it to utils fileset
WARNING: [Vivado 12-1017] Problems encountered:
1. Failed to delete one or more files in run directory C:/Users/activ/OneDrive/Document/GitHub/ENEL453/Lab1B/Lab_1b/Lab_1b.runs/synth_1

WARNING: [filemgmt 56-199] Attempt to get parsing info during refresh. "On-the-fly" syntax checking information may be incorrect. [C:\Users\activ\OneDrive\Document\GitHub\ENEL453\Lab1B\lab_1b_top_level.sv:]
WARNING: [filemgmt 56-199] Attempt to get parsing info during refresh. "On-the-fly" syntax checking information may be incorrect. [C:\Users\activ\OneDrive\Document\GitHub\ENEL453\Lab1B\lab_1b_top_level_tb.sv:]
WARNING: [filemgmt 56-199] Attempt to get parsing info during refresh. "On-the-fly" syntax checking information may be incorrect. [C:\Users\activ\OneDrive\Document\GitHub\ENEL453\Lab1B\others\digit_multiplexor.sv:]
WARNING: [filemgmt 56-199] Attempt to get parsing info during refresh. "On-the-fly" syntax checking information may be incorrect. [C:\Users\activ\OneDrive\Document\GitHub\ENEL453\Lab1B\others\seven_segment_display_subsystem.sv:]
WARNING: [filemgmt 56-199] Attempt to get parsing info during refresh. "On-the-fly" syntax checking information may be incorrect. [C:\Users\activ\OneDrive\Document\GitHub\ENEL453\Lab1B\others\seven_segment_digit_selector.sv:]
WARNING: [filemgmt 56-199] Attempt to get parsing info during refresh. "On-the-fly" syntax checking information may be incorrect. [C:\Users\activ\OneDrive\Document\GitHub\ENEL453\Lab1B\others\seven_segment_decoder_Lab1b.sv:]
WARNING: [filemgmt 56-199] Attempt to get parsing info during refresh. "On-the-fly" syntax checking information may be incorrect. [C:\Users\activ\OneDrive\Document\GitHub\ENEL453\Lab1B\others\seven_segment_display_subsystem.sv:]
WARNING: [filemgmt 56-199] Attempt to get parsing info during refresh. "On-the-fly" syntax checking information may be incorrect. [C:\Users\activ\OneDrive\Document\GitHub\ENEL453\Lab1B\others\seven_segment_display_subsystem.sv:]
WARNING: [filemgmt 56-199] Attempt to get parsing info during refresh. "On-the-fly" syntax checking information may be incorrect. [C:\Users\activ\OneDrive\Document\GitHub\ENEL453\Lab1B\lab_1b_top_level.sv:]
WARNING: [filemgmt 56-199] Attempt to get parsing info during refresh. "On-the-fly" syntax checking information may be incorrect. [C:\Users\activ\OneDrive\Document\GitHub\ENEL453\Lab1B\lab_1b_top_level_tb.sv:]
WARNING: [filemgmt 56-199] Attempt to get parsing info during refresh. "On-the-fly" syntax checking information may be incorrect. [C:\Users\activ\OneDrive\Document\GitHub\ENEL453\Lab1B\others\digit_multiplexor.sv:]
WARNING: [filemgmt 56-199] Attempt to get parsing info during refresh. "On-the-fly" syntax checking information may be incorrect. [C:\Users\activ\OneDrive\Document\GitHub\ENEL453\Lab1B\others\seven_segment_display_subsystem.sv:]
WARNING: [filemgmt 56-199] Attempt to get parsing info during refresh. "On-the-fly" syntax checking information may be incorrect. [C:\Users\activ\OneDrive\Document\GitHub\ENEL453\Lab1B\others\seven_segment_digit_selector.sv:]
WARNING: [filemgmt 56-199] Attempt to get parsing info during refresh. "On-the-fly" syntax checking information may be incorrect. [C:\Users\activ\OneDrive\Document\GitHub\ENEL453\Lab1B\others\seven_segment_decoder_Lab1b.sv:]
WARNING: [filemgmt 56-199] Attempt to get parsing info during refresh. "On-the-fly" syntax checking information may be incorrect. [C:\Users\activ\OneDrive\Document\GitHub\ENEL453\Lab1B\others\seven_segment_decoder_Lab1b.sv:]
WARNING: [filemgmt 56-199] Attempt to get parsing info during refresh. "On-the-fly" syntax checking information may be incorrect. [C:\Users\activ\OneDrive\Document\GitHub\ENEL453\Lab1B\others\seven_segment_decoder_Lab1b.sv:]
WARNING: [filemgmt 56-199] Attempt to get parsing info during refresh. "On-the-fly" syntax checking information may be incorrect. [C:\Users\activ\OneDrive\Document\GitHub\ENEL453\Lab1B\lab_1b_top_level.sv:]
WARNING: [filemgmt 56-199] Attempt to get parsing info during refresh. "On-the-fly" syntax checking information may be incorrect. [C:\Users\activ\OneDrive\Document\GitHub\ENEL453\Lab1B\lab_1b_top_level_tb.sv:]
WARNING: [filemgmt 56-199] Attempt to get parsing info during refresh. "On-the-fly" syntax checking information may be incorrect. [C:\Users\activ\OneDrive\Document\GitHub\ENEL453\Lab1B\others\digit_multiplexor.sv:]
WARNING: [filemgmt 56-199] Attempt to get parsing info during refresh. "On-the-fly" syntax checking information may be incorrect. [C:\Users\activ\OneDrive\Document\GitHub\ENEL453\Lab1B\others\seven_segment_display_subsystem.sv:]
WARNING: [filemgmt 56-199] Attempt to get parsing info during refresh. "On-the-fly" syntax checking information may be incorrect. [C:\Users\activ\OneDrive\Document\GitHub\ENEL453\Lab1B\others\seven_segment_digit_selector.sv:]
WARNING: [filemgmt 56-199] Attempt to get parsing info during refresh. "On-the-fly" syntax checking information may be incorrect. [C:\Users\activ\OneDrive\Document\GitHub\ENEL453\Lab1B\others\seven_segment_decoder_Lab1b.sv:]
WARNING: [filemgmt 56-199] Attempt to get parsing info during refresh. "On-the-fly" syntax checking information may be incorrect. [C:\Users\activ\OneDrive\Document\GitHub\ENEL453\Lab1B\others\digit_multiplexor.sv:]
WARNING: [filemgmt 56-199] Attempt to get parsing info during refresh. "On-the-fly" syntax checking information may be incorrect. [C:\Users\activ\OneDrive\Document\GitHub\ENEL453\Lab1B\others\digit_multiplexor.sv:]
WARNING: [filemgmt 56-199] Attempt to get parsing info during refresh. "On-the-fly" syntax checking information may be incorrect. [C:\Users\activ\OneDrive\Document\GitHub\ENEL453\Lab1B\lab_1b_top_level.sv:]
WARNING: [filemgmt 56-199] Attempt to get parsing info during refresh. "On-the-fly" syntax checking information may be incorrect. [C:\Users\activ\OneDrive\Document\GitHub\ENEL453\Lab1B\lab_1b_top_level_tb.sv:]
WARNING: [filemgmt 56-199] Attempt to get parsing info during refresh. "On-the-fly" syntax checking information may be incorrect. [C:\Users\activ\OneDrive\Document\GitHub\ENEL453\Lab1B\others\digit_multiplexor.sv:]
WARNING: [filemgmt 56-199] Attempt to get parsing info during refresh. "On-the-fly" syntax checking information may be incorrect. [C:\Users\activ\OneDrive\Document\GitHub\ENEL453\Lab1B\others\seven_segment_display_subsystem.sv:]
WARNING: [filemgmt 56-199] Attempt to get parsing info during refresh. "On-the-fly" syntax checking information may be incorrect. [C:\Users\activ\OneDrive\Document\GitHub\ENEL453\Lab1B\others\seven_segment_digit_selector.sv:]
WARNING: [filemgmt 56-199] Attempt to get parsing info during refresh. "On-the-fly" syntax checking information may be incorrect. [C:\Users\activ\OneDrive\Document\GitHub\ENEL453\Lab1B\others\seven_segment_decoder_Lab1b.sv:]
WARNING: [filemgmt 56-199] Attempt to get parsing info during refresh. "On-the-fly" syntax checking information may be incorrect. [C:\Users\activ\OneDrive\Document\GitHub\ENEL453\Lab1B\lab_1b_top_level_tb.sv:]
WARNING: [filemgmt 56-199] Attempt to get parsing info during refresh. "On-the-fly" syntax checking information may be incorrect. [C:\Users\activ\OneDrive\Document\GitHub\ENEL453\Lab1B\lab_1b_top_level_tb.sv:]
ERROR: [Common 17-180] Spawn failed: The operation completed successfully.

WARNING: [filemgmt 56-199] Attempt to get parsing info during refresh. "On-the-fly" syntax checking information may be incorrect. [C:\Users\activ\OneDrive\Document\GitHub\ENEL453\Lab1B\lab_1b_top_level.sv:]
WARNING: [filemgmt 56-199] Attempt to get parsing info during refresh. "On-the-fly" syntax checking information may be incorrect. [C:\Users\activ\OneDrive\Document\GitHub\ENEL453\Lab1B\lab_1b_top_level_tb.sv:]
WARNING: [filemgmt 56-199] Attempt to get parsing info during refresh. "On-the-fly" syntax checking information may be incorrect. [C:\Users\activ\OneDrive\Document\GitHub\ENEL453\Lab1B\others\digit_multiplexor.sv:]
WARNING: [filemgmt 56-199] Attempt to get parsing info during refresh. "On-the-fly" syntax checking information may be incorrect. [C:\Users\activ\OneDrive\Document\GitHub\ENEL453\Lab1B\others\seven_segment_display_subsystem.sv:]
WARNING: [filemgmt 56-199] Attempt to get parsing info during refresh. "On-the-fly" syntax checking information may be incorrect. [C:\Users\activ\OneDrive\Document\GitHub\ENEL453\Lab1B\others\seven_segment_digit_selector.sv:]
WARNING: [filemgmt 56-199] Attempt to get parsing info during refresh. "On-the-fly" syntax checking information may be incorrect. [C:\Users\activ\OneDrive\Document\GitHub\ENEL453\Lab1B\others\seven_segment_decoder_Lab1b.sv:]
WARNING: [filemgmt 56-199] Attempt to get parsing info during refresh. "On-the-fly" syntax checking information may be incorrect. [C:\Users\activ\OneDrive\Document\GitHub\ENEL453\Lab1B\lab_1b_top_level.sv:]
WARNING: [filemgmt 56-199] Attempt to get parsing info during refresh. "On-the-fly" syntax checking information may be incorrect. [C:\Users\activ\OneDrive\Document\GitHub\ENEL453\Lab1B\lab_1b_top_level.sv:]
ERROR: [Common 17-180] Spawn failed: The operation completed successfully.

launch_runs impl_1 -to_step write_bitstream -jobs 6
[Fri Sep 18 10:18:41 2026] Launched synth_1...
Run output will be captured here: C:/Users/activ/OneDrive/Document/GitHub/ENEL453/Lab1B/Lab_1b/Lab_1b.runs/synth_1/runme.log
[Fri Sep 18 10:18:41 2026] Launched impl_1...
Run output will be captured here: C:/Users/activ/OneDrive/Document/GitHub/ENEL453/Lab1B/Lab_1b/Lab_1b.runs/impl_1/runme.log
reset_run synth_1
WARNING: [Vivado 12-1017] Problems encountered:
1. Failed to delete one or more files in run directory C:/Users/activ/OneDrive/Document/GitHub/ENEL453/Lab1B/Lab_1b/Lab_1b.runs/synth_1

WARNING: [filemgmt 56-199] Attempt to get parsing info during refresh. "On-the-fly" syntax checking information may be incorrect. [C:\Users\activ\OneDrive\Document\GitHub\ENEL453\Lab1B\lab_1b_top_level.sv:]
WARNING: [filemgmt 56-199] Attempt to get parsing info during refresh. "On-the-fly" syntax checking information may be incorrect. [C:\Users\activ\OneDrive\Document\GitHub\ENEL453\Lab1B\lab_1b_top_level_tb.sv:]
WARNING: [filemgmt 56-199] Attempt to get parsing info during refresh. "On-the-fly" syntax checking information may be incorrect. [C:\Users\activ\OneDrive\Document\GitHub\ENEL453\Lab1B\others\digit_multiplexor.sv:]
WARNING: [filemgmt 56-199] Attempt to get parsing info during refresh. "On-the-fly" syntax checking information may be incorrect. [C:\Users\activ\OneDrive\Document\GitHub\ENEL453\Lab1B\others\seven_segment_display_subsystem.sv:]
WARNING: [filemgmt 56-199] Attempt to get parsing info during refresh. "On-the-fly" syntax checking information may be incorrect. [C:\Users\activ\OneDrive\Document\GitHub\ENEL453\Lab1B\others\seven_segment_digit_selector.sv:]
WARNING: [filemgmt 56-199] Attempt to get parsing info during refresh. "On-the-fly" syntax checking information may be incorrect. [C:\Users\activ\OneDrive\Document\GitHub\ENEL453\Lab1B\others\seven_segment_decoder_Lab1b.sv:]
WARNING: [filemgmt 56-199] Attempt to get parsing info during refresh. "On-the-fly" syntax checking information may be incorrect. [C:\Users\activ\OneDrive\Document\GitHub\ENEL453\Lab1B\lab_1b_top_level.sv:]
WARNING: [filemgmt 56-199] Attempt to get parsing info during refresh. "On-the-fly" syntax checking information may be incorrect. [C:\Users\activ\OneDrive\Document\GitHub\ENEL453\Lab1B\lab_1b_top_level.sv:]
WARNING: [filemgmt 56-199] Attempt to get parsing info during refresh. "On-the-fly" syntax checking information may be incorrect. [C:\Users\activ\OneDrive\Document\GitHub\ENEL453\Lab1B\lab_1b_top_level.sv:]
WARNING: [filemgmt 56-199] Attempt to get parsing info during refresh. "On-the-fly" syntax checking information may be incorrect. [C:\Users\activ\OneDrive\Document\GitHub\ENEL453\Lab1B\lab_1b_top_level_tb.sv:]
WARNING: [filemgmt 56-199] Attempt to get parsing info during refresh. "On-the-fly" syntax checking information may be incorrect. [C:\Users\activ\OneDrive\Document\GitHub\ENEL453\Lab1B\others\digit_multiplexor.sv:]
WARNING: [filemgmt 56-199] Attempt to get parsing info during refresh. "On-the-fly" syntax checking information may be incorrect. [C:\Users\activ\OneDrive\Document\GitHub\ENEL453\Lab1B\others\seven_segment_display_subsystem.sv:]
WARNING: [filemgmt 56-199] Attempt to get parsing info during refresh. "On-the-fly" syntax checking information may be incorrect. [C:\Users\activ\OneDrive\Document\GitHub\ENEL453\Lab1B\others\seven_segment_digit_selector.sv:]
WARNING: [filemgmt 56-199] Attempt to get parsing info during refresh. "On-the-fly" syntax checking information may be incorrect. [C:\Users\activ\OneDrive\Document\GitHub\ENEL453\Lab1B\others\seven_segment_decoder_Lab1b.sv:]
WARNING: [filemgmt 56-199] Attempt to get parsing info during refresh. "On-the-fly" syntax checking information may be incorrect. [C:\Users\activ\OneDrive\Document\GitHub\ENEL453\Lab1B\others\seven_segment_decoder_Lab1b.sv:]
WARNING: [filemgmt 56-199] Attempt to get parsing info during refresh. "On-the-fly" syntax checking information may be incorrect. [C:\Users\activ\OneDrive\Document\GitHub\ENEL453\Lab1B\others\seven_segment_decoder_Lab1b.sv:]
WARNING: [filemgmt 56-199] Attempt to get parsing info during refresh. "On-the-fly" syntax checking information may be incorrect. [C:\Users\activ\OneDrive\Document\GitHub\ENEL453\Lab1B\lab_1b_top_level.sv:]
WARNING: [filemgmt 56-199] Attempt to get parsing info during refresh. "On-the-fly" syntax checking information may be incorrect. [C:\Users\activ\OneDrive\Document\GitHub\ENEL453\Lab1B\lab_1b_top_level_tb.sv:]
WARNING: [filemgmt 56-199] Attempt to get parsing info during refresh. "On-the-fly" syntax checking information may be incorrect. [C:\Users\activ\OneDrive\Document\GitHub\ENEL453\Lab1B\others\digit_multiplexor.sv:]
WARNING: [filemgmt 56-199] Attempt to get parsing info during refresh. "On-the-fly" syntax checking information may be incorrect. [C:\Users\activ\OneDrive\Document\GitHub\ENEL453\Lab1B\others\seven_segment_display_subsystem.sv:]
WARNING: [filemgmt 56-199] Attempt to get parsing info during refresh. "On-the-fly" syntax checking information may be incorrect. [C:\Users\activ\OneDrive\Document\GitHub\ENEL453\Lab1B\others\seven_segment_digit_selector.sv:]
WARNING: [filemgmt 56-199] Attempt to get parsing info during refresh. "On-the-fly" syntax checking information may be incorrect. [C:\Users\activ\OneDrive\Document\GitHub\ENEL453\Lab1B\others\seven_segment_decoder_Lab1b.sv:]
WARNING: [filemgmt 56-199] Attempt to get parsing info during refresh. "On-the-fly" syntax checking information may be incorrect. [C:\Users\activ\OneDrive\Document\GitHub\ENEL453\Lab1B\others\seven_segment_digit_selector.sv:]
WARNING: [filemgmt 56-199] Attempt to get parsing info during refresh. "On-the-fly" syntax checking information may be incorrect. [C:\Users\activ\OneDrive\Document\GitHub\ENEL453\Lab1B\others\seven_segment_digit_selector.sv:]
WARNING: [filemgmt 56-199] Attempt to get parsing info during refresh. "On-the-fly" syntax checking information may be incorrect. [C:\Users\activ\OneDrive\Document\GitHub\ENEL453\Lab1B\lab_1b_top_level.sv:]
WARNING: [filemgmt 56-199] Attempt to get parsing info during refresh. "On-the-fly" syntax checking information may be incorrect. [C:\Users\activ\OneDrive\Document\GitHub\ENEL453\Lab1B\lab_1b_top_level_tb.sv:]
WARNING: [filemgmt 56-199] Attempt to get parsing info during refresh. "On-the-fly" syntax checking information may be incorrect. [C:\Users\activ\OneDrive\Document\GitHub\ENEL453\Lab1B\others\digit_multiplexor.sv:]
WARNING: [filemgmt 56-199] Attempt to get parsing info during refresh. "On-the-fly" syntax checking information may be incorrect. [C:\Users\activ\OneDrive\Document\GitHub\ENEL453\Lab1B\others\seven_segment_display_subsystem.sv:]
WARNING: [filemgmt 56-199] Attempt to get parsing info during refresh. "On-the-fly" syntax checking information may be incorrect. [C:\Users\activ\OneDrive\Document\GitHub\ENEL453\Lab1B\others\seven_segment_digit_selector.sv:]
WARNING: [filemgmt 56-199] Attempt to get parsing info during refresh. "On-the-fly" syntax checking information may be incorrect. [C:\Users\activ\OneDrive\Document\GitHub\ENEL453\Lab1B\others\seven_segment_decoder_Lab1b.sv:]
WARNING: [filemgmt 56-199] Attempt to get parsing info during refresh. "On-the-fly" syntax checking information may be incorrect. [C:\Users\activ\OneDrive\Document\GitHub\ENEL453\Lab1B\others\digit_multiplexor.sv:]
WARNING: [filemgmt 56-199] Attempt to get parsing info during refresh. "On-the-fly" syntax checking information may be incorrect. [C:\Users\activ\OneDrive\Document\GitHub\ENEL453\Lab1B\others\digit_multiplexor.sv:]
WARNING: [filemgmt 56-199] Attempt to get parsing info during refresh. "On-the-fly" syntax checking information may be incorrect. [C:\Users\activ\OneDrive\Document\GitHub\ENEL453\Lab1B\lab_1b_top_level.sv:]
WARNING: [filemgmt 56-199] Attempt to get parsing info during refresh. "On-the-fly" syntax checking information may be incorrect. [C:\Users\activ\OneDrive\Document\GitHub\ENEL453\Lab1B\lab_1b_top_level_tb.sv:]
WARNING: [filemgmt 56-199] Attempt to get parsing info during refresh. "On-the-fly" syntax checking information may be incorrect. [C:\Users\activ\OneDrive\Document\GitHub\ENEL453\Lab1B\others\digit_multiplexor.sv:]
WARNING: [filemgmt 56-199] Attempt to get parsing info during refresh. "On-the-fly" syntax checking information may be incorrect. [C:\Users\activ\OneDrive\Document\GitHub\ENEL453\Lab1B\others\seven_segment_display_subsystem.sv:]
WARNING: [filemgmt 56-199] Attempt to get parsing info during refresh. "On-the-fly" syntax checking information may be incorrect. [C:\Users\activ\OneDrive\Document\GitHub\ENEL453\Lab1B\others\seven_segment_digit_selector.sv:]
WARNING: [filemgmt 56-199] Attempt to get parsing info during refresh. "On-the-fly" syntax checking information may be incorrect. [C:\Users\activ\OneDrive\Document\GitHub\ENEL453\Lab1B\others\seven_segment_decoder_Lab1b.sv:]
WARNING: [filemgmt 56-199] Attempt to get parsing info during refresh. "On-the-fly" syntax checking information may be incorrect. [C:\Users\activ\OneDrive\Document\GitHub\ENEL453\Lab1B\others\seven_segment_display_subsystem.sv:]
WARNING: [filemgmt 56-199] Attempt to get parsing info during refresh. "On-the-fly" syntax checking information may be incorrect. [C:\Users\activ\OneDrive\Document\GitHub\ENEL453\Lab1B\others\seven_segment_display_subsystem.sv:]
ERROR: [Common 17-180] Spawn failed: The operation completed successfully.

close_sim
INFO: [Simtcl 6-16] Simulation closed
launch_simulation
Command: launch_simulation 
INFO: [Vivado 12-12493] Simulation top is 'lab_1b_top_level_tb'
INFO: [Vivado 12-5682] Launching behavioral simulation in 'C:/Users/activ/OneDrive/Document/GitHub/ENEL453/Lab1B/Lab_1b/Lab_1b.sim/sim_1/behav/xsim'
INFO: [SIM-utils-51] Simulation object is 'sim_1'
INFO: [SIM-utils-72] Using boost library from 'C:/Xilinx/2025.1/Vivado/tps/boost_1_72_0'
INFO: [SIM-utils-54] Inspecting design source files for 'lab_1b_top_level_tb' in fileset 'sim_1'...
INFO: [USF-XSim-97] Finding global include files...
INFO: [USF-XSim-98] Fetching design files from 'sim_1'...
INFO: [USF-XSim-2] XSim::Compile design
INFO: [USF-XSim-61] Executing 'COMPILE and ANALYZE' step in 'C:/Users/activ/OneDrive/Document/GitHub/ENEL453/Lab1B/Lab_1b/Lab_1b.sim/sim_1/behav/xsim'
"xvlog --incr --relax -L uvm -prj lab_1b_top_level_tb_vlog.prj"
INFO: [VRFC 10-2263] Analyzing SystemVerilog file "C:/Users/activ/OneDrive/Document/GitHub/ENEL453/Lab1B/others/digit_multiplexor.sv" into library xil_defaultlib
INFO: [VRFC 10-311] analyzing module digit_multiplexor
INFO: [VRFC 10-2263] Analyzing SystemVerilog file "C:/Users/activ/OneDrive/Document/GitHub/ENEL453/Lab1B/lab_1b_top_level.sv" into library xil_defaultlib
INFO: [VRFC 10-311] analyzing module lab_1b_top_level
INFO: [VRFC 10-2263] Analyzing SystemVerilog file "C:/Users/activ/OneDrive/Document/GitHub/ENEL453/Lab1B/others/seven_segment_decoder_Lab1b.sv" into library xil_defaultlib
INFO: [VRFC 10-311] analyzing module seven_segment_decoder
INFO: [VRFC 10-2263] Analyzing SystemVerilog file "C:/Users/activ/OneDrive/Document/GitHub/ENEL453/Lab1B/others/seven_segment_digit_selector.sv" into library xil_defaultlib
INFO: [VRFC 10-311] analyzing module seven_segment_digit_selector
INFO: [VRFC 10-2263] Analyzing SystemVerilog file "C:/Users/activ/OneDrive/Document/GitHub/ENEL453/Lab1B/others/seven_segment_display_subsystem.sv" into library xil_defaultlib
INFO: [VRFC 10-311] analyzing module seven_segment_display_subsystem
INFO: [VRFC 10-2263] Analyzing SystemVerilog file "C:/Users/activ/OneDrive/Document/GitHub/ENEL453/Lab1B/switch_logic.sv" into library xil_defaultlib
INFO: [VRFC 10-311] analyzing module switch_logic
INFO: [VRFC 10-2263] Analyzing SystemVerilog file "C:/Users/activ/OneDrive/Document/GitHub/ENEL453/Lab1B/lab_1b_top_level_tb.sv" into library xil_defaultlib
INFO: [VRFC 10-311] analyzing module lab_1b_top_level_tb
INFO: [USF-XSim-69] 'compile' step finished in '2' seconds
INFO: [USF-XSim-3] XSim::Elaborate design
INFO: [USF-XSim-61] Executing 'ELABORATE' step in 'C:/Users/activ/OneDrive/Document/GitHub/ENEL453/Lab1B/Lab_1b/Lab_1b.sim/sim_1/behav/xsim'
"xelab --incr --debug typical --relax --mt 2 -L xil_defaultlib -L uvm -L unisims_ver -L unimacro_ver -L secureip --snapshot lab_1b_top_level_tb_behav xil_defaultlib.lab_1b_top_level_tb xil_defaultlib.glbl -log elaborate.log"
Vivado Simulator v2025.1.0
Copyright 1986-2022 Xilinx, Inc. All Rights Reserved.
Copyright 2022-2025 Advanced Micro Devices, Inc. All Rights Reserved.
Running: C:/Xilinx/2025.1/Vivado/bin/unwrapped/win64.o/xelab.exe --incr --debug typical --relax --mt 2 -L xil_defaultlib -L uvm -L unisims_ver -L unimacro_ver -L secureip --snapshot lab_1b_top_level_tb_behav xil_defaultlib.lab_1b_top_level_tb xil_defaultlib.glbl -log elaborate.log 
Using 2 slave threads.
Starting static elaboration
Pass Through NonSizing Optimizer
WARNING: [VRFC 10-5021] port 'switches_inputs' is not connected on this instance [C:/Users/activ/OneDrive/Document/GitHub/ENEL453/Lab1B/lab_1b_top_level.sv:17]
Completed static elaboration
Starting simulation data flow analysis
WARNING: [XSIM 43-4099] "C:/Users/activ/OneDrive/Document/GitHub/ENEL453/Lab1B/lab_1b_top_level.sv" Line 1. Module lab_1b_top_level doesn't have a timescale but at least one module in design has a timescale.
WARNING: [XSIM 43-4099] "C:/Users/activ/OneDrive/Document/GitHub/ENEL453/Lab1B/others/seven_segment_display_subsystem.sv" Line 26. Module seven_segment_display_subsystem doesn't have a timescale but at least one module in design has a timescale.
WARNING: [XSIM 43-4099] "C:/Users/activ/OneDrive/Document/GitHub/ENEL453/Lab1B/others/digit_multiplexor.sv" Line 39. Module digit_multiplexor doesn't have a timescale but at least one module in design has a timescale.
WARNING: [XSIM 43-4099] "C:/Users/activ/OneDrive/Document/GitHub/ENEL453/Lab1B/others/seven_segment_digit_selector.sv" Line 36. Module seven_segment_digit_selector doesn't have a timescale but at least one module in design has a timescale.
WARNING: [XSIM 43-4099] "C:/Users/activ/OneDrive/Document/GitHub/ENEL453/Lab1B/others/seven_segment_decoder_Lab1b.sv" Line 37. Module seven_segment_decoder doesn't have a timescale but at least one module in design has a timescale.
WARNING: [XSIM 43-4099] "C:/Users/activ/OneDrive/Document/GitHub/ENEL453/Lab1B/switch_logic.sv" Line 1. Module switch_logic doesn't have a timescale but at least one module in design has a timescale.
WARNING: [XSIM 43-4099] "C:/Users/activ/OneDrive/Document/GitHub/ENEL453/Lab1B/lab_1b_top_level.sv" Line 1. Module lab_1b_top_level doesn't have a timescale but at least one module in design has a timescale.
WARNING: [XSIM 43-4099] "C:/Users/activ/OneDrive/Document/GitHub/ENEL453/Lab1B/others/seven_segment_display_subsystem.sv" Line 26. Module seven_segment_display_subsystem doesn't have a timescale but at least one module in design has a timescale.
WARNING: [XSIM 43-4099] "C:/Users/activ/OneDrive/Document/GitHub/ENEL453/Lab1B/others/digit_multiplexor.sv" Line 39. Module digit_multiplexor doesn't have a timescale but at least one module in design has a timescale.
WARNING: [XSIM 43-4099] "C:/Users/activ/OneDrive/Document/GitHub/ENEL453/Lab1B/others/seven_segment_digit_selector.sv" Line 36. Module seven_segment_digit_selector doesn't have a timescale but at least one module in design has a timescale.
WARNING: [XSIM 43-4099] "C:/Users/activ/OneDrive/Document/GitHub/ENEL453/Lab1B/others/seven_segment_decoder_Lab1b.sv" Line 37. Module seven_segment_decoder doesn't have a timescale but at least one module in design has a timescale.
WARNING: [XSIM 43-4099] "C:/Users/activ/OneDrive/Document/GitHub/ENEL453/Lab1B/switch_logic.sv" Line 1. Module switch_logic doesn't have a timescale but at least one module in design has a timescale.
Completed simulation data flow analysis
Time Resolution for simulation is 1ps
Compiling module xil_defaultlib.digit_multiplexor
Compiling module xil_defaultlib.seven_segment_digit_selector
Compiling module xil_defaultlib.seven_segment_decoder
Compiling module xil_defaultlib.seven_segment_display_subsystem
Compiling module xil_defaultlib.switch_logic
Compiling module xil_defaultlib.lab_1b_top_level
Compiling module xil_defaultlib.lab_1b_top_level_tb
Compiling module xil_defaultlib.glbl
Built simulation snapshot lab_1b_top_level_tb_behav
run_program: Time (s): cpu = 00:00:01 ; elapsed = 00:00:08 . Memory (MB): peak = 3967.238 ; gain = 0.000
INFO: [USF-XSim-69] 'elaborate' step finished in '7' seconds
INFO: [USF-XSim-4] XSim::Simulate design
INFO: [USF-XSim-61] Executing 'SIMULATE' step in 'C:/Users/activ/OneDrive/Document/GitHub/ENEL453/Lab1B/Lab_1b/Lab_1b.sim/sim_1/behav/xsim'
INFO: [USF-XSim-98] *** Running xsim
   with args "lab_1b_top_level_tb_behav -key {Behavioral:sim_1:Functional:lab_1b_top_level_tb} -tclbatch {lab_1b_top_level_tb.tcl} -log {simulate.log}"
INFO: [USF-XSim-8] Loading simulator feature
Time resolution is 1 ps
source lab_1b_top_level_tb.tcl
# set curr_wave [current_wave_config]
# if { [string length $curr_wave] == 0 } {
#   if { [llength [get_objects]] > 0} {
#     add_wave /
#     set_property needs_save false [current_wave_config]
#   } else {
#      send_msg_id Add_Wave-1 WARNING "No top level signals found. Simulator will start without a wave window. If you want to open a wave window go to 'File->New Waveform Configuration' or type 'create_wave_config' in the TCL console."
#   }
# }
# run 1000ns
Time = 0: switches_inputs = xxxxxxxxxxxxxxxx, led = xxxxxxxxxxxxxxxx
Time = 110000: switches_inputs = 0000000000000000, led = 0000000000000000
Time = 120000: switches_inputs = 1111111111111111, led = 1111111111111111
Time = 130000: switches_inputs = 0101010101010101, led = 0101010101010101
Time = 140000: switches_inputs = 1010101010101010, led = 1010101010101010
Time = 150000: switches_inputs = 1100110011001100, led = 1100110011001100
Time = 160000: switches_inputs = 0011001100110011, led = 0011001100110011
$stop called at time : 220 ns : File "C:/Users/activ/OneDrive/Document/GitHub/ENEL453/Lab1B/lab_1b_top_level_tb.sv" Line 73
INFO: [USF-XSim-96] XSim completed. Design snapshot 'lab_1b_top_level_tb_behav' loaded.
INFO: [USF-XSim-97] XSim simulation ran for 1000ns
launch_simulation: Time (s): cpu = 00:00:08 ; elapsed = 00:00:15 . Memory (MB): peak = 3967.238 ; gain = 0.000
WARNING: [filemgmt 56-199] Attempt to get parsing info during refresh. "On-the-fly" syntax checking information may be incorrect. [C:\Users\activ\OneDrive\Document\GitHub\ENEL453\Lab1B\lab_1b_top_level.sv:]
WARNING: [filemgmt 56-199] Attempt to get parsing info during refresh. "On-the-fly" syntax checking information may be incorrect. [C:\Users\activ\OneDrive\Document\GitHub\ENEL453\Lab1B\lab_1b_top_level_tb.sv:]
WARNING: [filemgmt 56-199] Attempt to get parsing info during refresh. "On-the-fly" syntax checking information may be incorrect. [C:\Users\activ\OneDrive\Document\GitHub\ENEL453\Lab1B\others\digit_multiplexor.sv:]
WARNING: [filemgmt 56-199] Attempt to get parsing info during refresh. "On-the-fly" syntax checking information may be incorrect. [C:\Users\activ\OneDrive\Document\GitHub\ENEL453\Lab1B\others\seven_segment_display_subsystem.sv:]
WARNING: [filemgmt 56-199] Attempt to get parsing info during refresh. "On-the-fly" syntax checking information may be incorrect. [C:\Users\activ\OneDrive\Document\GitHub\ENEL453\Lab1B\others\seven_segment_digit_selector.sv:]
WARNING: [filemgmt 56-199] Attempt to get parsing info during refresh. "On-the-fly" syntax checking information may be incorrect. [C:\Users\activ\OneDrive\Document\GitHub\ENEL453\Lab1B\others\seven_segment_decoder_Lab1b.sv:]
WARNING: [filemgmt 56-199] Attempt to get parsing info during refresh. "On-the-fly" syntax checking information may be incorrect. [C:\Users\activ\OneDrive\Document\GitHub\ENEL453\Lab1B\lab_1b_top_level.sv:]
WARNING: [filemgmt 56-199] Attempt to get parsing info during refresh. "On-the-fly" syntax checking information may be incorrect. [C:\Users\activ\OneDrive\Document\GitHub\ENEL453\Lab1B\lab_1b_top_level.sv:]
WARNING: [filemgmt 56-199] Attempt to get parsing info during refresh. "On-the-fly" syntax checking information may be incorrect. [C:\Users\activ\OneDrive\Document\GitHub\ENEL453\Lab1B\lab_1b_top_level.sv:]
WARNING: [filemgmt 56-199] Attempt to get parsing info during refresh. "On-the-fly" syntax checking information may be incorrect. [C:\Users\activ\OneDrive\Document\GitHub\ENEL453\Lab1B\lab_1b_top_level_tb.sv:]
WARNING: [filemgmt 56-199] Attempt to get parsing info during refresh. "On-the-fly" syntax checking information may be incorrect. [C:\Users\activ\OneDrive\Document\GitHub\ENEL453\Lab1B\others\digit_multiplexor.sv:]
WARNING: [filemgmt 56-199] Attempt to get parsing info during refresh. "On-the-fly" syntax checking information may be incorrect. [C:\Users\activ\OneDrive\Document\GitHub\ENEL453\Lab1B\others\seven_segment_display_subsystem.sv:]
WARNING: [filemgmt 56-199] Attempt to get parsing info during refresh. "On-the-fly" syntax checking information may be incorrect. [C:\Users\activ\OneDrive\Document\GitHub\ENEL453\Lab1B\others\seven_segment_digit_selector.sv:]
WARNING: [filemgmt 56-199] Attempt to get parsing info during refresh. "On-the-fly" syntax checking information may be incorrect. [C:\Users\activ\OneDrive\Document\GitHub\ENEL453\Lab1B\others\seven_segment_decoder_Lab1b.sv:]
WARNING: [filemgmt 56-199] Attempt to get parsing info during refresh. "On-the-fly" syntax checking information may be incorrect. [C:\Users\activ\OneDrive\Document\GitHub\ENEL453\Lab1B\others\seven_segment_decoder_Lab1b.sv:]
WARNING: [filemgmt 56-199] Attempt to get parsing info during refresh. "On-the-fly" syntax checking information may be incorrect. [C:\Users\activ\OneDrive\Document\GitHub\ENEL453\Lab1B\others\seven_segment_decoder_Lab1b.sv:]
WARNING: [filemgmt 56-199] Attempt to get parsing info during refresh. "On-the-fly" syntax checking information may be incorrect. [C:\Users\activ\OneDrive\Document\GitHub\ENEL453\Lab1B\lab_1b_top_level.sv:]
WARNING: [filemgmt 56-199] Attempt to get parsing info during refresh. "On-the-fly" syntax checking information may be incorrect. [C:\Users\activ\OneDrive\Document\GitHub\ENEL453\Lab1B\lab_1b_top_level_tb.sv:]
WARNING: [filemgmt 56-199] Attempt to get parsing info during refresh. "On-the-fly" syntax checking information may be incorrect. [C:\Users\activ\OneDrive\Document\GitHub\ENEL453\Lab1B\others\digit_multiplexor.sv:]
WARNING: [filemgmt 56-199] Attempt to get parsing info during refresh. "On-the-fly" syntax checking information may be incorrect. [C:\Users\activ\OneDrive\Document\GitHub\ENEL453\Lab1B\others\seven_segment_display_subsystem.sv:]
INFO: [Common 17-14] Message 'filemgmt 56-199' appears 100 times and further instances of the messages will be disabled. Use the Tcl command set_msg_config to change the current settings.
ERROR: [Common 17-180] Spawn failed: The operation completed successfully.

close_sim
INFO: [Simtcl 6-16] Simulation closed
launch_simulation
Command: launch_simulation 
INFO: [Vivado 12-12493] Simulation top is 'lab_1b_top_level_tb'
INFO: [Vivado 12-5682] Launching behavioral simulation in 'C:/Users/activ/OneDrive/Document/GitHub/ENEL453/Lab1B/Lab_1b/Lab_1b.sim/sim_1/behav/xsim'
INFO: [SIM-utils-51] Simulation object is 'sim_1'
INFO: [SIM-utils-72] Using boost library from 'C:/Xilinx/2025.1/Vivado/tps/boost_1_72_0'
INFO: [SIM-utils-54] Inspecting design source files for 'lab_1b_top_level_tb' in fileset 'sim_1'...
INFO: [USF-XSim-97] Finding global include files...
INFO: [USF-XSim-98] Fetching design files from 'sim_1'...
INFO: [USF-XSim-2] XSim::Compile design
INFO: [USF-XSim-61] Executing 'COMPILE and ANALYZE' step in 'C:/Users/activ/OneDrive/Document/GitHub/ENEL453/Lab1B/Lab_1b/Lab_1b.sim/sim_1/behav/xsim'
"xvlog --incr --relax -L uvm -prj lab_1b_top_level_tb_vlog.prj"
INFO: [USF-XSim-69] 'compile' step finished in '3' seconds
INFO: [USF-XSim-3] XSim::Elaborate design
INFO: [USF-XSim-61] Executing 'ELABORATE' step in 'C:/Users/activ/OneDrive/Document/GitHub/ENEL453/Lab1B/Lab_1b/Lab_1b.sim/sim_1/behav/xsim'
"xelab --incr --debug typical --relax --mt 2 -L xil_defaultlib -L uvm -L unisims_ver -L unimacro_ver -L secureip --snapshot lab_1b_top_level_tb_behav xil_defaultlib.lab_1b_top_level_tb xil_defaultlib.glbl -log elaborate.log"
Vivado Simulator v2025.1.0
Copyright 1986-2022 Xilinx, Inc. All Rights Reserved.
Copyright 2022-2025 Advanced Micro Devices, Inc. All Rights Reserved.
Running: C:/Xilinx/2025.1/Vivado/bin/unwrapped/win64.o/xelab.exe --incr --debug typical --relax --mt 2 -L xil_defaultlib -L uvm -L unisims_ver -L unimacro_ver -L secureip --snapshot lab_1b_top_level_tb_behav xil_defaultlib.lab_1b_top_level_tb xil_defaultlib.glbl -log elaborate.log 
Using 2 slave threads.
Starting static elaboration
Pass Through NonSizing Optimizer
WARNING: [VRFC 10-5021] port 'switches_inputs' is not connected on this instance [C:/Users/activ/OneDrive/Document/GitHub/ENEL453/Lab1B/lab_1b_top_level.sv:17]
Completed static elaboration
INFO: [XSIM 43-4323] No Change in HDL. Linking previously generated obj files to create kernel
INFO: [USF-XSim-69] 'elaborate' step finished in '3' seconds
INFO: [USF-XSim-4] XSim::Simulate design
INFO: [USF-XSim-61] Executing 'SIMULATE' step in 'C:/Users/activ/OneDrive/Document/GitHub/ENEL453/Lab1B/Lab_1b/Lab_1b.sim/sim_1/behav/xsim'
INFO: [USF-XSim-98] *** Running xsim
   with args "lab_1b_top_level_tb_behav -key {Behavioral:sim_1:Functional:lab_1b_top_level_tb} -tclbatch {lab_1b_top_level_tb.tcl} -log {simulate.log}"
INFO: [USF-XSim-8] Loading simulator feature
Time resolution is 1 ps
source lab_1b_top_level_tb.tcl
# set curr_wave [current_wave_config]
# if { [string length $curr_wave] == 0 } {
#   if { [llength [get_objects]] > 0} {
#     add_wave /
#     set_property needs_save false [current_wave_config]
#   } else {
#      send_msg_id Add_Wave-1 WARNING "No top level signals found. Simulator will start without a wave window. If you want to open a wave window go to 'File->New Waveform Configuration' or type 'create_wave_config' in the TCL console."
#   }
# }
# run 1000ns
Time = 0: switches_inputs = xxxxxxxxxxxxxxxx, led = xxxxxxxxxxxxxxxx
Time = 110000: switches_inputs = 0000000000000000, led = 0000000000000000
Time = 120000: switches_inputs = 1111111111111111, led = 1111111111111111
Time = 130000: switches_inputs = 0101010101010101, led = 0101010101010101
Time = 140000: switches_inputs = 1010101010101010, led = 1010101010101010
Time = 150000: switches_inputs = 1100110011001100, led = 1100110011001100
Time = 160000: switches_inputs = 0011001100110011, led = 0011001100110011
$stop called at time : 220 ns : File "C:/Users/activ/OneDrive/Document/GitHub/ENEL453/Lab1B/lab_1b_top_level_tb.sv" Line 73
xsim: Time (s): cpu = 00:00:13 ; elapsed = 00:00:05 . Memory (MB): peak = 3967.238 ; gain = 0.000
INFO: [USF-XSim-96] XSim completed. Design snapshot 'lab_1b_top_level_tb_behav' loaded.
INFO: [USF-XSim-97] XSim simulation ran for 1000ns
launch_simulation: Time (s): cpu = 00:00:17 ; elapsed = 00:00:12 . Memory (MB): peak = 3967.238 ; gain = 0.000
ERROR: [Common 17-180] Spawn failed: The operation completed successfully.

close_sim
INFO: [Simtcl 6-16] Simulation closed
launch_simulation
Command: launch_simulation 
INFO: [Vivado 12-12493] Simulation top is 'lab_1b_top_level_tb'
INFO: [Vivado 12-5682] Launching behavioral simulation in 'C:/Users/activ/OneDrive/Document/GitHub/ENEL453/Lab1B/Lab_1b/Lab_1b.sim/sim_1/behav/xsim'
INFO: [SIM-utils-51] Simulation object is 'sim_1'
INFO: [SIM-utils-72] Using boost library from 'C:/Xilinx/2025.1/Vivado/tps/boost_1_72_0'
INFO: [SIM-utils-54] Inspecting design source files for 'lab_1b_top_level_tb' in fileset 'sim_1'...
INFO: [USF-XSim-97] Finding global include files...
INFO: [USF-XSim-98] Fetching design files from 'sim_1'...
INFO: [USF-XSim-2] XSim::Compile design
INFO: [USF-XSim-61] Executing 'COMPILE and ANALYZE' step in 'C:/Users/activ/OneDrive/Document/GitHub/ENEL453/Lab1B/Lab_1b/Lab_1b.sim/sim_1/behav/xsim'
"xvlog --incr --relax -L uvm -prj lab_1b_top_level_tb_vlog.prj"
INFO: [VRFC 10-2263] Analyzing SystemVerilog file "C:/Users/activ/OneDrive/Document/GitHub/ENEL453/Lab1B/others/digit_multiplexor.sv" into library xil_defaultlib
INFO: [VRFC 10-311] analyzing module digit_multiplexor
INFO: [VRFC 10-2263] Analyzing SystemVerilog file "C:/Users/activ/OneDrive/Document/GitHub/ENEL453/Lab1B/lab_1b_top_level.sv" into library xil_defaultlib
INFO: [VRFC 10-311] analyzing module lab_1b_top_level
INFO: [VRFC 10-2263] Analyzing SystemVerilog file "C:/Users/activ/OneDrive/Document/GitHub/ENEL453/Lab1B/others/seven_segment_decoder_Lab1b.sv" into library xil_defaultlib
INFO: [VRFC 10-311] analyzing module seven_segment_decoder
INFO: [VRFC 10-2263] Analyzing SystemVerilog file "C:/Users/activ/OneDrive/Document/GitHub/ENEL453/Lab1B/others/seven_segment_digit_selector.sv" into library xil_defaultlib
INFO: [VRFC 10-311] analyzing module seven_segment_digit_selector
INFO: [VRFC 10-2263] Analyzing SystemVerilog file "C:/Users/activ/OneDrive/Document/GitHub/ENEL453/Lab1B/others/seven_segment_display_subsystem.sv" into library xil_defaultlib
INFO: [VRFC 10-311] analyzing module seven_segment_display_subsystem
INFO: [VRFC 10-2263] Analyzing SystemVerilog file "C:/Users/activ/OneDrive/Document/GitHub/ENEL453/Lab1B/switch_logic.sv" into library xil_defaultlib
INFO: [VRFC 10-311] analyzing module switch_logic
INFO: [VRFC 10-2263] Analyzing SystemVerilog file "C:/Users/activ/OneDrive/Document/GitHub/ENEL453/Lab1B/lab_1b_top_level_tb.sv" into library xil_defaultlib
INFO: [VRFC 10-311] analyzing module lab_1b_top_level_tb
INFO: [USF-XSim-69] 'compile' step finished in '3' seconds
INFO: [USF-XSim-3] XSim::Elaborate design
INFO: [USF-XSim-61] Executing 'ELABORATE' step in 'C:/Users/activ/OneDrive/Document/GitHub/ENEL453/Lab1B/Lab_1b/Lab_1b.sim/sim_1/behav/xsim'
"xelab --incr --debug typical --relax --mt 2 -L xil_defaultlib -L uvm -L unisims_ver -L unimacro_ver -L secureip --snapshot lab_1b_top_level_tb_behav xil_defaultlib.lab_1b_top_level_tb xil_defaultlib.glbl -log elaborate.log"
Vivado Simulator v2025.1.0
Copyright 1986-2022 Xilinx, Inc. All Rights Reserved.
Copyright 2022-2025 Advanced Micro Devices, Inc. All Rights Reserved.
Running: C:/Xilinx/2025.1/Vivado/bin/unwrapped/win64.o/xelab.exe --incr --debug typical --relax --mt 2 -L xil_defaultlib -L uvm -L unisims_ver -L unimacro_ver -L secureip --snapshot lab_1b_top_level_tb_behav xil_defaultlib.lab_1b_top_level_tb xil_defaultlib.glbl -log elaborate.log 
Using 2 slave threads.
Starting static elaboration
Pass Through NonSizing Optimizer
WARNING: [VRFC 10-5021] port 'switches_inputs' is not connected on this instance [C:/Users/activ/OneDrive/Document/GitHub/ENEL453/Lab1B/lab_1b_top_level.sv:17]
Completed static elaboration
Starting simulation data flow analysis
WARNING: [XSIM 43-4099] "C:/Users/activ/OneDrive/Document/GitHub/ENEL453/Lab1B/lab_1b_top_level.sv" Line 1. Module lab_1b_top_level doesn't have a timescale but at least one module in design has a timescale.
WARNING: [XSIM 43-4099] "C:/Users/activ/OneDrive/Document/GitHub/ENEL453/Lab1B/others/seven_segment_display_subsystem.sv" Line 26. Module seven_segment_display_subsystem doesn't have a timescale but at least one module in design has a timescale.
WARNING: [XSIM 43-4099] "C:/Users/activ/OneDrive/Document/GitHub/ENEL453/Lab1B/others/digit_multiplexor.sv" Line 39. Module digit_multiplexor doesn't have a timescale but at least one module in design has a timescale.
WARNING: [XSIM 43-4099] "C:/Users/activ/OneDrive/Document/GitHub/ENEL453/Lab1B/others/seven_segment_digit_selector.sv" Line 36. Module seven_segment_digit_selector doesn't have a timescale but at least one module in design has a timescale.
WARNING: [XSIM 43-4099] "C:/Users/activ/OneDrive/Document/GitHub/ENEL453/Lab1B/others/seven_segment_decoder_Lab1b.sv" Line 37. Module seven_segment_decoder doesn't have a timescale but at least one module in design has a timescale.
WARNING: [XSIM 43-4099] "C:/Users/activ/OneDrive/Document/GitHub/ENEL453/Lab1B/switch_logic.sv" Line 1. Module switch_logic doesn't have a timescale but at least one module in design has a timescale.
WARNING: [XSIM 43-4099] "C:/Users/activ/OneDrive/Document/GitHub/ENEL453/Lab1B/lab_1b_top_level.sv" Line 1. Module lab_1b_top_level doesn't have a timescale but at least one module in design has a timescale.
WARNING: [XSIM 43-4099] "C:/Users/activ/OneDrive/Document/GitHub/ENEL453/Lab1B/others/seven_segment_display_subsystem.sv" Line 26. Module seven_segment_display_subsystem doesn't have a timescale but at least one module in design has a timescale.
WARNING: [XSIM 43-4099] "C:/Users/activ/OneDrive/Document/GitHub/ENEL453/Lab1B/others/digit_multiplexor.sv" Line 39. Module digit_multiplexor doesn't have a timescale but at least one module in design has a timescale.
WARNING: [XSIM 43-4099] "C:/Users/activ/OneDrive/Document/GitHub/ENEL453/Lab1B/others/seven_segment_digit_selector.sv" Line 36. Module seven_segment_digit_selector doesn't have a timescale but at least one module in design has a timescale.
WARNING: [XSIM 43-4099] "C:/Users/activ/OneDrive/Document/GitHub/ENEL453/Lab1B/others/seven_segment_decoder_Lab1b.sv" Line 37. Module seven_segment_decoder doesn't have a timescale but at least one module in design has a timescale.
WARNING: [XSIM 43-4099] "C:/Users/activ/OneDrive/Document/GitHub/ENEL453/Lab1B/switch_logic.sv" Line 1. Module switch_logic doesn't have a timescale but at least one module in design has a timescale.
Completed simulation data flow analysis
Time Resolution for simulation is 1ps
Compiling module xil_defaultlib.digit_multiplexor
Compiling module xil_defaultlib.seven_segment_digit_selector
Compiling module xil_defaultlib.seven_segment_decoder
Compiling module xil_defaultlib.seven_segment_display_subsystem
Compiling module xil_defaultlib.switch_logic
Compiling module xil_defaultlib.lab_1b_top_level
Compiling module xil_defaultlib.lab_1b_top_level_tb
Compiling module xil_defaultlib.glbl
Built simulation snapshot lab_1b_top_level_tb_behav
INFO: [USF-XSim-69] 'elaborate' step finished in '3' seconds
INFO: [USF-XSim-4] XSim::Simulate design
INFO: [USF-XSim-61] Executing 'SIMULATE' step in 'C:/Users/activ/OneDrive/Document/GitHub/ENEL453/Lab1B/Lab_1b/Lab_1b.sim/sim_1/behav/xsim'
INFO: [USF-XSim-98] *** Running xsim
   with args "lab_1b_top_level_tb_behav -key {Behavioral:sim_1:Functional:lab_1b_top_level_tb} -tclbatch {lab_1b_top_level_tb.tcl} -log {simulate.log}"
INFO: [USF-XSim-8] Loading simulator feature
Time resolution is 1 ps
source lab_1b_top_level_tb.tcl
# set curr_wave [current_wave_config]
# if { [string length $curr_wave] == 0 } {
#   if { [llength [get_objects]] > 0} {
#     add_wave /
#     set_property needs_save false [current_wave_config]
#   } else {
#      send_msg_id Add_Wave-1 WARNING "No top level signals found. Simulator will start without a wave window. If you want to open a wave window go to 'File->New Waveform Configuration' or type 'create_wave_config' in the TCL console."
#   }
# }
# run 1000ns
Time = 0: switches_inputs = xxxxxxxxxxxxxxxx, led = xxxxxxxxxxxxxxxx
INFO: [USF-XSim-96] XSim completed. Design snapshot 'lab_1b_top_level_tb_behav' loaded.
INFO: [USF-XSim-97] XSim simulation ran for 1000ns
launch_simulation: Time (s): cpu = 00:00:07 ; elapsed = 00:00:10 . Memory (MB): peak = 3967.238 ; gain = 0.000
WARNING: [filemgmt 56-199] Attempt to get parsing info during refresh. "On-the-fly" syntax checking information may be incorrect. [C:\Users\activ\OneDrive\Document\GitHub\ENEL453\Lab1B\lab_1b_top_level.sv:]
WARNING: [filemgmt 56-199] Attempt to get parsing info during refresh. "On-the-fly" syntax checking information may be incorrect. [C:\Users\activ\OneDrive\Document\GitHub\ENEL453\Lab1B\lab_1b_top_level_tb.sv:]
WARNING: [filemgmt 56-199] Attempt to get parsing info during refresh. "On-the-fly" syntax checking information may be incorrect. [C:\Users\activ\OneDrive\Document\GitHub\ENEL453\Lab1B\others\digit_multiplexor.sv:]
WARNING: [filemgmt 56-199] Attempt to get parsing info during refresh. "On-the-fly" syntax checking information may be incorrect. [C:\Users\activ\OneDrive\Document\GitHub\ENEL453\Lab1B\others\seven_segment_display_subsystem.sv:]
WARNING: [filemgmt 56-199] Attempt to get parsing info during refresh. "On-the-fly" syntax checking information may be incorrect. [C:\Users\activ\OneDrive\Document\GitHub\ENEL453\Lab1B\others\seven_segment_digit_selector.sv:]
WARNING: [filemgmt 56-199] Attempt to get parsing info during refresh. "On-the-fly" syntax checking information may be incorrect. [C:\Users\activ\OneDrive\Document\GitHub\ENEL453\Lab1B\others\seven_segment_decoder_Lab1b.sv:]
WARNING: [filemgmt 56-199] Attempt to get parsing info during refresh. "On-the-fly" syntax checking information may be incorrect. [C:\Users\activ\OneDrive\Document\GitHub\ENEL453\Lab1B\lab_1b_top_level.sv:]
WARNING: [filemgmt 56-199] Attempt to get parsing info during refresh. "On-the-fly" syntax checking information may be incorrect. [C:\Users\activ\OneDrive\Document\GitHub\ENEL453\Lab1B\lab_1b_top_level.sv:]
WARNING: [filemgmt 56-199] Attempt to get parsing info during refresh. "On-the-fly" syntax checking information may be incorrect. [C:\Users\activ\OneDrive\Document\GitHub\ENEL453\Lab1B\lab_1b_top_level.sv:]
WARNING: [filemgmt 56-199] Attempt to get parsing info during refresh. "On-the-fly" syntax checking information may be incorrect. [C:\Users\activ\OneDrive\Document\GitHub\ENEL453\Lab1B\lab_1b_top_level_tb.sv:]
WARNING: [filemgmt 56-199] Attempt to get parsing info during refresh. "On-the-fly" syntax checking information may be incorrect. [C:\Users\activ\OneDrive\Document\GitHub\ENEL453\Lab1B\others\digit_multiplexor.sv:]
WARNING: [filemgmt 56-199] Attempt to get parsing info during refresh. "On-the-fly" syntax checking information may be incorrect. [C:\Users\activ\OneDrive\Document\GitHub\ENEL453\Lab1B\others\seven_segment_display_subsystem.sv:]
WARNING: [filemgmt 56-199] Attempt to get parsing info during refresh. "On-the-fly" syntax checking information may be incorrect. [C:\Users\activ\OneDrive\Document\GitHub\ENEL453\Lab1B\others\seven_segment_digit_selector.sv:]
WARNING: [filemgmt 56-199] Attempt to get parsing info during refresh. "On-the-fly" syntax checking information may be incorrect. [C:\Users\activ\OneDrive\Document\GitHub\ENEL453\Lab1B\others\seven_segment_decoder_Lab1b.sv:]
WARNING: [filemgmt 56-199] Attempt to get parsing info during refresh. "On-the-fly" syntax checking information may be incorrect. [C:\Users\activ\OneDrive\Document\GitHub\ENEL453\Lab1B\others\seven_segment_display_subsystem.sv:]
WARNING: [filemgmt 56-199] Attempt to get parsing info during refresh. "On-the-fly" syntax checking information may be incorrect. [C:\Users\activ\OneDrive\Document\GitHub\ENEL453\Lab1B\others\seven_segment_display_subsystem.sv:]
WARNING: [filemgmt 56-199] Attempt to get parsing info during refresh. "On-the-fly" syntax checking information may be incorrect. [C:\Users\activ\OneDrive\Document\GitHub\ENEL453\Lab1B\lab_1b_top_level.sv:]
WARNING: [filemgmt 56-199] Attempt to get parsing info during refresh. "On-the-fly" syntax checking information may be incorrect. [C:\Users\activ\OneDrive\Document\GitHub\ENEL453\Lab1B\lab_1b_top_level_tb.sv:]
WARNING: [filemgmt 56-199] Attempt to get parsing info during refresh. "On-the-fly" syntax checking information may be incorrect. [C:\Users\activ\OneDrive\Document\GitHub\ENEL453\Lab1B\others\digit_multiplexor.sv:]
WARNING: [filemgmt 56-199] Attempt to get parsing info during refresh. "On-the-fly" syntax checking information may be incorrect. [C:\Users\activ\OneDrive\Document\GitHub\ENEL453\Lab1B\others\seven_segment_display_subsystem.sv:]
WARNING: [filemgmt 56-199] Attempt to get parsing info during refresh. "On-the-fly" syntax checking information may be incorrect. [C:\Users\activ\OneDrive\Document\GitHub\ENEL453\Lab1B\others\seven_segment_digit_selector.sv:]
WARNING: [filemgmt 56-199] Attempt to get parsing info during refresh. "On-the-fly" syntax checking information may be incorrect. [C:\Users\activ\OneDrive\Document\GitHub\ENEL453\Lab1B\others\seven_segment_decoder_Lab1b.sv:]
WARNING: [filemgmt 56-199] Attempt to get parsing info during refresh. "On-the-fly" syntax checking information may be incorrect. [C:\Users\activ\OneDrive\Document\GitHub\ENEL453\Lab1B\lab_1b_top_level_tb.sv:]
WARNING: [filemgmt 56-199] Attempt to get parsing info during refresh. "On-the-fly" syntax checking information may be incorrect. [C:\Users\activ\OneDrive\Document\GitHub\ENEL453\Lab1B\lab_1b_top_level_tb.sv:]
WARNING: [filemgmt 56-199] Attempt to get parsing info during refresh. "On-the-fly" syntax checking information may be incorrect. [C:\Users\activ\OneDrive\Document\GitHub\ENEL453\Lab1B\lab_1b_top_level.sv:]
WARNING: [filemgmt 56-199] Attempt to get parsing info during refresh. "On-the-fly" syntax checking information may be incorrect. [C:\Users\activ\OneDrive\Document\GitHub\ENEL453\Lab1B\lab_1b_top_level_tb.sv:]
WARNING: [filemgmt 56-199] Attempt to get parsing info during refresh. "On-the-fly" syntax checking information may be incorrect. [C:\Users\activ\OneDrive\Document\GitHub\ENEL453\Lab1B\others\digit_multiplexor.sv:]
WARNING: [filemgmt 56-199] Attempt to get parsing info during refresh. "On-the-fly" syntax checking information may be incorrect. [C:\Users\activ\OneDrive\Document\GitHub\ENEL453\Lab1B\others\seven_segment_display_subsystem.sv:]
WARNING: [filemgmt 56-199] Attempt to get parsing info during refresh. "On-the-fly" syntax checking information may be incorrect. [C:\Users\activ\OneDrive\Document\GitHub\ENEL453\Lab1B\others\seven_segment_digit_selector.sv:]
WARNING: [filemgmt 56-199] Attempt to get parsing info during refresh. "On-the-fly" syntax checking information may be incorrect. [C:\Users\activ\OneDrive\Document\GitHub\ENEL453\Lab1B\others\seven_segment_decoder_Lab1b.sv:]
WARNING: [filemgmt 56-199] Attempt to get parsing info during refresh. "On-the-fly" syntax checking information may be incorrect. [C:\Users\activ\OneDrive\Document\GitHub\ENEL453\Lab1B\others\seven_segment_digit_selector.sv:]
WARNING: [filemgmt 56-199] Attempt to get parsing info during refresh. "On-the-fly" syntax checking information may be incorrect. [C:\Users\activ\OneDrive\Document\GitHub\ENEL453\Lab1B\others\seven_segment_digit_selector.sv:]
WARNING: [filemgmt 56-199] Attempt to get parsing info during refresh. "On-the-fly" syntax checking information may be incorrect. [C:\Users\activ\OneDrive\Document\GitHub\ENEL453\Lab1B\lab_1b_top_level.sv:]
WARNING: [filemgmt 56-199] Attempt to get parsing info during refresh. "On-the-fly" syntax checking information may be incorrect. [C:\Users\activ\OneDrive\Document\GitHub\ENEL453\Lab1B\lab_1b_top_level_tb.sv:]
WARNING: [filemgmt 56-199] Attempt to get parsing info during refresh. "On-the-fly" syntax checking information may be incorrect. [C:\Users\activ\OneDrive\Document\GitHub\ENEL453\Lab1B\others\digit_multiplexor.sv:]
WARNING: [filemgmt 56-199] Attempt to get parsing info during refresh. "On-the-fly" syntax checking information may be incorrect. [C:\Users\activ\OneDrive\Document\GitHub\ENEL453\Lab1B\others\seven_segment_display_subsystem.sv:]
WARNING: [filemgmt 56-199] Attempt to get parsing info during refresh. "On-the-fly" syntax checking information may be incorrect. [C:\Users\activ\OneDrive\Document\GitHub\ENEL453\Lab1B\others\seven_segment_digit_selector.sv:]
WARNING: [filemgmt 56-199] Attempt to get parsing info during refresh. "On-the-fly" syntax checking information may be incorrect. [C:\Users\activ\OneDrive\Document\GitHub\ENEL453\Lab1B\others\seven_segment_decoder_Lab1b.sv:]
WARNING: [filemgmt 56-199] Attempt to get parsing info during refresh. "On-the-fly" syntax checking information may be incorrect. [C:\Users\activ\OneDrive\Document\GitHub\ENEL453\Lab1B\others\digit_multiplexor.sv:]
WARNING: [filemgmt 56-199] Attempt to get parsing info during refresh. "On-the-fly" syntax checking information may be incorrect. [C:\Users\activ\OneDrive\Document\GitHub\ENEL453\Lab1B\others\digit_multiplexor.sv:]
launch_runs synth_1 -jobs 6
[Fri Sep 18 10:39:53 2026] Launched synth_1...
Run output will be captured here: C:/Users/activ/OneDrive/Document/GitHub/ENEL453/Lab1B/Lab_1b/Lab_1b.runs/synth_1/runme.log
launch_runs impl_1 -jobs 6
[Fri Sep 18 10:42:53 2026] Launched impl_1...
Run output will be captured here: C:/Users/activ/OneDrive/Document/GitHub/ENEL453/Lab1B/Lab_1b/Lab_1b.runs/impl_1/runme.log
close_sim
INFO: [Simtcl 6-16] Simulation closed
launch_simulation
Command: launch_simulation 
INFO: [Vivado 12-12493] Simulation top is 'lab_1b_top_level_tb'
boost::filesystem::remove: The process cannot access the file because it is being used by another process: "C:/Users/activ/OneDrive/Document/GitHub/ENEL453/Lab1B/Lab_1b/Lab_1b.sim/sim_1/behav/xsim/simulate.log"
launch_simulation
Command: launch_simulation 
INFO: [Vivado 12-12493] Simulation top is 'lab_1b_top_level_tb'
boost::filesystem::remove: The process cannot access the file because it is being used by another process: "C:/Users/activ/OneDrive/Document/GitHub/ENEL453/Lab1B/Lab_1b/Lab_1b.sim/sim_1/behav/xsim/simulate.log"
open_run impl_1
INFO: [Device 21-403] Loading part xc7a35tcpg236-1
Netlist sorting complete. Time (s): cpu = 00:00:00 ; elapsed = 00:00:00.001 . Memory (MB): peak = 3967.238 ; gain = 0.000
INFO: [Netlist 29-17] Analyzing 5 Unisim elements for replacement
INFO: [Netlist 29-28] Unisim Transformation completed in 0 CPU seconds
INFO: [Project 1-479] Netlist was created with Vivado 2025.1
INFO: [Project 1-570] Preparing netlist for logic optimization
Read ShapeDB Complete: Time (s): cpu = 00:00:00 ; elapsed = 00:00:00.009 . Memory (MB): peak = 3967.238 ; gain = 0.000
INFO: [Timing 38-478] Restoring timing data from binary archive.
INFO: [Timing 38-479] Binary timing data restore complete.
INFO: [Project 1-856] Restoring constraints from binary archive.
INFO: [Project 1-853] Binary constraint restore complete.
INFO: [Designutils 20-5722] Start Reading Physical Databases.
Reading placement.
Read Netlist Cache: Time (s): cpu = 00:00:00 ; elapsed = 00:00:00.002 . Memory (MB): peak = 3967.238 ; gain = 0.000
Reading placer database...
Read Device Cache: Time (s): cpu = 00:00:00 ; elapsed = 00:00:00.008 . Memory (MB): peak = 3967.238 ; gain = 0.000
Read PlaceDB: Time (s): cpu = 00:00:00 ; elapsed = 00:00:00.099 . Memory (MB): peak = 3967.238 ; gain = 0.000
Read PulsedLatchDB: Time (s): cpu = 00:00:00 ; elapsed = 00:00:00 . Memory (MB): peak = 3967.238 ; gain = 0.000
Reading routing.
Read RouteStorage: Time (s): cpu = 00:00:00 ; elapsed = 00:00:00.021 . Memory (MB): peak = 3967.238 ; gain = 0.000
Read Physdb Files: Time (s): cpu = 00:00:00 ; elapsed = 00:00:00.144 . Memory (MB): peak = 3967.238 ; gain = 0.000
Restored from archive | CPU: 0.000000 secs | Memory: 0.000000 MB |
Finished XDEF File Restore: Time (s): cpu = 00:00:00 ; elapsed = 00:00:00.146 . Memory (MB): peak = 3967.238 ; gain = 0.000
Netlist sorting complete. Time (s): cpu = 00:00:00 ; elapsed = 00:00:00 . Memory (MB): peak = 3967.238 ; gain = 0.000
INFO: [Project 1-111] Unisim Transformation Summary:
No Unisim elements were transformed.

open_run: Time (s): cpu = 00:00:38 ; elapsed = 00:00:28 . Memory (MB): peak = 3967.238 ; gain = 0.000
launch_simulation
Command: launch_simulation 
INFO: [Vivado 12-12493] Simulation top is 'lab_1b_top_level_tb'
INFO: [Vivado 12-5682] Launching behavioral simulation in 'C:/Users/activ/OneDrive/Document/GitHub/ENEL453/Lab1B/Lab_1b/Lab_1b.sim/sim_1/behav/xsim'
INFO: [SIM-utils-51] Simulation object is 'sim_1'
INFO: [SIM-utils-72] Using boost library from 'C:/Xilinx/2025.1/Vivado/tps/boost_1_72_0'
INFO: [SIM-utils-54] Inspecting design source files for 'lab_1b_top_level_tb' in fileset 'sim_1'...
INFO: [USF-XSim-97] Finding global include files...
INFO: [USF-XSim-98] Fetching design files from 'sim_1'...
INFO: [USF-XSim-2] XSim::Compile design
INFO: [USF-XSim-61] Executing 'COMPILE and ANALYZE' step in 'C:/Users/activ/OneDrive/Document/GitHub/ENEL453/Lab1B/Lab_1b/Lab_1b.sim/sim_1/behav/xsim'
"xvlog --incr --relax -L uvm -prj lab_1b_top_level_tb_vlog.prj"
INFO: [VRFC 10-2263] Analyzing SystemVerilog file "C:/Users/activ/OneDrive/Document/GitHub/ENEL453/Lab1B/others/digit_multiplexor.sv" into library xil_defaultlib
INFO: [VRFC 10-311] analyzing module digit_multiplexor
INFO: [VRFC 10-2263] Analyzing SystemVerilog file "C:/Users/activ/OneDrive/Document/GitHub/ENEL453/Lab1B/lab_1b_top_level.sv" into library xil_defaultlib
INFO: [VRFC 10-311] analyzing module lab_1b_top_level
INFO: [VRFC 10-2263] Analyzing SystemVerilog file "C:/Users/activ/OneDrive/Document/GitHub/ENEL453/Lab1B/others/seven_segment_decoder_Lab1b.sv" into library xil_defaultlib
INFO: [VRFC 10-311] analyzing module seven_segment_decoder
INFO: [VRFC 10-2263] Analyzing SystemVerilog file "C:/Users/activ/OneDrive/Document/GitHub/ENEL453/Lab1B/others/seven_segment_digit_selector.sv" into library xil_defaultlib
INFO: [VRFC 10-311] analyzing module seven_segment_digit_selector
INFO: [VRFC 10-2263] Analyzing SystemVerilog file "C:/Users/activ/OneDrive/Document/GitHub/ENEL453/Lab1B/others/seven_segment_display_subsystem.sv" into library xil_defaultlib
INFO: [VRFC 10-311] analyzing module seven_segment_display_subsystem
INFO: [VRFC 10-2263] Analyzing SystemVerilog file "C:/Users/activ/OneDrive/Document/GitHub/ENEL453/Lab1B/switch_logic.sv" into library xil_defaultlib
INFO: [VRFC 10-311] analyzing module switch_logic
INFO: [VRFC 10-2263] Analyzing SystemVerilog file "C:/Users/activ/OneDrive/Document/GitHub/ENEL453/Lab1B/lab_1b_top_level_tb.sv" into library xil_defaultlib
INFO: [VRFC 10-311] analyzing module lab_1b_top_level_tb
INFO: [USF-XSim-69] 'compile' step finished in '3' seconds
INFO: [USF-XSim-3] XSim::Elaborate design
INFO: [USF-XSim-61] Executing 'ELABORATE' step in 'C:/Users/activ/OneDrive/Document/GitHub/ENEL453/Lab1B/Lab_1b/Lab_1b.sim/sim_1/behav/xsim'
"xelab --incr --debug typical --relax --mt 2 -L xil_defaultlib -L uvm -L unisims_ver -L unimacro_ver -L secureip --snapshot lab_1b_top_level_tb_behav xil_defaultlib.lab_1b_top_level_tb xil_defaultlib.glbl -log elaborate.log"
Vivado Simulator v2025.1.0
Copyright 1986-2022 Xilinx, Inc. All Rights Reserved.
Copyright 2022-2025 Advanced Micro Devices, Inc. All Rights Reserved.
Running: C:/Xilinx/2025.1/Vivado/bin/unwrapped/win64.o/xelab.exe --incr --debug typical --relax --mt 2 -L xil_defaultlib -L uvm -L unisims_ver -L unimacro_ver -L secureip --snapshot lab_1b_top_level_tb_behav xil_defaultlib.lab_1b_top_level_tb xil_defaultlib.glbl -log elaborate.log 
Using 2 slave threads.
Starting static elaboration
Pass Through NonSizing Optimizer
WARNING: [VRFC 10-5021] port 'switches_inputs' is not connected on this instance [C:/Users/activ/OneDrive/Document/GitHub/ENEL453/Lab1B/lab_1b_top_level.sv:17]
Completed static elaboration
Starting simulation data flow analysis
WARNING: [XSIM 43-4099] "C:/Users/activ/OneDrive/Document/GitHub/ENEL453/Lab1B/lab_1b_top_level.sv" Line 1. Module lab_1b_top_level doesn't have a timescale but at least one module in design has a timescale.
WARNING: [XSIM 43-4099] "C:/Users/activ/OneDrive/Document/GitHub/ENEL453/Lab1B/others/seven_segment_display_subsystem.sv" Line 26. Module seven_segment_display_subsystem doesn't have a timescale but at least one module in design has a timescale.
WARNING: [XSIM 43-4099] "C:/Users/activ/OneDrive/Document/GitHub/ENEL453/Lab1B/others/digit_multiplexor.sv" Line 39. Module digit_multiplexor doesn't have a timescale but at least one module in design has a timescale.
WARNING: [XSIM 43-4099] "C:/Users/activ/OneDrive/Document/GitHub/ENEL453/Lab1B/others/seven_segment_digit_selector.sv" Line 36. Module seven_segment_digit_selector doesn't have a timescale but at least one module in design has a timescale.
WARNING: [XSIM 43-4099] "C:/Users/activ/OneDrive/Document/GitHub/ENEL453/Lab1B/others/seven_segment_decoder_Lab1b.sv" Line 37. Module seven_segment_decoder doesn't have a timescale but at least one module in design has a timescale.
WARNING: [XSIM 43-4099] "C:/Users/activ/OneDrive/Document/GitHub/ENEL453/Lab1B/switch_logic.sv" Line 1. Module switch_logic doesn't have a timescale but at least one module in design has a timescale.
WARNING: [XSIM 43-4099] "C:/Users/activ/OneDrive/Document/GitHub/ENEL453/Lab1B/lab_1b_top_level.sv" Line 1. Module lab_1b_top_level doesn't have a timescale but at least one module in design has a timescale.
WARNING: [XSIM 43-4099] "C:/Users/activ/OneDrive/Document/GitHub/ENEL453/Lab1B/others/seven_segment_display_subsystem.sv" Line 26. Module seven_segment_display_subsystem doesn't have a timescale but at least one module in design has a timescale.
WARNING: [XSIM 43-4099] "C:/Users/activ/OneDrive/Document/GitHub/ENEL453/Lab1B/others/digit_multiplexor.sv" Line 39. Module digit_multiplexor doesn't have a timescale but at least one module in design has a timescale.
WARNING: [XSIM 43-4099] "C:/Users/activ/OneDrive/Document/GitHub/ENEL453/Lab1B/others/seven_segment_digit_selector.sv" Line 36. Module seven_segment_digit_selector doesn't have a timescale but at least one module in design has a timescale.
WARNING: [XSIM 43-4099] "C:/Users/activ/OneDrive/Document/GitHub/ENEL453/Lab1B/others/seven_segment_decoder_Lab1b.sv" Line 37. Module seven_segment_decoder doesn't have a timescale but at least one module in design has a timescale.
WARNING: [XSIM 43-4099] "C:/Users/activ/OneDrive/Document/GitHub/ENEL453/Lab1B/switch_logic.sv" Line 1. Module switch_logic doesn't have a timescale but at least one module in design has a timescale.
Completed simulation data flow analysis
Time Resolution for simulation is 1ps
Compiling module xil_defaultlib.digit_multiplexor
Compiling module xil_defaultlib.seven_segment_digit_selector
Compiling module xil_defaultlib.seven_segment_decoder
Compiling module xil_defaultlib.seven_segment_display_subsystem
Compiling module xil_defaultlib.switch_logic
Compiling module xil_defaultlib.lab_1b_top_level
Compiling module xil_defaultlib.lab_1b_top_level_tb
Compiling module xil_defaultlib.glbl
Built simulation snapshot lab_1b_top_level_tb_behav
run_program: Time (s): cpu = 00:00:01 ; elapsed = 00:00:07 . Memory (MB): peak = 3967.238 ; gain = 0.000
INFO: [USF-XSim-69] 'elaborate' step finished in '8' seconds
INFO: [USF-XSim-4] XSim::Simulate design
INFO: [USF-XSim-61] Executing 'SIMULATE' step in 'C:/Users/activ/OneDrive/Document/GitHub/ENEL453/Lab1B/Lab_1b/Lab_1b.sim/sim_1/behav/xsim'
INFO: [USF-XSim-98] *** Running xsim
   with args "lab_1b_top_level_tb_behav -key {Behavioral:sim_1:Functional:lab_1b_top_level_tb} -tclbatch {lab_1b_top_level_tb.tcl} -log {simulate.log}"
INFO: [USF-XSim-8] Loading simulator feature
Time resolution is 1 ps
source lab_1b_top_level_tb.tcl
# set curr_wave [current_wave_config]
# if { [string length $curr_wave] == 0 } {
#   if { [llength [get_objects]] > 0} {
#     add_wave /
#     set_property needs_save false [current_wave_config]
#   } else {
#      send_msg_id Add_Wave-1 WARNING "No top level signals found. Simulator will start without a wave window. If you want to open a wave window go to 'File->New Waveform Configuration' or type 'create_wave_config' in the TCL console."
#   }
# }
# run 1000ns
Time = 0: switches_inputs = xxxxxxxxxxxxxxxx, led = xxxxxxxxxxxxxxxx
Time = 110000: switches_inputs = 0000000000000000, led = 0000000000000000
Time = 120000: switches_inputs = 1111111111111111, led = 1111111111111111
Time = 130000: switches_inputs = 0101010101010101, led = 0101010101010101
Time = 140000: switches_inputs = 1010101010101010, led = 1010101010101010
Time = 150000: switches_inputs = 1100110011001100, led = 1100110011001100
Time = 160000: switches_inputs = 0011001100110011, led = 0011001100110011
$stop called at time : 220 ns : File "C:/Users/activ/OneDrive/Document/GitHub/ENEL453/Lab1B/lab_1b_top_level_tb.sv" Line 73
INFO: [USF-XSim-96] XSim completed. Design snapshot 'lab_1b_top_level_tb_behav' loaded.
INFO: [USF-XSim-97] XSim simulation ran for 1000ns
launch_simulation: Time (s): cpu = 00:00:10 ; elapsed = 00:00:16 . Memory (MB): peak = 3967.238 ; gain = 0.000
WARNING: [filemgmt 56-199] Attempt to get parsing info during refresh. "On-the-fly" syntax checking information may be incorrect. [C:\Users\activ\OneDrive\Document\GitHub\ENEL453\Lab1B\lab_1b_top_level.sv:]
WARNING: [filemgmt 56-199] Attempt to get parsing info during refresh. "On-the-fly" syntax checking information may be incorrect. [C:\Users\activ\OneDrive\Document\GitHub\ENEL453\Lab1B\lab_1b_top_level_tb.sv:]
WARNING: [filemgmt 56-199] Attempt to get parsing info during refresh. "On-the-fly" syntax checking information may be incorrect. [C:\Users\activ\OneDrive\Document\GitHub\ENEL453\Lab1B\others\digit_multiplexor.sv:]
WARNING: [filemgmt 56-199] Attempt to get parsing info during refresh. "On-the-fly" syntax checking information may be incorrect. [C:\Users\activ\OneDrive\Document\GitHub\ENEL453\Lab1B\others\seven_segment_display_subsystem.sv:]
WARNING: [filemgmt 56-199] Attempt to get parsing info during refresh. "On-the-fly" syntax checking information may be incorrect. [C:\Users\activ\OneDrive\Document\GitHub\ENEL453\Lab1B\others\seven_segment_digit_selector.sv:]
WARNING: [filemgmt 56-199] Attempt to get parsing info during refresh. "On-the-fly" syntax checking information may be incorrect. [C:\Users\activ\OneDrive\Document\GitHub\ENEL453\Lab1B\others\seven_segment_decoder_Lab1b.sv:]
WARNING: [filemgmt 56-199] Attempt to get parsing info during refresh. "On-the-fly" syntax checking information may be incorrect. [C:\Users\activ\OneDrive\Document\GitHub\ENEL453\Lab1B\lab_1b_top_level.sv:]
WARNING: [filemgmt 56-199] Attempt to get parsing info during refresh. "On-the-fly" syntax checking information may be incorrect. [C:\Users\activ\OneDrive\Document\GitHub\ENEL453\Lab1B\lab_1b_top_level.sv:]
WARNING: [filemgmt 56-199] Attempt to get parsing info during refresh. "On-the-fly" syntax checking information may be incorrect. [C:\Users\activ\OneDrive\Document\GitHub\ENEL453\Lab1B\lab_1b_top_level.sv:]
WARNING: [filemgmt 56-199] Attempt to get parsing info during refresh. "On-the-fly" syntax checking information may be incorrect. [C:\Users\activ\OneDrive\Document\GitHub\ENEL453\Lab1B\lab_1b_top_level_tb.sv:]
WARNING: [filemgmt 56-199] Attempt to get parsing info during refresh. "On-the-fly" syntax checking information may be incorrect. [C:\Users\activ\OneDrive\Document\GitHub\ENEL453\Lab1B\others\digit_multiplexor.sv:]
WARNING: [filemgmt 56-199] Attempt to get parsing info during refresh. "On-the-fly" syntax checking information may be incorrect. [C:\Users\activ\OneDrive\Document\GitHub\ENEL453\Lab1B\others\seven_segment_display_subsystem.sv:]
WARNING: [filemgmt 56-199] Attempt to get parsing info during refresh. "On-the-fly" syntax checking information may be incorrect. [C:\Users\activ\OneDrive\Document\GitHub\ENEL453\Lab1B\others\seven_segment_digit_selector.sv:]
WARNING: [filemgmt 56-199] Attempt to get parsing info during refresh. "On-the-fly" syntax checking information may be incorrect. [C:\Users\activ\OneDrive\Document\GitHub\ENEL453\Lab1B\others\seven_segment_decoder_Lab1b.sv:]
WARNING: [filemgmt 56-199] Attempt to get parsing info during refresh. "On-the-fly" syntax checking information may be incorrect. [C:\Users\activ\OneDrive\Document\GitHub\ENEL453\Lab1B\others\seven_segment_digit_selector.sv:]
WARNING: [filemgmt 56-199] Attempt to get parsing info during refresh. "On-the-fly" syntax checking information may be incorrect. [C:\Users\activ\OneDrive\Document\GitHub\ENEL453\Lab1B\others\seven_segment_digit_selector.sv:]
WARNING: [filemgmt 56-199] Attempt to get parsing info during refresh. "On-the-fly" syntax checking information may be incorrect. [C:\Users\activ\OneDrive\Document\GitHub\ENEL453\Lab1B\lab_1b_top_level.sv:]
WARNING: [filemgmt 56-199] Attempt to get parsing info during refresh. "On-the-fly" syntax checking information may be incorrect. [C:\Users\activ\OneDrive\Document\GitHub\ENEL453\Lab1B\lab_1b_top_level_tb.sv:]
WARNING: [filemgmt 56-199] Attempt to get parsing info during refresh. "On-the-fly" syntax checking information may be incorrect. [C:\Users\activ\OneDrive\Document\GitHub\ENEL453\Lab1B\others\digit_multiplexor.sv:]
WARNING: [filemgmt 56-199] Attempt to get parsing info during refresh. "On-the-fly" syntax checking information may be incorrect. [C:\Users\activ\OneDrive\Document\GitHub\ENEL453\Lab1B\others\seven_segment_display_subsystem.sv:]
WARNING: [filemgmt 56-199] Attempt to get parsing info during refresh. "On-the-fly" syntax checking information may be incorrect. [C:\Users\activ\OneDrive\Document\GitHub\ENEL453\Lab1B\others\seven_segment_digit_selector.sv:]
WARNING: [filemgmt 56-199] Attempt to get parsing info during refresh. "On-the-fly" syntax checking information may be incorrect. [C:\Users\activ\OneDrive\Document\GitHub\ENEL453\Lab1B\others\seven_segment_decoder_Lab1b.sv:]
WARNING: [filemgmt 56-199] Attempt to get parsing info during refresh. "On-the-fly" syntax checking information may be incorrect. [C:\Users\activ\OneDrive\Document\GitHub\ENEL453\Lab1B\others\seven_segment_decoder_Lab1b.sv:]
WARNING: [filemgmt 56-199] Attempt to get parsing info during refresh. "On-the-fly" syntax checking information may be incorrect. [C:\Users\activ\OneDrive\Document\GitHub\ENEL453\Lab1B\others\seven_segment_decoder_Lab1b.sv:]
WARNING: [filemgmt 56-199] Attempt to get parsing info during refresh. "On-the-fly" syntax checking information may be incorrect. [C:\Users\activ\OneDrive\Document\GitHub\ENEL453\Lab1B\lab_1b_top_level.sv:]
WARNING: [filemgmt 56-199] Attempt to get parsing info during refresh. "On-the-fly" syntax checking information may be incorrect. [C:\Users\activ\OneDrive\Document\GitHub\ENEL453\Lab1B\lab_1b_top_level_tb.sv:]
WARNING: [filemgmt 56-199] Attempt to get parsing info during refresh. "On-the-fly" syntax checking information may be incorrect. [C:\Users\activ\OneDrive\Document\GitHub\ENEL453\Lab1B\others\digit_multiplexor.sv:]
WARNING: [filemgmt 56-199] Attempt to get parsing info during refresh. "On-the-fly" syntax checking information may be incorrect. [C:\Users\activ\OneDrive\Document\GitHub\ENEL453\Lab1B\others\seven_segment_display_subsystem.sv:]
WARNING: [filemgmt 56-199] Attempt to get parsing info during refresh. "On-the-fly" syntax checking information may be incorrect. [C:\Users\activ\OneDrive\Document\GitHub\ENEL453\Lab1B\others\seven_segment_digit_selector.sv:]
WARNING: [filemgmt 56-199] Attempt to get parsing info during refresh. "On-the-fly" syntax checking information may be incorrect. [C:\Users\activ\OneDrive\Document\GitHub\ENEL453\Lab1B\others\seven_segment_decoder_Lab1b.sv:]
WARNING: [filemgmt 56-199] Attempt to get parsing info during refresh. "On-the-fly" syntax checking information may be incorrect. [C:\Users\activ\OneDrive\Document\GitHub\ENEL453\Lab1B\others\seven_segment_display_subsystem.sv:]
WARNING: [filemgmt 56-199] Attempt to get parsing info during refresh. "On-the-fly" syntax checking information may be incorrect. [C:\Users\activ\OneDrive\Document\GitHub\ENEL453\Lab1B\others\seven_segment_display_subsystem.sv:]
close_sim
INFO: [Simtcl 6-16] Simulation closed
launch_simulation
Command: launch_simulation 
INFO: [Vivado 12-12493] Simulation top is 'lab_1b_top_level_tb'
INFO: [Vivado 12-5682] Launching behavioral simulation in 'C:/Users/activ/OneDrive/Document/GitHub/ENEL453/Lab1B/Lab_1b/Lab_1b.sim/sim_1/behav/xsim'
INFO: [SIM-utils-51] Simulation object is 'sim_1'
INFO: [SIM-utils-72] Using boost library from 'C:/Xilinx/2025.1/Vivado/tps/boost_1_72_0'
INFO: [SIM-utils-54] Inspecting design source files for 'lab_1b_top_level_tb' in fileset 'sim_1'...
INFO: [USF-XSim-97] Finding global include files...
INFO: [USF-XSim-98] Fetching design files from 'sim_1'...
INFO: [USF-XSim-2] XSim::Compile design
INFO: [USF-XSim-61] Executing 'COMPILE and ANALYZE' step in 'C:/Users/activ/OneDrive/Document/GitHub/ENEL453/Lab1B/Lab_1b/Lab_1b.sim/sim_1/behav/xsim'
"xvlog --incr --relax -L uvm -prj lab_1b_top_level_tb_vlog.prj"
INFO: [VRFC 10-2263] Analyzing SystemVerilog file "C:/Users/activ/OneDrive/Document/GitHub/ENEL453/Lab1B/others/digit_multiplexor.sv" into library xil_defaultlib
INFO: [VRFC 10-311] analyzing module digit_multiplexor
INFO: [VRFC 10-2263] Analyzing SystemVerilog file "C:/Users/activ/OneDrive/Document/GitHub/ENEL453/Lab1B/lab_1b_top_level.sv" into library xil_defaultlib
INFO: [VRFC 10-311] analyzing module lab_1b_top_level
INFO: [VRFC 10-2263] Analyzing SystemVerilog file "C:/Users/activ/OneDrive/Document/GitHub/ENEL453/Lab1B/others/seven_segment_decoder_Lab1b.sv" into library xil_defaultlib
INFO: [VRFC 10-311] analyzing module seven_segment_decoder
INFO: [VRFC 10-2263] Analyzing SystemVerilog file "C:/Users/activ/OneDrive/Document/GitHub/ENEL453/Lab1B/others/seven_segment_digit_selector.sv" into library xil_defaultlib
INFO: [VRFC 10-311] analyzing module seven_segment_digit_selector
INFO: [VRFC 10-2263] Analyzing SystemVerilog file "C:/Users/activ/OneDrive/Document/GitHub/ENEL453/Lab1B/others/seven_segment_display_subsystem.sv" into library xil_defaultlib
INFO: [VRFC 10-311] analyzing module seven_segment_display_subsystem
INFO: [VRFC 10-2263] Analyzing SystemVerilog file "C:/Users/activ/OneDrive/Document/GitHub/ENEL453/Lab1B/switch_logic.sv" into library xil_defaultlib
INFO: [VRFC 10-311] analyzing module switch_logic
INFO: [VRFC 10-2263] Analyzing SystemVerilog file "C:/Users/activ/OneDrive/Document/GitHub/ENEL453/Lab1B/lab_1b_top_level_tb.sv" into library xil_defaultlib
INFO: [VRFC 10-311] analyzing module lab_1b_top_level_tb
ERROR: [VRFC 10-2989] 'RESET_DURATION' is not declared [C:/Users/activ/OneDrive/Document/GitHub/ENEL453/Lab1B/lab_1b_top_level_tb.sv:45]
ERROR: [VRFC 10-2989] 'RESET_DURATION' is not declared [C:/Users/activ/OneDrive/Document/GitHub/ENEL453/Lab1B/lab_1b_top_level_tb.sv:49]
ERROR: [VRFC 10-8530] module 'lab_1b_top_level_tb' is ignored due to previous errors [C:/Users/activ/OneDrive/Document/GitHub/ENEL453/Lab1B/lab_1b_top_level_tb.sv:3]
INFO: [USF-XSim-69] 'compile' step finished in '2' seconds
INFO: [USF-XSim-99] Step results log file:'C:/Users/activ/OneDrive/Document/GitHub/ENEL453/Lab1B/Lab_1b/Lab_1b.sim/sim_1/behav/xsim/xvlog.log'
ERROR: [USF-XSim-62] 'compile' step failed with error(s). Please check the Tcl console output or 'C:/Users/activ/OneDrive/Document/GitHub/ENEL453/Lab1B/Lab_1b/Lab_1b.sim/sim_1/behav/xsim/xvlog.log' file for more information.
ERROR: [Vivado 12-4473] Detected error while running simulation. Please correct the issue and retry this operation.
ERROR: [Common 17-39] 'launch_simulation' failed due to earlier errors.
WARNING: [filemgmt 56-199] Attempt to get parsing info during refresh. "On-the-fly" syntax checking information may be incorrect. [C:\Users\activ\OneDrive\Document\GitHub\ENEL453\Lab1B\lab_1b_top_level.sv:]
WARNING: [filemgmt 56-199] Attempt to get parsing info during refresh. "On-the-fly" syntax checking information may be incorrect. [C:\Users\activ\OneDrive\Document\GitHub\ENEL453\Lab1B\lab_1b_top_level_tb.sv:]
WARNING: [filemgmt 56-199] Attempt to get parsing info during refresh. "On-the-fly" syntax checking information may be incorrect. [C:\Users\activ\OneDrive\Document\GitHub\ENEL453\Lab1B\others\digit_multiplexor.sv:]
WARNING: [filemgmt 56-199] Attempt to get parsing info during refresh. "On-the-fly" syntax checking information may be incorrect. [C:\Users\activ\OneDrive\Document\GitHub\ENEL453\Lab1B\others\seven_segment_display_subsystem.sv:]
WARNING: [filemgmt 56-199] Attempt to get parsing info during refresh. "On-the-fly" syntax checking information may be incorrect. [C:\Users\activ\OneDrive\Document\GitHub\ENEL453\Lab1B\others\seven_segment_digit_selector.sv:]
WARNING: [filemgmt 56-199] Attempt to get parsing info during refresh. "On-the-fly" syntax checking information may be incorrect. [C:\Users\activ\OneDrive\Document\GitHub\ENEL453\Lab1B\others\seven_segment_decoder_Lab1b.sv:]
WARNING: [filemgmt 56-199] Attempt to get parsing info during refresh. "On-the-fly" syntax checking information may be incorrect. [C:\Users\activ\OneDrive\Document\GitHub\ENEL453\Lab1B\lab_1b_top_level.sv:]
WARNING: [filemgmt 56-199] Attempt to get parsing info during refresh. "On-the-fly" syntax checking information may be incorrect. [C:\Users\activ\OneDrive\Document\GitHub\ENEL453\Lab1B\lab_1b_top_level.sv:]
WARNING: [filemgmt 56-199] Attempt to get parsing info during refresh. "On-the-fly" syntax checking information may be incorrect. [C:\Users\activ\OneDrive\Document\GitHub\ENEL453\Lab1B\lab_1b_top_level.sv:]
WARNING: [filemgmt 56-199] Attempt to get parsing info during refresh. "On-the-fly" syntax checking information may be incorrect. [C:\Users\activ\OneDrive\Document\GitHub\ENEL453\Lab1B\lab_1b_top_level_tb.sv:]
WARNING: [filemgmt 56-199] Attempt to get parsing info during refresh. "On-the-fly" syntax checking information may be incorrect. [C:\Users\activ\OneDrive\Document\GitHub\ENEL453\Lab1B\others\digit_multiplexor.sv:]
WARNING: [filemgmt 56-199] Attempt to get parsing info during refresh. "On-the-fly" syntax checking information may be incorrect. [C:\Users\activ\OneDrive\Document\GitHub\ENEL453\Lab1B\others\seven_segment_display_subsystem.sv:]
WARNING: [filemgmt 56-199] Attempt to get parsing info during refresh. "On-the-fly" syntax checking information may be incorrect. [C:\Users\activ\OneDrive\Document\GitHub\ENEL453\Lab1B\others\seven_segment_digit_selector.sv:]
WARNING: [filemgmt 56-199] Attempt to get parsing info during refresh. "On-the-fly" syntax checking information may be incorrect. [C:\Users\activ\OneDrive\Document\GitHub\ENEL453\Lab1B\others\seven_segment_decoder_Lab1b.sv:]
WARNING: [filemgmt 56-199] Attempt to get parsing info during refresh. "On-the-fly" syntax checking information may be incorrect. [C:\Users\activ\OneDrive\Document\GitHub\ENEL453\Lab1B\lab_1b_top_level_tb.sv:]
WARNING: [filemgmt 56-199] Attempt to get parsing info during refresh. "On-the-fly" syntax checking information may be incorrect. [C:\Users\activ\OneDrive\Document\GitHub\ENEL453\Lab1B\lab_1b_top_level_tb.sv:]
WARNING: [filemgmt 56-199] Attempt to get parsing info during refresh. "On-the-fly" syntax checking information may be incorrect. [C:\Users\activ\OneDrive\Document\GitHub\ENEL453\Lab1B\lab_1b_top_level.sv:]
WARNING: [filemgmt 56-199] Attempt to get parsing info during refresh. "On-the-fly" syntax checking information may be incorrect. [C:\Users\activ\OneDrive\Document\GitHub\ENEL453\Lab1B\lab_1b_top_level_tb.sv:]
WARNING: [filemgmt 56-199] Attempt to get parsing info during refresh. "On-the-fly" syntax checking information may be incorrect. [C:\Users\activ\OneDrive\Document\GitHub\ENEL453\Lab1B\others\digit_multiplexor.sv:]
WARNING: [filemgmt 56-199] Attempt to get parsing info during refresh. "On-the-fly" syntax checking information may be incorrect. [C:\Users\activ\OneDrive\Document\GitHub\ENEL453\Lab1B\others\seven_segment_display_subsystem.sv:]
WARNING: [filemgmt 56-199] Attempt to get parsing info during refresh. "On-the-fly" syntax checking information may be incorrect. [C:\Users\activ\OneDrive\Document\GitHub\ENEL453\Lab1B\others\seven_segment_digit_selector.sv:]
WARNING: [filemgmt 56-199] Attempt to get parsing info during refresh. "On-the-fly" syntax checking information may be incorrect. [C:\Users\activ\OneDrive\Document\GitHub\ENEL453\Lab1B\others\seven_segment_decoder_Lab1b.sv:]
WARNING: [filemgmt 56-199] Attempt to get parsing info during refresh. "On-the-fly" syntax checking information may be incorrect. [C:\Users\activ\OneDrive\Document\GitHub\ENEL453\Lab1B\others\seven_segment_decoder_Lab1b.sv:]
WARNING: [filemgmt 56-199] Attempt to get parsing info during refresh. "On-the-fly" syntax checking information may be incorrect. [C:\Users\activ\OneDrive\Document\GitHub\ENEL453\Lab1B\others\seven_segment_decoder_Lab1b.sv:]
WARNING: [filemgmt 56-199] Attempt to get parsing info during refresh. "On-the-fly" syntax checking information may be incorrect. [C:\Users\activ\OneDrive\Document\GitHub\ENEL453\Lab1B\lab_1b_top_level.sv:]
WARNING: [filemgmt 56-199] Attempt to get parsing info during refresh. "On-the-fly" syntax checking information may be incorrect. [C:\Users\activ\OneDrive\Document\GitHub\ENEL453\Lab1B\lab_1b_top_level_tb.sv:]
WARNING: [filemgmt 56-199] Attempt to get parsing info during refresh. "On-the-fly" syntax checking information may be incorrect. [C:\Users\activ\OneDrive\Document\GitHub\ENEL453\Lab1B\others\digit_multiplexor.sv:]
WARNING: [filemgmt 56-199] Attempt to get parsing info during refresh. "On-the-fly" syntax checking information may be incorrect. [C:\Users\activ\OneDrive\Document\GitHub\ENEL453\Lab1B\others\seven_segment_display_subsystem.sv:]
WARNING: [filemgmt 56-199] Attempt to get parsing info during refresh. "On-the-fly" syntax checking information may be incorrect. [C:\Users\activ\OneDrive\Document\GitHub\ENEL453\Lab1B\others\seven_segment_digit_selector.sv:]
WARNING: [filemgmt 56-199] Attempt to get parsing info during refresh. "On-the-fly" syntax checking information may be incorrect. [C:\Users\activ\OneDrive\Document\GitHub\ENEL453\Lab1B\others\seven_segment_decoder_Lab1b.sv:]
WARNING: [filemgmt 56-199] Attempt to get parsing info during refresh. "On-the-fly" syntax checking information may be incorrect. [C:\Users\activ\OneDrive\Document\GitHub\ENEL453\Lab1B\others\seven_segment_display_subsystem.sv:]
WARNING: [filemgmt 56-199] Attempt to get parsing info during refresh. "On-the-fly" syntax checking information may be incorrect. [C:\Users\activ\OneDrive\Document\GitHub\ENEL453\Lab1B\others\seven_segment_display_subsystem.sv:]
WARNING: [filemgmt 56-199] Attempt to get parsing info during refresh. "On-the-fly" syntax checking information may be incorrect. [C:\Users\activ\OneDrive\Document\GitHub\ENEL453\Lab1B\lab_1b_top_level.sv:]
WARNING: [filemgmt 56-199] Attempt to get parsing info during refresh. "On-the-fly" syntax checking information may be incorrect. [C:\Users\activ\OneDrive\Document\GitHub\ENEL453\Lab1B\lab_1b_top_level_tb.sv:]
WARNING: [filemgmt 56-199] Attempt to get parsing info during refresh. "On-the-fly" syntax checking information may be incorrect. [C:\Users\activ\OneDrive\Document\GitHub\ENEL453\Lab1B\others\digit_multiplexor.sv:]
WARNING: [filemgmt 56-199] Attempt to get parsing info during refresh. "On-the-fly" syntax checking information may be incorrect. [C:\Users\activ\OneDrive\Document\GitHub\ENEL453\Lab1B\others\seven_segment_display_subsystem.sv:]
WARNING: [filemgmt 56-199] Attempt to get parsing info during refresh. "On-the-fly" syntax checking information may be incorrect. [C:\Users\activ\OneDrive\Document\GitHub\ENEL453\Lab1B\others\seven_segment_digit_selector.sv:]
WARNING: [filemgmt 56-199] Attempt to get parsing info during refresh. "On-the-fly" syntax checking information may be incorrect. [C:\Users\activ\OneDrive\Document\GitHub\ENEL453\Lab1B\others\seven_segment_decoder_Lab1b.sv:]
WARNING: [filemgmt 56-199] Attempt to get parsing info during refresh. "On-the-fly" syntax checking information may be incorrect. [C:\Users\activ\OneDrive\Document\GitHub\ENEL453\Lab1B\others\seven_segment_digit_selector.sv:]
WARNING: [filemgmt 56-199] Attempt to get parsing info during refresh. "On-the-fly" syntax checking information may be incorrect. [C:\Users\activ\OneDrive\Document\GitHub\ENEL453\Lab1B\others\seven_segment_digit_selector.sv:]
ERROR: [Common 17-180] Spawn failed: The operation completed successfully.

launch_simulation
Command: launch_simulation 
INFO: [Vivado 12-12493] Simulation top is 'lab_1b_top_level_tb'
INFO: [Vivado 12-5682] Launching behavioral simulation in 'C:/Users/activ/OneDrive/Document/GitHub/ENEL453/Lab1B/Lab_1b/Lab_1b.sim/sim_1/behav/xsim'
INFO: [SIM-utils-51] Simulation object is 'sim_1'
INFO: [SIM-utils-72] Using boost library from 'C:/Xilinx/2025.1/Vivado/tps/boost_1_72_0'
INFO: [SIM-utils-54] Inspecting design source files for 'lab_1b_top_level_tb' in fileset 'sim_1'...
INFO: [USF-XSim-97] Finding global include files...
INFO: [USF-XSim-98] Fetching design files from 'sim_1'...
INFO: [USF-XSim-2] XSim::Compile design
INFO: [USF-XSim-61] Executing 'COMPILE and ANALYZE' step in 'C:/Users/activ/OneDrive/Document/GitHub/ENEL453/Lab1B/Lab_1b/Lab_1b.sim/sim_1/behav/xsim'
"xvlog --incr --relax -L uvm -prj lab_1b_top_level_tb_vlog.prj"
INFO: [VRFC 10-2263] Analyzing SystemVerilog file "C:/Users/activ/OneDrive/Document/GitHub/ENEL453/Lab1B/others/digit_multiplexor.sv" into library xil_defaultlib
INFO: [VRFC 10-311] analyzing module digit_multiplexor
INFO: [VRFC 10-2263] Analyzing SystemVerilog file "C:/Users/activ/OneDrive/Document/GitHub/ENEL453/Lab1B/lab_1b_top_level.sv" into library xil_defaultlib
INFO: [VRFC 10-311] analyzing module lab_1b_top_level
INFO: [VRFC 10-2263] Analyzing SystemVerilog file "C:/Users/activ/OneDrive/Document/GitHub/ENEL453/Lab1B/others/seven_segment_decoder_Lab1b.sv" into library xil_defaultlib
INFO: [VRFC 10-311] analyzing module seven_segment_decoder
INFO: [VRFC 10-2263] Analyzing SystemVerilog file "C:/Users/activ/OneDrive/Document/GitHub/ENEL453/Lab1B/others/seven_segment_digit_selector.sv" into library xil_defaultlib
INFO: [VRFC 10-311] analyzing module seven_segment_digit_selector
INFO: [VRFC 10-2263] Analyzing SystemVerilog file "C:/Users/activ/OneDrive/Document/GitHub/ENEL453/Lab1B/others/seven_segment_display_subsystem.sv" into library xil_defaultlib
INFO: [VRFC 10-311] analyzing module seven_segment_display_subsystem
INFO: [VRFC 10-2263] Analyzing SystemVerilog file "C:/Users/activ/OneDrive/Document/GitHub/ENEL453/Lab1B/switch_logic.sv" into library xil_defaultlib
INFO: [VRFC 10-311] analyzing module switch_logic
INFO: [VRFC 10-2263] Analyzing SystemVerilog file "C:/Users/activ/OneDrive/Document/GitHub/ENEL453/Lab1B/lab_1b_top_level_tb.sv" into library xil_defaultlib
INFO: [VRFC 10-311] analyzing module lab_1b_top_level_tb
INFO: [USF-XSim-69] 'compile' step finished in '2' seconds
INFO: [USF-XSim-3] XSim::Elaborate design
INFO: [USF-XSim-61] Executing 'ELABORATE' step in 'C:/Users/activ/OneDrive/Document/GitHub/ENEL453/Lab1B/Lab_1b/Lab_1b.sim/sim_1/behav/xsim'
"xelab --incr --debug typical --relax --mt 2 -L xil_defaultlib -L uvm -L unisims_ver -L unimacro_ver -L secureip --snapshot lab_1b_top_level_tb_behav xil_defaultlib.lab_1b_top_level_tb xil_defaultlib.glbl -log elaborate.log"
Vivado Simulator v2025.1.0
Copyright 1986-2022 Xilinx, Inc. All Rights Reserved.
Copyright 2022-2025 Advanced Micro Devices, Inc. All Rights Reserved.
Running: C:/Xilinx/2025.1/Vivado/bin/unwrapped/win64.o/xelab.exe --incr --debug typical --relax --mt 2 -L xil_defaultlib -L uvm -L unisims_ver -L unimacro_ver -L secureip --snapshot lab_1b_top_level_tb_behav xil_defaultlib.lab_1b_top_level_tb xil_defaultlib.glbl -log elaborate.log 
Using 2 slave threads.
Starting static elaboration
Pass Through NonSizing Optimizer
WARNING: [VRFC 10-5021] port 'switches_inputs' is not connected on this instance [C:/Users/activ/OneDrive/Document/GitHub/ENEL453/Lab1B/lab_1b_top_level.sv:17]
Completed static elaboration
Starting simulation data flow analysis
WARNING: [XSIM 43-4099] "C:/Users/activ/OneDrive/Document/GitHub/ENEL453/Lab1B/lab_1b_top_level.sv" Line 1. Module lab_1b_top_level doesn't have a timescale but at least one module in design has a timescale.
WARNING: [XSIM 43-4099] "C:/Users/activ/OneDrive/Document/GitHub/ENEL453/Lab1B/others/seven_segment_display_subsystem.sv" Line 26. Module seven_segment_display_subsystem doesn't have a timescale but at least one module in design has a timescale.
WARNING: [XSIM 43-4099] "C:/Users/activ/OneDrive/Document/GitHub/ENEL453/Lab1B/others/digit_multiplexor.sv" Line 39. Module digit_multiplexor doesn't have a timescale but at least one module in design has a timescale.
WARNING: [XSIM 43-4099] "C:/Users/activ/OneDrive/Document/GitHub/ENEL453/Lab1B/others/seven_segment_digit_selector.sv" Line 36. Module seven_segment_digit_selector doesn't have a timescale but at least one module in design has a timescale.
WARNING: [XSIM 43-4099] "C:/Users/activ/OneDrive/Document/GitHub/ENEL453/Lab1B/others/seven_segment_decoder_Lab1b.sv" Line 37. Module seven_segment_decoder doesn't have a timescale but at least one module in design has a timescale.
WARNING: [XSIM 43-4099] "C:/Users/activ/OneDrive/Document/GitHub/ENEL453/Lab1B/switch_logic.sv" Line 1. Module switch_logic doesn't have a timescale but at least one module in design has a timescale.
WARNING: [XSIM 43-4099] "C:/Users/activ/OneDrive/Document/GitHub/ENEL453/Lab1B/lab_1b_top_level.sv" Line 1. Module lab_1b_top_level doesn't have a timescale but at least one module in design has a timescale.
WARNING: [XSIM 43-4099] "C:/Users/activ/OneDrive/Document/GitHub/ENEL453/Lab1B/others/seven_segment_display_subsystem.sv" Line 26. Module seven_segment_display_subsystem doesn't have a timescale but at least one module in design has a timescale.
WARNING: [XSIM 43-4099] "C:/Users/activ/OneDrive/Document/GitHub/ENEL453/Lab1B/others/digit_multiplexor.sv" Line 39. Module digit_multiplexor doesn't have a timescale but at least one module in design has a timescale.
WARNING: [XSIM 43-4099] "C:/Users/activ/OneDrive/Document/GitHub/ENEL453/Lab1B/others/seven_segment_digit_selector.sv" Line 36. Module seven_segment_digit_selector doesn't have a timescale but at least one module in design has a timescale.
WARNING: [XSIM 43-4099] "C:/Users/activ/OneDrive/Document/GitHub/ENEL453/Lab1B/others/seven_segment_decoder_Lab1b.sv" Line 37. Module seven_segment_decoder doesn't have a timescale but at least one module in design has a timescale.
WARNING: [XSIM 43-4099] "C:/Users/activ/OneDrive/Document/GitHub/ENEL453/Lab1B/switch_logic.sv" Line 1. Module switch_logic doesn't have a timescale but at least one module in design has a timescale.
Completed simulation data flow analysis
Time Resolution for simulation is 1ps
Compiling module xil_defaultlib.digit_multiplexor
Compiling module xil_defaultlib.seven_segment_digit_selector
Compiling module xil_defaultlib.seven_segment_decoder
Compiling module xil_defaultlib.seven_segment_display_subsystem
Compiling module xil_defaultlib.switch_logic
Compiling module xil_defaultlib.lab_1b_top_level
Compiling module xil_defaultlib.lab_1b_top_level_tb
Compiling module xil_defaultlib.glbl
Built simulation snapshot lab_1b_top_level_tb_behav
INFO: [USF-XSim-69] 'elaborate' step finished in '5' seconds
INFO: [USF-XSim-4] XSim::Simulate design
INFO: [USF-XSim-61] Executing 'SIMULATE' step in 'C:/Users/activ/OneDrive/Document/GitHub/ENEL453/Lab1B/Lab_1b/Lab_1b.sim/sim_1/behav/xsim'
INFO: [USF-XSim-98] *** Running xsim
   with args "lab_1b_top_level_tb_behav -key {Behavioral:sim_1:Functional:lab_1b_top_level_tb} -tclbatch {lab_1b_top_level_tb.tcl} -log {simulate.log}"
INFO: [USF-XSim-8] Loading simulator feature
Time resolution is 1 ps
source lab_1b_top_level_tb.tcl
# set curr_wave [current_wave_config]
# if { [string length $curr_wave] == 0 } {
#   if { [llength [get_objects]] > 0} {
#     add_wave /
#     set_property needs_save false [current_wave_config]
#   } else {
#      send_msg_id Add_Wave-1 WARNING "No top level signals found. Simulator will start without a wave window. If you want to open a wave window go to 'File->New Waveform Configuration' or type 'create_wave_config' in the TCL console."
#   }
# }
# run 1000ns
Time = 0: switches_inputs = xxxxxxxxxxxxxxxx, led = xxxxxxxxxxxxxxxx
Time = 110000: switches_inputs = 0000000000000000, led = 0000000000000000
Time = 120000: switches_inputs = 1111111111111111, led = 1111111111111111
Time = 130000: switches_inputs = 0101010101010101, led = 0101010101010101
Time = 140000: switches_inputs = 1010101010101010, led = 1010101010101010
Time = 150000: switches_inputs = 1100110011001100, led = 1100110011001100
Time = 160000: switches_inputs = 0011001100110011, led = 0011001100110011
$stop called at time : 220 ns : File "C:/Users/activ/OneDrive/Document/GitHub/ENEL453/Lab1B/lab_1b_top_level_tb.sv" Line 73
INFO: [USF-XSim-96] XSim completed. Design snapshot 'lab_1b_top_level_tb_behav' loaded.
INFO: [USF-XSim-97] XSim simulation ran for 1000ns
launch_simulation: Time (s): cpu = 00:00:06 ; elapsed = 00:00:11 . Memory (MB): peak = 3967.238 ; gain = 0.000
WARNING: [filemgmt 56-199] Attempt to get parsing info during refresh. "On-the-fly" syntax checking information may be incorrect. [C:\Users\activ\OneDrive\Document\GitHub\ENEL453\Lab1B\lab_1b_top_level.sv:]
WARNING: [filemgmt 56-199] Attempt to get parsing info during refresh. "On-the-fly" syntax checking information may be incorrect. [C:\Users\activ\OneDrive\Document\GitHub\ENEL453\Lab1B\lab_1b_top_level_tb.sv:]
WARNING: [filemgmt 56-199] Attempt to get parsing info during refresh. "On-the-fly" syntax checking information may be incorrect. [C:\Users\activ\OneDrive\Document\GitHub\ENEL453\Lab1B\others\digit_multiplexor.sv:]
WARNING: [filemgmt 56-199] Attempt to get parsing info during refresh. "On-the-fly" syntax checking information may be incorrect. [C:\Users\activ\OneDrive\Document\GitHub\ENEL453\Lab1B\others\seven_segment_display_subsystem.sv:]
WARNING: [filemgmt 56-199] Attempt to get parsing info during refresh. "On-the-fly" syntax checking information may be incorrect. [C:\Users\activ\OneDrive\Document\GitHub\ENEL453\Lab1B\others\seven_segment_digit_selector.sv:]
WARNING: [filemgmt 56-199] Attempt to get parsing info during refresh. "On-the-fly" syntax checking information may be incorrect. [C:\Users\activ\OneDrive\Document\GitHub\ENEL453\Lab1B\others\seven_segment_decoder_Lab1b.sv:]
WARNING: [filemgmt 56-199] Attempt to get parsing info during refresh. "On-the-fly" syntax checking information may be incorrect. [C:\Users\activ\OneDrive\Document\GitHub\ENEL453\Lab1B\others\seven_segment_display_subsystem.sv:]
WARNING: [filemgmt 56-199] Attempt to get parsing info during refresh. "On-the-fly" syntax checking information may be incorrect. [C:\Users\activ\OneDrive\Document\GitHub\ENEL453\Lab1B\others\seven_segment_display_subsystem.sv:]
WARNING: [filemgmt 56-199] Attempt to get parsing info during refresh. "On-the-fly" syntax checking information may be incorrect. [C:\Users\activ\OneDrive\Document\GitHub\ENEL453\Lab1B\lab_1b_top_level.sv:]
WARNING: [filemgmt 56-199] Attempt to get parsing info during refresh. "On-the-fly" syntax checking information may be incorrect. [C:\Users\activ\OneDrive\Document\GitHub\ENEL453\Lab1B\lab_1b_top_level_tb.sv:]
WARNING: [filemgmt 56-199] Attempt to get parsing info during refresh. "On-the-fly" syntax checking information may be incorrect. [C:\Users\activ\OneDrive\Document\GitHub\ENEL453\Lab1B\others\digit_multiplexor.sv:]
WARNING: [filemgmt 56-199] Attempt to get parsing info during refresh. "On-the-fly" syntax checking information may be incorrect. [C:\Users\activ\OneDrive\Document\GitHub\ENEL453\Lab1B\others\seven_segment_display_subsystem.sv:]
WARNING: [filemgmt 56-199] Attempt to get parsing info during refresh. "On-the-fly" syntax checking information may be incorrect. [C:\Users\activ\OneDrive\Document\GitHub\ENEL453\Lab1B\others\seven_segment_digit_selector.sv:]
WARNING: [filemgmt 56-199] Attempt to get parsing info during refresh. "On-the-fly" syntax checking information may be incorrect. [C:\Users\activ\OneDrive\Document\GitHub\ENEL453\Lab1B\others\seven_segment_decoder_Lab1b.sv:]
WARNING: [filemgmt 56-199] Attempt to get parsing info during refresh. "On-the-fly" syntax checking information may be incorrect. [C:\Users\activ\OneDrive\Document\GitHub\ENEL453\Lab1B\others\seven_segment_decoder_Lab1b.sv:]
WARNING: [filemgmt 56-199] Attempt to get parsing info during refresh. "On-the-fly" syntax checking information may be incorrect. [C:\Users\activ\OneDrive\Document\GitHub\ENEL453\Lab1B\others\seven_segment_decoder_Lab1b.sv:]
WARNING: [filemgmt 56-199] Attempt to get parsing info during refresh. "On-the-fly" syntax checking information may be incorrect. [C:\Users\activ\OneDrive\Document\GitHub\ENEL453\Lab1B\lab_1b_top_level.sv:]
WARNING: [filemgmt 56-199] Attempt to get parsing info during refresh. "On-the-fly" syntax checking information may be incorrect. [C:\Users\activ\OneDrive\Document\GitHub\ENEL453\Lab1B\lab_1b_top_level_tb.sv:]
WARNING: [filemgmt 56-199] Attempt to get parsing info during refresh. "On-the-fly" syntax checking information may be incorrect. [C:\Users\activ\OneDrive\Document\GitHub\ENEL453\Lab1B\others\digit_multiplexor.sv:]
WARNING: [filemgmt 56-199] Attempt to get parsing info during refresh. "On-the-fly" syntax checking information may be incorrect. [C:\Users\activ\OneDrive\Document\GitHub\ENEL453\Lab1B\others\seven_segment_display_subsystem.sv:]
WARNING: [filemgmt 56-199] Attempt to get parsing info during refresh. "On-the-fly" syntax checking information may be incorrect. [C:\Users\activ\OneDrive\Document\GitHub\ENEL453\Lab1B\others\seven_segment_digit_selector.sv:]
WARNING: [filemgmt 56-199] Attempt to get parsing info during refresh. "On-the-fly" syntax checking information may be incorrect. [C:\Users\activ\OneDrive\Document\GitHub\ENEL453\Lab1B\others\seven_segment_decoder_Lab1b.sv:]
WARNING: [filemgmt 56-199] Attempt to get parsing info during refresh. "On-the-fly" syntax checking information may be incorrect. [C:\Users\activ\OneDrive\Document\GitHub\ENEL453\Lab1B\lab_1b_top_level.sv:]
WARNING: [filemgmt 56-199] Attempt to get parsing info during refresh. "On-the-fly" syntax checking information may be incorrect. [C:\Users\activ\OneDrive\Document\GitHub\ENEL453\Lab1B\lab_1b_top_level.sv:]
WARNING: [filemgmt 56-199] Attempt to get parsing info during refresh. "On-the-fly" syntax checking information may be incorrect. [C:\Users\activ\OneDrive\Document\GitHub\ENEL453\Lab1B\lab_1b_top_level.sv:]
WARNING: [filemgmt 56-199] Attempt to get parsing info during refresh. "On-the-fly" syntax checking information may be incorrect. [C:\Users\activ\OneDrive\Document\GitHub\ENEL453\Lab1B\lab_1b_top_level_tb.sv:]
WARNING: [filemgmt 56-199] Attempt to get parsing info during refresh. "On-the-fly" syntax checking information may be incorrect. [C:\Users\activ\OneDrive\Document\GitHub\ENEL453\Lab1B\others\digit_multiplexor.sv:]
WARNING: [filemgmt 56-199] Attempt to get parsing info during refresh. "On-the-fly" syntax checking information may be incorrect. [C:\Users\activ\OneDrive\Document\GitHub\ENEL453\Lab1B\others\seven_segment_display_subsystem.sv:]
WARNING: [filemgmt 56-199] Attempt to get parsing info during refresh. "On-the-fly" syntax checking information may be incorrect. [C:\Users\activ\OneDrive\Document\GitHub\ENEL453\Lab1B\others\seven_segment_digit_selector.sv:]
WARNING: [filemgmt 56-199] Attempt to get parsing info during refresh. "On-the-fly" syntax checking information may be incorrect. [C:\Users\activ\OneDrive\Document\GitHub\ENEL453\Lab1B\others\seven_segment_decoder_Lab1b.sv:]
WARNING: [filemgmt 56-199] Attempt to get parsing info during refresh. "On-the-fly" syntax checking information may be incorrect. [C:\Users\activ\OneDrive\Document\GitHub\ENEL453\Lab1B\others\seven_segment_digit_selector.sv:]
WARNING: [filemgmt 56-199] Attempt to get parsing info during refresh. "On-the-fly" syntax checking information may be incorrect. [C:\Users\activ\OneDrive\Document\GitHub\ENEL453\Lab1B\others\seven_segment_digit_selector.sv:]
ERROR: [Common 17-180] Spawn failed: The operation completed successfully.

WARNING: [filemgmt 56-199] Attempt to get parsing info during refresh. "On-the-fly" syntax checking information may be incorrect. [C:\Users\activ\OneDrive\Document\GitHub\ENEL453\Lab1B\lab_1b_top_level.sv:]
WARNING: [filemgmt 56-199] Attempt to get parsing info during refresh. "On-the-fly" syntax checking information may be incorrect. [C:\Users\activ\OneDrive\Document\GitHub\ENEL453\Lab1B\lab_1b_top_level_tb.sv:]
WARNING: [filemgmt 56-199] Attempt to get parsing info during refresh. "On-the-fly" syntax checking information may be incorrect. [C:\Users\activ\OneDrive\Document\GitHub\ENEL453\Lab1B\others\digit_multiplexor.sv:]
WARNING: [filemgmt 56-199] Attempt to get parsing info during refresh. "On-the-fly" syntax checking information may be incorrect. [C:\Users\activ\OneDrive\Document\GitHub\ENEL453\Lab1B\others\seven_segment_display_subsystem.sv:]
WARNING: [filemgmt 56-199] Attempt to get parsing info during refresh. "On-the-fly" syntax checking information may be incorrect. [C:\Users\activ\OneDrive\Document\GitHub\ENEL453\Lab1B\others\seven_segment_digit_selector.sv:]
WARNING: [filemgmt 56-199] Attempt to get parsing info during refresh. "On-the-fly" syntax checking information may be incorrect. [C:\Users\activ\OneDrive\Document\GitHub\ENEL453\Lab1B\others\seven_segment_decoder_Lab1b.sv:]
WARNING: [filemgmt 56-199] Attempt to get parsing info during refresh. "On-the-fly" syntax checking information may be incorrect. [C:\Users\activ\OneDrive\Document\GitHub\ENEL453\Lab1B\lab_1b_top_level_tb.sv:]
WARNING: [filemgmt 56-199] Attempt to get parsing info during refresh. "On-the-fly" syntax checking information may be incorrect. [C:\Users\activ\OneDrive\Document\GitHub\ENEL453\Lab1B\lab_1b_top_level_tb.sv:]
close_sim
INFO: [Simtcl 6-16] Simulation closed
launch_simulation
Command: launch_simulation 
INFO: [Vivado 12-12493] Simulation top is 'lab_1b_top_level_tb'
INFO: [Vivado 12-5682] Launching behavioral simulation in 'C:/Users/activ/OneDrive/Document/GitHub/ENEL453/Lab1B/Lab_1b/Lab_1b.sim/sim_1/behav/xsim'
INFO: [SIM-utils-51] Simulation object is 'sim_1'
INFO: [SIM-utils-72] Using boost library from 'C:/Xilinx/2025.1/Vivado/tps/boost_1_72_0'
INFO: [SIM-utils-54] Inspecting design source files for 'lab_1b_top_level_tb' in fileset 'sim_1'...
INFO: [USF-XSim-97] Finding global include files...
INFO: [USF-XSim-98] Fetching design files from 'sim_1'...
INFO: [USF-XSim-2] XSim::Compile design
INFO: [USF-XSim-61] Executing 'COMPILE and ANALYZE' step in 'C:/Users/activ/OneDrive/Document/GitHub/ENEL453/Lab1B/Lab_1b/Lab_1b.sim/sim_1/behav/xsim'
"xvlog --incr --relax -L uvm -prj lab_1b_top_level_tb_vlog.prj"
INFO: [VRFC 10-2263] Analyzing SystemVerilog file "C:/Users/activ/OneDrive/Document/GitHub/ENEL453/Lab1B/others/digit_multiplexor.sv" into library xil_defaultlib
INFO: [VRFC 10-311] analyzing module digit_multiplexor
INFO: [VRFC 10-2263] Analyzing SystemVerilog file "C:/Users/activ/OneDrive/Document/GitHub/ENEL453/Lab1B/lab_1b_top_level.sv" into library xil_defaultlib
INFO: [VRFC 10-311] analyzing module lab_1b_top_level
INFO: [VRFC 10-2263] Analyzing SystemVerilog file "C:/Users/activ/OneDrive/Document/GitHub/ENEL453/Lab1B/others/seven_segment_decoder_Lab1b.sv" into library xil_defaultlib
INFO: [VRFC 10-311] analyzing module seven_segment_decoder
INFO: [VRFC 10-2263] Analyzing SystemVerilog file "C:/Users/activ/OneDrive/Document/GitHub/ENEL453/Lab1B/others/seven_segment_digit_selector.sv" into library xil_defaultlib
INFO: [VRFC 10-311] analyzing module seven_segment_digit_selector
INFO: [VRFC 10-2263] Analyzing SystemVerilog file "C:/Users/activ/OneDrive/Document/GitHub/ENEL453/Lab1B/others/seven_segment_display_subsystem.sv" into library xil_defaultlib
INFO: [VRFC 10-311] analyzing module seven_segment_display_subsystem
INFO: [VRFC 10-2263] Analyzing SystemVerilog file "C:/Users/activ/OneDrive/Document/GitHub/ENEL453/Lab1B/switch_logic.sv" into library xil_defaultlib
INFO: [VRFC 10-311] analyzing module switch_logic
INFO: [VRFC 10-2263] Analyzing SystemVerilog file "C:/Users/activ/OneDrive/Document/GitHub/ENEL453/Lab1B/lab_1b_top_level_tb.sv" into library xil_defaultlib
INFO: [VRFC 10-311] analyzing module lab_1b_top_level_tb
INFO: [USF-XSim-69] 'compile' step finished in '3' seconds
INFO: [USF-XSim-3] XSim::Elaborate design
INFO: [USF-XSim-61] Executing 'ELABORATE' step in 'C:/Users/activ/OneDrive/Document/GitHub/ENEL453/Lab1B/Lab_1b/Lab_1b.sim/sim_1/behav/xsim'
"xelab --incr --debug typical --relax --mt 2 -L xil_defaultlib -L uvm -L unisims_ver -L unimacro_ver -L secureip --snapshot lab_1b_top_level_tb_behav xil_defaultlib.lab_1b_top_level_tb xil_defaultlib.glbl -log elaborate.log"
Vivado Simulator v2025.1.0
Copyright 1986-2022 Xilinx, Inc. All Rights Reserved.
Copyright 2022-2025 Advanced Micro Devices, Inc. All Rights Reserved.
Running: C:/Xilinx/2025.1/Vivado/bin/unwrapped/win64.o/xelab.exe --incr --debug typical --relax --mt 2 -L xil_defaultlib -L uvm -L unisims_ver -L unimacro_ver -L secureip --snapshot lab_1b_top_level_tb_behav xil_defaultlib.lab_1b_top_level_tb xil_defaultlib.glbl -log elaborate.log 
Using 2 slave threads.
Starting static elaboration
Pass Through NonSizing Optimizer
WARNING: [VRFC 10-5021] port 'switches_inputs' is not connected on this instance [C:/Users/activ/OneDrive/Document/GitHub/ENEL453/Lab1B/lab_1b_top_level.sv:17]
Completed static elaboration
Starting simulation data flow analysis
WARNING: [XSIM 43-4099] "C:/Users/activ/OneDrive/Document/GitHub/ENEL453/Lab1B/lab_1b_top_level.sv" Line 1. Module lab_1b_top_level doesn't have a timescale but at least one module in design has a timescale.
WARNING: [XSIM 43-4099] "C:/Users/activ/OneDrive/Document/GitHub/ENEL453/Lab1B/others/seven_segment_display_subsystem.sv" Line 26. Module seven_segment_display_subsystem doesn't have a timescale but at least one module in design has a timescale.
WARNING: [XSIM 43-4099] "C:/Users/activ/OneDrive/Document/GitHub/ENEL453/Lab1B/others/digit_multiplexor.sv" Line 39. Module digit_multiplexor doesn't have a timescale but at least one module in design has a timescale.
WARNING: [XSIM 43-4099] "C:/Users/activ/OneDrive/Document/GitHub/ENEL453/Lab1B/others/seven_segment_digit_selector.sv" Line 36. Module seven_segment_digit_selector doesn't have a timescale but at least one module in design has a timescale.
WARNING: [XSIM 43-4099] "C:/Users/activ/OneDrive/Document/GitHub/ENEL453/Lab1B/others/seven_segment_decoder_Lab1b.sv" Line 37. Module seven_segment_decoder doesn't have a timescale but at least one module in design has a timescale.
WARNING: [XSIM 43-4099] "C:/Users/activ/OneDrive/Document/GitHub/ENEL453/Lab1B/switch_logic.sv" Line 1. Module switch_logic doesn't have a timescale but at least one module in design has a timescale.
WARNING: [XSIM 43-4099] "C:/Users/activ/OneDrive/Document/GitHub/ENEL453/Lab1B/lab_1b_top_level.sv" Line 1. Module lab_1b_top_level doesn't have a timescale but at least one module in design has a timescale.
WARNING: [XSIM 43-4099] "C:/Users/activ/OneDrive/Document/GitHub/ENEL453/Lab1B/others/seven_segment_display_subsystem.sv" Line 26. Module seven_segment_display_subsystem doesn't have a timescale but at least one module in design has a timescale.
WARNING: [XSIM 43-4099] "C:/Users/activ/OneDrive/Document/GitHub/ENEL453/Lab1B/others/digit_multiplexor.sv" Line 39. Module digit_multiplexor doesn't have a timescale but at least one module in design has a timescale.
WARNING: [XSIM 43-4099] "C:/Users/activ/OneDrive/Document/GitHub/ENEL453/Lab1B/others/seven_segment_digit_selector.sv" Line 36. Module seven_segment_digit_selector doesn't have a timescale but at least one module in design has a timescale.
WARNING: [XSIM 43-4099] "C:/Users/activ/OneDrive/Document/GitHub/ENEL453/Lab1B/others/seven_segment_decoder_Lab1b.sv" Line 37. Module seven_segment_decoder doesn't have a timescale but at least one module in design has a timescale.
WARNING: [XSIM 43-4099] "C:/Users/activ/OneDrive/Document/GitHub/ENEL453/Lab1B/switch_logic.sv" Line 1. Module switch_logic doesn't have a timescale but at least one module in design has a timescale.
Completed simulation data flow analysis
Time Resolution for simulation is 1ps
Compiling module xil_defaultlib.digit_multiplexor
Compiling module xil_defaultlib.seven_segment_digit_selector
Compiling module xil_defaultlib.seven_segment_decoder
Compiling module xil_defaultlib.seven_segment_display_subsystem
Compiling module xil_defaultlib.switch_logic
Compiling module xil_defaultlib.lab_1b_top_level
Compiling module xil_defaultlib.lab_1b_top_level_tb
Compiling module xil_defaultlib.glbl
Built simulation snapshot lab_1b_top_level_tb_behav
run_program: Time (s): cpu = 00:00:01 ; elapsed = 00:00:08 . Memory (MB): peak = 4933.488 ; gain = 0.000
INFO: [USF-XSim-69] 'elaborate' step finished in '8' seconds
INFO: [USF-XSim-4] XSim::Simulate design
INFO: [USF-XSim-61] Executing 'SIMULATE' step in 'C:/Users/activ/OneDrive/Document/GitHub/ENEL453/Lab1B/Lab_1b/Lab_1b.sim/sim_1/behav/xsim'
INFO: [USF-XSim-98] *** Running xsim
   with args "lab_1b_top_level_tb_behav -key {Behavioral:sim_1:Functional:lab_1b_top_level_tb} -tclbatch {lab_1b_top_level_tb.tcl} -log {simulate.log}"
INFO: [USF-XSim-8] Loading simulator feature
Time resolution is 1 ps
source lab_1b_top_level_tb.tcl
# set curr_wave [current_wave_config]
# if { [string length $curr_wave] == 0 } {
#   if { [llength [get_objects]] > 0} {
#     add_wave /
#     set_property needs_save false [current_wave_config]
#   } else {
#      send_msg_id Add_Wave-1 WARNING "No top level signals found. Simulator will start without a wave window. If you want to open a wave window go to 'File->New Waveform Configuration' or type 'create_wave_config' in the TCL console."
#   }
# }
# run 1000ns
Time = 0: switches_inputs = xxxxxxxxxxxxxxxx, led = xxxxxxxxxxxxxxxx
Time = 110000: switches_inputs = 0000000000000000, led = 0000000000000000
Time = 120000: switches_inputs = 1111111111111111, led = 1111111111111111
Time = 130000: switches_inputs = 0101010101010101, led = 0101010101010101
Time = 140000: switches_inputs = 1010101010101010, led = 1010101010101010
Time = 150000: switches_inputs = 1100110011001100, led = 1100110011001100
Time = 160000: switches_inputs = 0011001100110011, led = 0011001100110011
$stop called at time : 220 ns : File "C:/Users/activ/OneDrive/Document/GitHub/ENEL453/Lab1B/lab_1b_top_level_tb.sv" Line 73
INFO: [USF-XSim-96] XSim completed. Design snapshot 'lab_1b_top_level_tb_behav' loaded.
INFO: [USF-XSim-97] XSim simulation ran for 1000ns
launch_simulation: Time (s): cpu = 00:00:08 ; elapsed = 00:00:15 . Memory (MB): peak = 4933.488 ; gain = 0.000
WARNING: [filemgmt 56-199] Attempt to get parsing info during refresh. "On-the-fly" syntax checking information may be incorrect. [C:\Users\activ\OneDrive\Document\GitHub\ENEL453\Lab1B\lab_1b_top_level.sv:]
WARNING: [filemgmt 56-199] Attempt to get parsing info during refresh. "On-the-fly" syntax checking information may be incorrect. [C:\Users\activ\OneDrive\Document\GitHub\ENEL453\Lab1B\lab_1b_top_level_tb.sv:]
WARNING: [filemgmt 56-199] Attempt to get parsing info during refresh. "On-the-fly" syntax checking information may be incorrect. [C:\Users\activ\OneDrive\Document\GitHub\ENEL453\Lab1B\others\digit_multiplexor.sv:]
WARNING: [filemgmt 56-199] Attempt to get parsing info during refresh. "On-the-fly" syntax checking information may be incorrect. [C:\Users\activ\OneDrive\Document\GitHub\ENEL453\Lab1B\others\seven_segment_display_subsystem.sv:]
WARNING: [filemgmt 56-199] Attempt to get parsing info during refresh. "On-the-fly" syntax checking information may be incorrect. [C:\Users\activ\OneDrive\Document\GitHub\ENEL453\Lab1B\others\seven_segment_digit_selector.sv:]
WARNING: [filemgmt 56-199] Attempt to get parsing info during refresh. "On-the-fly" syntax checking information may be incorrect. [C:\Users\activ\OneDrive\Document\GitHub\ENEL453\Lab1B\others\seven_segment_decoder_Lab1b.sv:]
WARNING: [filemgmt 56-199] Attempt to get parsing info during refresh. "On-the-fly" syntax checking information may be incorrect. [C:\Users\activ\OneDrive\Document\GitHub\ENEL453\Lab1B\others\seven_segment_decoder_Lab1b.sv:]
WARNING: [filemgmt 56-199] Attempt to get parsing info during refresh. "On-the-fly" syntax checking information may be incorrect. [C:\Users\activ\OneDrive\Document\GitHub\ENEL453\Lab1B\others\seven_segment_decoder_Lab1b.sv:]
WARNING: [filemgmt 56-199] Attempt to get parsing info during refresh. "On-the-fly" syntax checking information may be incorrect. [C:\Users\activ\OneDrive\Document\GitHub\ENEL453\Lab1B\lab_1b_top_level.sv:]
WARNING: [filemgmt 56-199] Attempt to get parsing info during refresh. "On-the-fly" syntax checking information may be incorrect. [C:\Users\activ\OneDrive\Document\GitHub\ENEL453\Lab1B\lab_1b_top_level_tb.sv:]
WARNING: [filemgmt 56-199] Attempt to get parsing info during refresh. "On-the-fly" syntax checking information may be incorrect. [C:\Users\activ\OneDrive\Document\GitHub\ENEL453\Lab1B\others\digit_multiplexor.sv:]
WARNING: [filemgmt 56-199] Attempt to get parsing info during refresh. "On-the-fly" syntax checking information may be incorrect. [C:\Users\activ\OneDrive\Document\GitHub\ENEL453\Lab1B\others\seven_segment_display_subsystem.sv:]
WARNING: [filemgmt 56-199] Attempt to get parsing info during refresh. "On-the-fly" syntax checking information may be incorrect. [C:\Users\activ\OneDrive\Document\GitHub\ENEL453\Lab1B\others\seven_segment_digit_selector.sv:]
WARNING: [filemgmt 56-199] Attempt to get parsing info during refresh. "On-the-fly" syntax checking information may be incorrect. [C:\Users\activ\OneDrive\Document\GitHub\ENEL453\Lab1B\others\seven_segment_decoder_Lab1b.sv:]
WARNING: [filemgmt 56-199] Attempt to get parsing info during refresh. "On-the-fly" syntax checking information may be incorrect. [C:\Users\activ\OneDrive\Document\GitHub\ENEL453\Lab1B\others\seven_segment_digit_selector.sv:]
WARNING: [filemgmt 56-199] Attempt to get parsing info during refresh. "On-the-fly" syntax checking information may be incorrect. [C:\Users\activ\OneDrive\Document\GitHub\ENEL453\Lab1B\others\seven_segment_digit_selector.sv:]
WARNING: [filemgmt 56-199] Attempt to get parsing info during refresh. "On-the-fly" syntax checking information may be incorrect. [C:\Users\activ\OneDrive\Document\GitHub\ENEL453\Lab1B\lab_1b_top_level.sv:]
WARNING: [filemgmt 56-199] Attempt to get parsing info during refresh. "On-the-fly" syntax checking information may be incorrect. [C:\Users\activ\OneDrive\Document\GitHub\ENEL453\Lab1B\lab_1b_top_level_tb.sv:]
WARNING: [filemgmt 56-199] Attempt to get parsing info during refresh. "On-the-fly" syntax checking information may be incorrect. [C:\Users\activ\OneDrive\Document\GitHub\ENEL453\Lab1B\others\digit_multiplexor.sv:]
WARNING: [filemgmt 56-199] Attempt to get parsing info during refresh. "On-the-fly" syntax checking information may be incorrect. [C:\Users\activ\OneDrive\Document\GitHub\ENEL453\Lab1B\others\seven_segment_display_subsystem.sv:]
WARNING: [filemgmt 56-199] Attempt to get parsing info during refresh. "On-the-fly" syntax checking information may be incorrect. [C:\Users\activ\OneDrive\Document\GitHub\ENEL453\Lab1B\others\seven_segment_digit_selector.sv:]
WARNING: [filemgmt 56-199] Attempt to get parsing info during refresh. "On-the-fly" syntax checking information may be incorrect. [C:\Users\activ\OneDrive\Document\GitHub\ENEL453\Lab1B\others\seven_segment_decoder_Lab1b.sv:]
WARNING: [filemgmt 56-199] Attempt to get parsing info during refresh. "On-the-fly" syntax checking information may be incorrect. [C:\Users\activ\OneDrive\Document\GitHub\ENEL453\Lab1B\others\seven_segment_display_subsystem.sv:]
WARNING: [filemgmt 56-199] Attempt to get parsing info during refresh. "On-the-fly" syntax checking information may be incorrect. [C:\Users\activ\OneDrive\Document\GitHub\ENEL453\Lab1B\others\seven_segment_display_subsystem.sv:]
WARNING: [filemgmt 56-199] Attempt to get parsing info during refresh. "On-the-fly" syntax checking information may be incorrect. [C:\Users\activ\OneDrive\Document\GitHub\ENEL453\Lab1B\lab_1b_top_level.sv:]
WARNING: [filemgmt 56-199] Attempt to get parsing info during refresh. "On-the-fly" syntax checking information may be incorrect. [C:\Users\activ\OneDrive\Document\GitHub\ENEL453\Lab1B\lab_1b_top_level_tb.sv:]
WARNING: [filemgmt 56-199] Attempt to get parsing info during refresh. "On-the-fly" syntax checking information may be incorrect. [C:\Users\activ\OneDrive\Document\GitHub\ENEL453\Lab1B\others\digit_multiplexor.sv:]
WARNING: [filemgmt 56-199] Attempt to get parsing info during refresh. "On-the-fly" syntax checking information may be incorrect. [C:\Users\activ\OneDrive\Document\GitHub\ENEL453\Lab1B\others\seven_segment_display_subsystem.sv:]
WARNING: [filemgmt 56-199] Attempt to get parsing info during refresh. "On-the-fly" syntax checking information may be incorrect. [C:\Users\activ\OneDrive\Document\GitHub\ENEL453\Lab1B\others\seven_segment_digit_selector.sv:]
WARNING: [filemgmt 56-199] Attempt to get parsing info during refresh. "On-the-fly" syntax checking information may be incorrect. [C:\Users\activ\OneDrive\Document\GitHub\ENEL453\Lab1B\others\seven_segment_decoder_Lab1b.sv:]
WARNING: [filemgmt 56-199] Attempt to get parsing info during refresh. "On-the-fly" syntax checking information may be incorrect. [C:\Users\activ\OneDrive\Document\GitHub\ENEL453\Lab1B\lab_1b_top_level.sv:]
WARNING: [filemgmt 56-199] Attempt to get parsing info during refresh. "On-the-fly" syntax checking information may be incorrect. [C:\Users\activ\OneDrive\Document\GitHub\ENEL453\Lab1B\lab_1b_top_level.sv:]
WARNING: [filemgmt 56-199] Attempt to get parsing info during refresh. "On-the-fly" syntax checking information may be incorrect. [C:\Users\activ\OneDrive\Document\GitHub\ENEL453\Lab1B\lab_1b_top_level.sv:]
WARNING: [filemgmt 56-199] Attempt to get parsing info during refresh. "On-the-fly" syntax checking information may be incorrect. [C:\Users\activ\OneDrive\Document\GitHub\ENEL453\Lab1B\lab_1b_top_level_tb.sv:]
WARNING: [filemgmt 56-199] Attempt to get parsing info during refresh. "On-the-fly" syntax checking information may be incorrect. [C:\Users\activ\OneDrive\Document\GitHub\ENEL453\Lab1B\others\digit_multiplexor.sv:]
WARNING: [filemgmt 56-199] Attempt to get parsing info during refresh. "On-the-fly" syntax checking information may be incorrect. [C:\Users\activ\OneDrive\Document\GitHub\ENEL453\Lab1B\others\seven_segment_display_subsystem.sv:]
WARNING: [filemgmt 56-199] Attempt to get parsing info during refresh. "On-the-fly" syntax checking information may be incorrect. [C:\Users\activ\OneDrive\Document\GitHub\ENEL453\Lab1B\others\seven_segment_digit_selector.sv:]
WARNING: [filemgmt 56-199] Attempt to get parsing info during refresh. "On-the-fly" syntax checking information may be incorrect. [C:\Users\activ\OneDrive\Document\GitHub\ENEL453\Lab1B\others\seven_segment_decoder_Lab1b.sv:]
WARNING: [filemgmt 56-199] Attempt to get parsing info during refresh. "On-the-fly" syntax checking information may be incorrect. [C:\Users\activ\OneDrive\Document\GitHub\ENEL453\Lab1B\others\digit_multiplexor.sv:]
WARNING: [filemgmt 56-199] Attempt to get parsing info during refresh. "On-the-fly" syntax checking information may be incorrect. [C:\Users\activ\OneDrive\Document\GitHub\ENEL453\Lab1B\others\digit_multiplexor.sv:]
ERROR: [Common 17-180] Spawn failed: The operation completed successfully.

close_sim
INFO: [Simtcl 6-16] Simulation closed
launch_simulation
Command: launch_simulation 
INFO: [Vivado 12-12493] Simulation top is 'lab_1b_top_level_tb'
INFO: [Vivado 12-5682] Launching behavioral simulation in 'C:/Users/activ/OneDrive/Document/GitHub/ENEL453/Lab1B/Lab_1b/Lab_1b.sim/sim_1/behav/xsim'
INFO: [SIM-utils-51] Simulation object is 'sim_1'
INFO: [SIM-utils-72] Using boost library from 'C:/Xilinx/2025.1/Vivado/tps/boost_1_72_0'
INFO: [SIM-utils-54] Inspecting design source files for 'lab_1b_top_level_tb' in fileset 'sim_1'...
INFO: [USF-XSim-97] Finding global include files...
INFO: [USF-XSim-98] Fetching design files from 'sim_1'...
INFO: [USF-XSim-2] XSim::Compile design
INFO: [USF-XSim-61] Executing 'COMPILE and ANALYZE' step in 'C:/Users/activ/OneDrive/Document/GitHub/ENEL453/Lab1B/Lab_1b/Lab_1b.sim/sim_1/behav/xsim'
"xvlog --incr --relax -L uvm -prj lab_1b_top_level_tb_vlog.prj"
INFO: [VRFC 10-2263] Analyzing SystemVerilog file "C:/Users/activ/OneDrive/Document/GitHub/ENEL453/Lab1B/others/digit_multiplexor.sv" into library xil_defaultlib
INFO: [VRFC 10-311] analyzing module digit_multiplexor
INFO: [VRFC 10-2263] Analyzing SystemVerilog file "C:/Users/activ/OneDrive/Document/GitHub/ENEL453/Lab1B/lab_1b_top_level.sv" into library xil_defaultlib
INFO: [VRFC 10-311] analyzing module lab_1b_top_level
INFO: [VRFC 10-2263] Analyzing SystemVerilog file "C:/Users/activ/OneDrive/Document/GitHub/ENEL453/Lab1B/others/seven_segment_decoder_Lab1b.sv" into library xil_defaultlib
INFO: [VRFC 10-311] analyzing module seven_segment_decoder
INFO: [VRFC 10-2263] Analyzing SystemVerilog file "C:/Users/activ/OneDrive/Document/GitHub/ENEL453/Lab1B/others/seven_segment_digit_selector.sv" into library xil_defaultlib
INFO: [VRFC 10-311] analyzing module seven_segment_digit_selector
INFO: [VRFC 10-2263] Analyzing SystemVerilog file "C:/Users/activ/OneDrive/Document/GitHub/ENEL453/Lab1B/others/seven_segment_display_subsystem.sv" into library xil_defaultlib
INFO: [VRFC 10-311] analyzing module seven_segment_display_subsystem
INFO: [VRFC 10-2263] Analyzing SystemVerilog file "C:/Users/activ/OneDrive/Document/GitHub/ENEL453/Lab1B/switch_logic.sv" into library xil_defaultlib
INFO: [VRFC 10-311] analyzing module switch_logic
INFO: [VRFC 10-2263] Analyzing SystemVerilog file "C:/Users/activ/OneDrive/Document/GitHub/ENEL453/Lab1B/lab_1b_top_level_tb.sv" into library xil_defaultlib
INFO: [VRFC 10-311] analyzing module lab_1b_top_level_tb
INFO: [USF-XSim-69] 'compile' step finished in '2' seconds
INFO: [USF-XSim-3] XSim::Elaborate design
INFO: [USF-XSim-61] Executing 'ELABORATE' step in 'C:/Users/activ/OneDrive/Document/GitHub/ENEL453/Lab1B/Lab_1b/Lab_1b.sim/sim_1/behav/xsim'
"xelab --incr --debug typical --relax --mt 2 -L xil_defaultlib -L uvm -L unisims_ver -L unimacro_ver -L secureip --snapshot lab_1b_top_level_tb_behav xil_defaultlib.lab_1b_top_level_tb xil_defaultlib.glbl -log elaborate.log"
Vivado Simulator v2025.1.0
Copyright 1986-2022 Xilinx, Inc. All Rights Reserved.
Copyright 2022-2025 Advanced Micro Devices, Inc. All Rights Reserved.
Running: C:/Xilinx/2025.1/Vivado/bin/unwrapped/win64.o/xelab.exe --incr --debug typical --relax --mt 2 -L xil_defaultlib -L uvm -L unisims_ver -L unimacro_ver -L secureip --snapshot lab_1b_top_level_tb_behav xil_defaultlib.lab_1b_top_level_tb xil_defaultlib.glbl -log elaborate.log 
Using 2 slave threads.
Starting static elaboration
Pass Through NonSizing Optimizer
WARNING: [VRFC 10-5021] port 'switches_inputs' is not connected on this instance [C:/Users/activ/OneDrive/Document/GitHub/ENEL453/Lab1B/lab_1b_top_level.sv:17]
Completed static elaboration
Starting simulation data flow analysis
WARNING: [XSIM 43-4099] "C:/Users/activ/OneDrive/Document/GitHub/ENEL453/Lab1B/lab_1b_top_level.sv" Line 1. Module lab_1b_top_level doesn't have a timescale but at least one module in design has a timescale.
WARNING: [XSIM 43-4099] "C:/Users/activ/OneDrive/Document/GitHub/ENEL453/Lab1B/others/seven_segment_display_subsystem.sv" Line 26. Module seven_segment_display_subsystem doesn't have a timescale but at least one module in design has a timescale.
WARNING: [XSIM 43-4099] "C:/Users/activ/OneDrive/Document/GitHub/ENEL453/Lab1B/others/digit_multiplexor.sv" Line 39. Module digit_multiplexor doesn't have a timescale but at least one module in design has a timescale.
WARNING: [XSIM 43-4099] "C:/Users/activ/OneDrive/Document/GitHub/ENEL453/Lab1B/others/seven_segment_digit_selector.sv" Line 36. Module seven_segment_digit_selector doesn't have a timescale but at least one module in design has a timescale.
WARNING: [XSIM 43-4099] "C:/Users/activ/OneDrive/Document/GitHub/ENEL453/Lab1B/others/seven_segment_decoder_Lab1b.sv" Line 37. Module seven_segment_decoder doesn't have a timescale but at least one module in design has a timescale.
WARNING: [XSIM 43-4099] "C:/Users/activ/OneDrive/Document/GitHub/ENEL453/Lab1B/switch_logic.sv" Line 1. Module switch_logic doesn't have a timescale but at least one module in design has a timescale.
WARNING: [XSIM 43-4099] "C:/Users/activ/OneDrive/Document/GitHub/ENEL453/Lab1B/lab_1b_top_level.sv" Line 1. Module lab_1b_top_level doesn't have a timescale but at least one module in design has a timescale.
WARNING: [XSIM 43-4099] "C:/Users/activ/OneDrive/Document/GitHub/ENEL453/Lab1B/others/seven_segment_display_subsystem.sv" Line 26. Module seven_segment_display_subsystem doesn't have a timescale but at least one module in design has a timescale.
WARNING: [XSIM 43-4099] "C:/Users/activ/OneDrive/Document/GitHub/ENEL453/Lab1B/others/digit_multiplexor.sv" Line 39. Module digit_multiplexor doesn't have a timescale but at least one module in design has a timescale.
WARNING: [XSIM 43-4099] "C:/Users/activ/OneDrive/Document/GitHub/ENEL453/Lab1B/others/seven_segment_digit_selector.sv" Line 36. Module seven_segment_digit_selector doesn't have a timescale but at least one module in design has a timescale.
WARNING: [XSIM 43-4099] "C:/Users/activ/OneDrive/Document/GitHub/ENEL453/Lab1B/others/seven_segment_decoder_Lab1b.sv" Line 37. Module seven_segment_decoder doesn't have a timescale but at least one module in design has a timescale.
WARNING: [XSIM 43-4099] "C:/Users/activ/OneDrive/Document/GitHub/ENEL453/Lab1B/switch_logic.sv" Line 1. Module switch_logic doesn't have a timescale but at least one module in design has a timescale.
Completed simulation data flow analysis
Time Resolution for simulation is 1ps
Compiling module xil_defaultlib.digit_multiplexor
Compiling module xil_defaultlib.seven_segment_digit_selector
Compiling module xil_defaultlib.seven_segment_decoder
Compiling module xil_defaultlib.seven_segment_display_subsystem
Compiling module xil_defaultlib.switch_logic
Compiling module xil_defaultlib.lab_1b_top_level
Compiling module xil_defaultlib.lab_1b_top_level_tb
Compiling module xil_defaultlib.glbl
Built simulation snapshot lab_1b_top_level_tb_behav
INFO: [USF-XSim-69] 'elaborate' step finished in '4' seconds
INFO: [USF-XSim-4] XSim::Simulate design
INFO: [USF-XSim-61] Executing 'SIMULATE' step in 'C:/Users/activ/OneDrive/Document/GitHub/ENEL453/Lab1B/Lab_1b/Lab_1b.sim/sim_1/behav/xsim'
INFO: [USF-XSim-98] *** Running xsim
   with args "lab_1b_top_level_tb_behav -key {Behavioral:sim_1:Functional:lab_1b_top_level_tb} -tclbatch {lab_1b_top_level_tb.tcl} -log {simulate.log}"
INFO: [USF-XSim-8] Loading simulator feature
Time resolution is 1 ps
source lab_1b_top_level_tb.tcl
# set curr_wave [current_wave_config]
# if { [string length $curr_wave] == 0 } {
#   if { [llength [get_objects]] > 0} {
#     add_wave /
#     set_property needs_save false [current_wave_config]
#   } else {
#      send_msg_id Add_Wave-1 WARNING "No top level signals found. Simulator will start without a wave window. If you want to open a wave window go to 'File->New Waveform Configuration' or type 'create_wave_config' in the TCL console."
#   }
# }
# run 1000ns
Time = 0: switches_inputs = xxxxxxxxxxxxxxxx, led = xxxxxxxxxxxxxxxx
Time = 110000: switches_inputs = 0000000000000000, led = 0000000000000000
Time = 120000: switches_inputs = 1111111111111111, led = 1111111111111111
Time = 130000: switches_inputs = 0101010101010101, led = 0101010101010101
Time = 140000: switches_inputs = 1010101010101010, led = 1010101010101010
Time = 150000: switches_inputs = 1100110011001100, led = 1100110011001100
Time = 160000: switches_inputs = 0011001100110011, led = 0011001100110011
$stop called at time : 220 ns : File "C:/Users/activ/OneDrive/Document/GitHub/ENEL453/Lab1B/lab_1b_top_level_tb.sv" Line 73
INFO: [USF-XSim-96] XSim completed. Design snapshot 'lab_1b_top_level_tb_behav' loaded.
INFO: [USF-XSim-97] XSim simulation ran for 1000ns
launch_simulation: Time (s): cpu = 00:00:07 ; elapsed = 00:00:11 . Memory (MB): peak = 4933.488 ; gain = 0.000
WARNING: [filemgmt 56-199] Attempt to get parsing info during refresh. "On-the-fly" syntax checking information may be incorrect. [C:\Users\activ\OneDrive\Document\GitHub\ENEL453\Lab1B\lab_1b_top_level.sv:]
WARNING: [filemgmt 56-199] Attempt to get parsing info during refresh. "On-the-fly" syntax checking information may be incorrect. [C:\Users\activ\OneDrive\Document\GitHub\ENEL453\Lab1B\lab_1b_top_level_tb.sv:]
WARNING: [filemgmt 56-199] Attempt to get parsing info during refresh. "On-the-fly" syntax checking information may be incorrect. [C:\Users\activ\OneDrive\Document\GitHub\ENEL453\Lab1B\others\digit_multiplexor.sv:]
WARNING: [filemgmt 56-199] Attempt to get parsing info during refresh. "On-the-fly" syntax checking information may be incorrect. [C:\Users\activ\OneDrive\Document\GitHub\ENEL453\Lab1B\others\seven_segment_display_subsystem.sv:]
WARNING: [filemgmt 56-199] Attempt to get parsing info during refresh. "On-the-fly" syntax checking information may be incorrect. [C:\Users\activ\OneDrive\Document\GitHub\ENEL453\Lab1B\others\seven_segment_digit_selector.sv:]
WARNING: [filemgmt 56-199] Attempt to get parsing info during refresh. "On-the-fly" syntax checking information may be incorrect. [C:\Users\activ\OneDrive\Document\GitHub\ENEL453\Lab1B\others\seven_segment_decoder_Lab1b.sv:]
WARNING: [filemgmt 56-199] Attempt to get parsing info during refresh. "On-the-fly" syntax checking information may be incorrect. [C:\Users\activ\OneDrive\Document\GitHub\ENEL453\Lab1B\lab_1b_top_level.sv:]
WARNING: [filemgmt 56-199] Attempt to get parsing info during refresh. "On-the-fly" syntax checking information may be incorrect. [C:\Users\activ\OneDrive\Document\GitHub\ENEL453\Lab1B\lab_1b_top_level.sv:]
WARNING: [filemgmt 56-199] Attempt to get parsing info during refresh. "On-the-fly" syntax checking information may be incorrect. [C:\Users\activ\OneDrive\Document\GitHub\ENEL453\Lab1B\lab_1b_top_level.sv:]
WARNING: [filemgmt 56-199] Attempt to get parsing info during refresh. "On-the-fly" syntax checking information may be incorrect. [C:\Users\activ\OneDrive\Document\GitHub\ENEL453\Lab1B\lab_1b_top_level_tb.sv:]
WARNING: [filemgmt 56-199] Attempt to get parsing info during refresh. "On-the-fly" syntax checking information may be incorrect. [C:\Users\activ\OneDrive\Document\GitHub\ENEL453\Lab1B\others\digit_multiplexor.sv:]
WARNING: [filemgmt 56-199] Attempt to get parsing info during refresh. "On-the-fly" syntax checking information may be incorrect. [C:\Users\activ\OneDrive\Document\GitHub\ENEL453\Lab1B\others\seven_segment_display_subsystem.sv:]
WARNING: [filemgmt 56-199] Attempt to get parsing info during refresh. "On-the-fly" syntax checking information may be incorrect. [C:\Users\activ\OneDrive\Document\GitHub\ENEL453\Lab1B\others\seven_segment_digit_selector.sv:]
WARNING: [filemgmt 56-199] Attempt to get parsing info during refresh. "On-the-fly" syntax checking information may be incorrect. [C:\Users\activ\OneDrive\Document\GitHub\ENEL453\Lab1B\others\seven_segment_decoder_Lab1b.sv:]
WARNING: [filemgmt 56-199] Attempt to get parsing info during refresh. "On-the-fly" syntax checking information may be incorrect. [C:\Users\activ\OneDrive\Document\GitHub\ENEL453\Lab1B\others\seven_segment_digit_selector.sv:]
WARNING: [filemgmt 56-199] Attempt to get parsing info during refresh. "On-the-fly" syntax checking information may be incorrect. [C:\Users\activ\OneDrive\Document\GitHub\ENEL453\Lab1B\others\seven_segment_digit_selector.sv:]
WARNING: [filemgmt 56-199] Attempt to get parsing info during refresh. "On-the-fly" syntax checking information may be incorrect. [C:\Users\activ\OneDrive\Document\GitHub\ENEL453\Lab1B\lab_1b_top_level.sv:]
WARNING: [filemgmt 56-199] Attempt to get parsing info during refresh. "On-the-fly" syntax checking information may be incorrect. [C:\Users\activ\OneDrive\Document\GitHub\ENEL453\Lab1B\lab_1b_top_level_tb.sv:]
WARNING: [filemgmt 56-199] Attempt to get parsing info during refresh. "On-the-fly" syntax checking information may be incorrect. [C:\Users\activ\OneDrive\Document\GitHub\ENEL453\Lab1B\others\digit_multiplexor.sv:]
WARNING: [filemgmt 56-199] Attempt to get parsing info during refresh. "On-the-fly" syntax checking information may be incorrect. [C:\Users\activ\OneDrive\Document\GitHub\ENEL453\Lab1B\others\seven_segment_display_subsystem.sv:]
WARNING: [filemgmt 56-199] Attempt to get parsing info during refresh. "On-the-fly" syntax checking information may be incorrect. [C:\Users\activ\OneDrive\Document\GitHub\ENEL453\Lab1B\others\seven_segment_digit_selector.sv:]
WARNING: [filemgmt 56-199] Attempt to get parsing info during refresh. "On-the-fly" syntax checking information may be incorrect. [C:\Users\activ\OneDrive\Document\GitHub\ENEL453\Lab1B\others\seven_segment_decoder_Lab1b.sv:]
WARNING: [filemgmt 56-199] Attempt to get parsing info during refresh. "On-the-fly" syntax checking information may be incorrect. [C:\Users\activ\OneDrive\Document\GitHub\ENEL453\Lab1B\others\digit_multiplexor.sv:]
WARNING: [filemgmt 56-199] Attempt to get parsing info during refresh. "On-the-fly" syntax checking information may be incorrect. [C:\Users\activ\OneDrive\Document\GitHub\ENEL453\Lab1B\others\digit_multiplexor.sv:]
WARNING: [filemgmt 56-199] Attempt to get parsing info during refresh. "On-the-fly" syntax checking information may be incorrect. [C:\Users\activ\OneDrive\Document\GitHub\ENEL453\Lab1B\lab_1b_top_level.sv:]
WARNING: [filemgmt 56-199] Attempt to get parsing info during refresh. "On-the-fly" syntax checking information may be incorrect. [C:\Users\activ\OneDrive\Document\GitHub\ENEL453\Lab1B\lab_1b_top_level_tb.sv:]
WARNING: [filemgmt 56-199] Attempt to get parsing info during refresh. "On-the-fly" syntax checking information may be incorrect. [C:\Users\activ\OneDrive\Document\GitHub\ENEL453\Lab1B\others\digit_multiplexor.sv:]
WARNING: [filemgmt 56-199] Attempt to get parsing info during refresh. "On-the-fly" syntax checking information may be incorrect. [C:\Users\activ\OneDrive\Document\GitHub\ENEL453\Lab1B\others\seven_segment_display_subsystem.sv:]
WARNING: [filemgmt 56-199] Attempt to get parsing info during refresh. "On-the-fly" syntax checking information may be incorrect. [C:\Users\activ\OneDrive\Document\GitHub\ENEL453\Lab1B\others\seven_segment_digit_selector.sv:]
WARNING: [filemgmt 56-199] Attempt to get parsing info during refresh. "On-the-fly" syntax checking information may be incorrect. [C:\Users\activ\OneDrive\Document\GitHub\ENEL453\Lab1B\others\seven_segment_decoder_Lab1b.sv:]
WARNING: [filemgmt 56-199] Attempt to get parsing info during refresh. "On-the-fly" syntax checking information may be incorrect. [C:\Users\activ\OneDrive\Document\GitHub\ENEL453\Lab1B\others\seven_segment_decoder_Lab1b.sv:]
WARNING: [filemgmt 56-199] Attempt to get parsing info during refresh. "On-the-fly" syntax checking information may be incorrect. [C:\Users\activ\OneDrive\Document\GitHub\ENEL453\Lab1B\others\seven_segment_decoder_Lab1b.sv:]
WARNING: [filemgmt 56-199] Attempt to get parsing info during refresh. "On-the-fly" syntax checking information may be incorrect. [C:\Users\activ\OneDrive\Document\GitHub\ENEL453\Lab1B\lab_1b_top_level.sv:]
WARNING: [filemgmt 56-199] Attempt to get parsing info during refresh. "On-the-fly" syntax checking information may be incorrect. [C:\Users\activ\OneDrive\Document\GitHub\ENEL453\Lab1B\lab_1b_top_level_tb.sv:]
WARNING: [filemgmt 56-199] Attempt to get parsing info during refresh. "On-the-fly" syntax checking information may be incorrect. [C:\Users\activ\OneDrive\Document\GitHub\ENEL453\Lab1B\others\digit_multiplexor.sv:]
WARNING: [filemgmt 56-199] Attempt to get parsing info during refresh. "On-the-fly" syntax checking information may be incorrect. [C:\Users\activ\OneDrive\Document\GitHub\ENEL453\Lab1B\others\seven_segment_display_subsystem.sv:]
WARNING: [filemgmt 56-199] Attempt to get parsing info during refresh. "On-the-fly" syntax checking information may be incorrect. [C:\Users\activ\OneDrive\Document\GitHub\ENEL453\Lab1B\others\seven_segment_digit_selector.sv:]
WARNING: [filemgmt 56-199] Attempt to get parsing info during refresh. "On-the-fly" syntax checking information may be incorrect. [C:\Users\activ\OneDrive\Document\GitHub\ENEL453\Lab1B\others\seven_segment_decoder_Lab1b.sv:]
WARNING: [filemgmt 56-199] Attempt to get parsing info during refresh. "On-the-fly" syntax checking information may be incorrect. [C:\Users\activ\OneDrive\Document\GitHub\ENEL453\Lab1B\others\seven_segment_display_subsystem.sv:]
WARNING: [filemgmt 56-199] Attempt to get parsing info during refresh. "On-the-fly" syntax checking information may be incorrect. [C:\Users\activ\OneDrive\Document\GitHub\ENEL453\Lab1B\others\seven_segment_display_subsystem.sv:]
ERROR: [Common 17-180] Spawn failed: The operation completed successfully.

close_sim
WARNING: [filemgmt 56-199] Attempt to get parsing info during refresh. "On-the-fly" syntax checking information may be incorrect. [C:\Users\activ\OneDrive\Document\GitHub\ENEL453\Lab1B\lab_1b_top_level.sv:]
WARNING: [filemgmt 56-199] Attempt to get parsing info during refresh. "On-the-fly" syntax checking information may be incorrect. [C:\Users\activ\OneDrive\Document\GitHub\ENEL453\Lab1B\lab_1b_top_level_tb.sv:]
WARNING: [filemgmt 56-199] Attempt to get parsing info during refresh. "On-the-fly" syntax checking information may be incorrect. [C:\Users\activ\OneDrive\Document\GitHub\ENEL453\Lab1B\others\digit_multiplexor.sv:]
WARNING: [filemgmt 56-199] Attempt to get parsing info during refresh. "On-the-fly" syntax checking information may be incorrect. [C:\Users\activ\OneDrive\Document\GitHub\ENEL453\Lab1B\others\seven_segment_display_subsystem.sv:]
WARNING: [filemgmt 56-199] Attempt to get parsing info during refresh. "On-the-fly" syntax checking information may be incorrect. [C:\Users\activ\OneDrive\Document\GitHub\ENEL453\Lab1B\others\seven_segment_digit_selector.sv:]
WARNING: [filemgmt 56-199] Attempt to get parsing info during refresh. "On-the-fly" syntax checking information may be incorrect. [C:\Users\activ\OneDrive\Document\GitHub\ENEL453\Lab1B\others\seven_segment_decoder_Lab1b.sv:]
WARNING: [filemgmt 56-199] Attempt to get parsing info during refresh. "On-the-fly" syntax checking information may be incorrect. [C:\Users\activ\OneDrive\Document\GitHub\ENEL453\Lab1B\lab_1b_top_level.sv:]
WARNING: [filemgmt 56-199] Attempt to get parsing info during refresh. "On-the-fly" syntax checking information may be incorrect. [C:\Users\activ\OneDrive\Document\GitHub\ENEL453\Lab1B\lab_1b_top_level.sv:]
WARNING: [filemgmt 56-199] Attempt to get parsing info during refresh. "On-the-fly" syntax checking information may be incorrect. [C:\Users\activ\OneDrive\Document\GitHub\ENEL453\Lab1B\lab_1b_top_level.sv:]
WARNING: [filemgmt 56-199] Attempt to get parsing info during refresh. "On-the-fly" syntax checking information may be incorrect. [C:\Users\activ\OneDrive\Document\GitHub\ENEL453\Lab1B\lab_1b_top_level_tb.sv:]
WARNING: [filemgmt 56-199] Attempt to get parsing info during refresh. "On-the-fly" syntax checking information may be incorrect. [C:\Users\activ\OneDrive\Document\GitHub\ENEL453\Lab1B\others\digit_multiplexor.sv:]
WARNING: [filemgmt 56-199] Attempt to get parsing info during refresh. "On-the-fly" syntax checking information may be incorrect. [C:\Users\activ\OneDrive\Document\GitHub\ENEL453\Lab1B\others\seven_segment_display_subsystem.sv:]
WARNING: [filemgmt 56-199] Attempt to get parsing info during refresh. "On-the-fly" syntax checking information may be incorrect. [C:\Users\activ\OneDrive\Document\GitHub\ENEL453\Lab1B\others\seven_segment_digit_selector.sv:]
WARNING: [filemgmt 56-199] Attempt to get parsing info during refresh. "On-the-fly" syntax checking information may be incorrect. [C:\Users\activ\OneDrive\Document\GitHub\ENEL453\Lab1B\others\seven_segment_decoder_Lab1b.sv:]
WARNING: [filemgmt 56-199] Attempt to get parsing info during refresh. "On-the-fly" syntax checking information may be incorrect. [C:\Users\activ\OneDrive\Document\GitHub\ENEL453\Lab1B\lab_1b_top_level_tb.sv:]
WARNING: [filemgmt 56-199] Attempt to get parsing info during refresh. "On-the-fly" syntax checking information may be incorrect. [C:\Users\activ\OneDrive\Document\GitHub\ENEL453\Lab1B\lab_1b_top_level_tb.sv:]
WARNING: [filemgmt 56-199] Attempt to get parsing info during refresh. "On-the-fly" syntax checking information may be incorrect. [C:\Users\activ\OneDrive\Document\GitHub\ENEL453\Lab1B\lab_1b_top_level.sv:]
WARNING: [filemgmt 56-199] Attempt to get parsing info during refresh. "On-the-fly" syntax checking information may be incorrect. [C:\Users\activ\OneDrive\Document\GitHub\ENEL453\Lab1B\lab_1b_top_level_tb.sv:]
WARNING: [filemgmt 56-199] Attempt to get parsing info during refresh. "On-the-fly" syntax checking information may be incorrect. [C:\Users\activ\OneDrive\Document\GitHub\ENEL453\Lab1B\others\digit_multiplexor.sv:]
WARNING: [filemgmt 56-199] Attempt to get parsing info during refresh. "On-the-fly" syntax checking information may be incorrect. [C:\Users\activ\OneDrive\Document\GitHub\ENEL453\Lab1B\others\seven_segment_display_subsystem.sv:]
WARNING: [filemgmt 56-199] Attempt to get parsing info during refresh. "On-the-fly" syntax checking information may be incorrect. [C:\Users\activ\OneDrive\Document\GitHub\ENEL453\Lab1B\others\seven_segment_digit_selector.sv:]
WARNING: [filemgmt 56-199] Attempt to get parsing info during refresh. "On-the-fly" syntax checking information may be incorrect. [C:\Users\activ\OneDrive\Document\GitHub\ENEL453\Lab1B\others\seven_segment_decoder_Lab1b.sv:]
WARNING: [filemgmt 56-199] Attempt to get parsing info during refresh. "On-the-fly" syntax checking information may be incorrect. [C:\Users\activ\OneDrive\Document\GitHub\ENEL453\Lab1B\others\seven_segment_digit_selector.sv:]
WARNING: [filemgmt 56-199] Attempt to get parsing info during refresh. "On-the-fly" syntax checking information may be incorrect. [C:\Users\activ\OneDrive\Document\GitHub\ENEL453\Lab1B\others\seven_segment_digit_selector.sv:]
WARNING: [filemgmt 56-199] Attempt to get parsing info during refresh. "On-the-fly" syntax checking information may be incorrect. [C:\Users\activ\OneDrive\Document\GitHub\ENEL453\Lab1B\lab_1b_top_level.sv:]
WARNING: [filemgmt 56-199] Attempt to get parsing info during refresh. "On-the-fly" syntax checking information may be incorrect. [C:\Users\activ\OneDrive\Document\GitHub\ENEL453\Lab1B\lab_1b_top_level_tb.sv:]
WARNING: [filemgmt 56-199] Attempt to get parsing info during refresh. "On-the-fly" syntax checking information may be incorrect. [C:\Users\activ\OneDrive\Document\GitHub\ENEL453\Lab1B\others\digit_multiplexor.sv:]
WARNING: [filemgmt 56-199] Attempt to get parsing info during refresh. "On-the-fly" syntax checking information may be incorrect. [C:\Users\activ\OneDrive\Document\GitHub\ENEL453\Lab1B\others\seven_segment_display_subsystem.sv:]
WARNING: [filemgmt 56-199] Attempt to get parsing info during refresh. "On-the-fly" syntax checking information may be incorrect. [C:\Users\activ\OneDrive\Document\GitHub\ENEL453\Lab1B\others\seven_segment_digit_selector.sv:]
WARNING: [filemgmt 56-199] Attempt to get parsing info during refresh. "On-the-fly" syntax checking information may be incorrect. [C:\Users\activ\OneDrive\Document\GitHub\ENEL453\Lab1B\others\seven_segment_decoder_Lab1b.sv:]
WARNING: [filemgmt 56-199] Attempt to get parsing info during refresh. "On-the-fly" syntax checking information may be incorrect. [C:\Users\activ\OneDrive\Document\GitHub\ENEL453\Lab1B\others\seven_segment_decoder_Lab1b.sv:]
WARNING: [filemgmt 56-199] Attempt to get parsing info during refresh. "On-the-fly" syntax checking information may be incorrect. [C:\Users\activ\OneDrive\Document\GitHub\ENEL453\Lab1B\others\seven_segment_decoder_Lab1b.sv:]
WARNING: [filemgmt 56-199] Attempt to get parsing info during refresh. "On-the-fly" syntax checking information may be incorrect. [C:\Users\activ\OneDrive\Document\GitHub\ENEL453\Lab1B\lab_1b_top_level.sv:]
WARNING: [filemgmt 56-199] Attempt to get parsing info during refresh. "On-the-fly" syntax checking information may be incorrect. [C:\Users\activ\OneDrive\Document\GitHub\ENEL453\Lab1B\lab_1b_top_level_tb.sv:]
WARNING: [filemgmt 56-199] Attempt to get parsing info during refresh. "On-the-fly" syntax checking information may be incorrect. [C:\Users\activ\OneDrive\Document\GitHub\ENEL453\Lab1B\others\digit_multiplexor.sv:]
WARNING: [filemgmt 56-199] Attempt to get parsing info during refresh. "On-the-fly" syntax checking information may be incorrect. [C:\Users\activ\OneDrive\Document\GitHub\ENEL453\Lab1B\others\seven_segment_display_subsystem.sv:]
WARNING: [filemgmt 56-199] Attempt to get parsing info during refresh. "On-the-fly" syntax checking information may be incorrect. [C:\Users\activ\OneDrive\Document\GitHub\ENEL453\Lab1B\others\seven_segment_digit_selector.sv:]
WARNING: [filemgmt 56-199] Attempt to get parsing info during refresh. "On-the-fly" syntax checking information may be incorrect. [C:\Users\activ\OneDrive\Document\GitHub\ENEL453\Lab1B\others\seven_segment_decoder_Lab1b.sv:]
WARNING: [filemgmt 56-199] Attempt to get parsing info during refresh. "On-the-fly" syntax checking information may be incorrect. [C:\Users\activ\OneDrive\Document\GitHub\ENEL453\Lab1B\others\digit_multiplexor.sv:]
WARNING: [filemgmt 56-199] Attempt to get parsing info during refresh. "On-the-fly" syntax checking information may be incorrect. [C:\Users\activ\OneDrive\Document\GitHub\ENEL453\Lab1B\others\digit_multiplexor.sv:]
INFO: [Simtcl 6-16] Simulation closed
ERROR: [Common 17-180] Spawn failed: The operation completed successfully.

launch_simulation
Command: launch_simulation 
INFO: [Vivado 12-12493] Simulation top is 'lab_1b_top_level_tb'
INFO: [Vivado 12-5682] Launching behavioral simulation in 'C:/Users/activ/OneDrive/Document/GitHub/ENEL453/Lab1B/Lab_1b/Lab_1b.sim/sim_1/behav/xsim'
INFO: [SIM-utils-51] Simulation object is 'sim_1'
INFO: [SIM-utils-72] Using boost library from 'C:/Xilinx/2025.1/Vivado/tps/boost_1_72_0'
INFO: [SIM-utils-54] Inspecting design source files for 'lab_1b_top_level_tb' in fileset 'sim_1'...
INFO: [USF-XSim-97] Finding global include files...
INFO: [USF-XSim-98] Fetching design files from 'sim_1'...
INFO: [USF-XSim-2] XSim::Compile design
INFO: [USF-XSim-61] Executing 'COMPILE and ANALYZE' step in 'C:/Users/activ/OneDrive/Document/GitHub/ENEL453/Lab1B/Lab_1b/Lab_1b.sim/sim_1/behav/xsim'
"xvlog --incr --relax -L uvm -prj lab_1b_top_level_tb_vlog.prj"
INFO: [VRFC 10-2263] Analyzing SystemVerilog file "C:/Users/activ/OneDrive/Document/GitHub/ENEL453/Lab1B/others/digit_multiplexor.sv" into library xil_defaultlib
INFO: [VRFC 10-311] analyzing module digit_multiplexor
INFO: [VRFC 10-2263] Analyzing SystemVerilog file "C:/Users/activ/OneDrive/Document/GitHub/ENEL453/Lab1B/others/seven_segment_decoder_Lab1b.sv" into library xil_defaultlib
INFO: [VRFC 10-311] analyzing module seven_segment_decoder
INFO: [VRFC 10-2263] Analyzing SystemVerilog file "C:/Users/activ/OneDrive/Document/GitHub/ENEL453/Lab1B/others/seven_segment_digit_selector.sv" into library xil_defaultlib
INFO: [VRFC 10-311] analyzing module seven_segment_digit_selector
INFO: [VRFC 10-2263] Analyzing SystemVerilog file "C:/Users/activ/OneDrive/Document/GitHub/ENEL453/Lab1B/others/seven_segment_display_subsystem.sv" into library xil_defaultlib
INFO: [VRFC 10-311] analyzing module seven_segment_display_subsystem
INFO: [VRFC 10-2263] Analyzing SystemVerilog file "C:/Users/activ/OneDrive/Document/GitHub/ENEL453/Lab1B/switch_logic.sv" into library xil_defaultlib
INFO: [VRFC 10-311] analyzing module switch_logic
INFO: [VRFC 10-2263] Analyzing SystemVerilog file "C:/Users/activ/OneDrive/Document/GitHub/ENEL453/Lab1B/lab_1b_top_level_tb.sv" into library xil_defaultlib
INFO: [VRFC 10-311] analyzing module lab_1b_top_level_tb
INFO: [VRFC 10-311] analyzing module lab_1b_top_level
INFO: [USF-XSim-69] 'compile' step finished in '3' seconds
INFO: [USF-XSim-3] XSim::Elaborate design
INFO: [USF-XSim-61] Executing 'ELABORATE' step in 'C:/Users/activ/OneDrive/Document/GitHub/ENEL453/Lab1B/Lab_1b/Lab_1b.sim/sim_1/behav/xsim'
"xelab --incr --debug typical --relax --mt 2 -L xil_defaultlib -L uvm -L unisims_ver -L unimacro_ver -L secureip --snapshot lab_1b_top_level_tb_behav xil_defaultlib.lab_1b_top_level_tb xil_defaultlib.glbl -log elaborate.log"
Vivado Simulator v2025.1.0
Copyright 1986-2022 Xilinx, Inc. All Rights Reserved.
Copyright 2022-2025 Advanced Micro Devices, Inc. All Rights Reserved.
Running: C:/Xilinx/2025.1/Vivado/bin/unwrapped/win64.o/xelab.exe --incr --debug typical --relax --mt 2 -L xil_defaultlib -L uvm -L unisims_ver -L unimacro_ver -L secureip --snapshot lab_1b_top_level_tb_behav xil_defaultlib.lab_1b_top_level_tb xil_defaultlib.glbl -log elaborate.log 
Using 2 slave threads.
Starting static elaboration
Pass Through NonSizing Optimizer
WARNING: [VRFC 10-5021] port 'switches_inputs' is not connected on this instance [C:/Users/activ/OneDrive/Document/GitHub/ENEL453/Lab1B/lab_1b_top_level_tb.sv:184]
Completed static elaboration
Starting simulation data flow analysis
WARNING: [XSIM 43-4099] "C:/Users/activ/OneDrive/Document/GitHub/ENEL453/Lab1B/switch_logic.sv" Line 1. Module switch_logic doesn't have a timescale but at least one module in design has a timescale.
WARNING: [XSIM 43-4099] "C:/Users/activ/OneDrive/Document/GitHub/ENEL453/Lab1B/others/seven_segment_display_subsystem.sv" Line 26. Module seven_segment_display_subsystem doesn't have a timescale but at least one module in design has a timescale.
WARNING: [XSIM 43-4099] "C:/Users/activ/OneDrive/Document/GitHub/ENEL453/Lab1B/others/digit_multiplexor.sv" Line 39. Module digit_multiplexor doesn't have a timescale but at least one module in design has a timescale.
WARNING: [XSIM 43-4099] "C:/Users/activ/OneDrive/Document/GitHub/ENEL453/Lab1B/others/seven_segment_digit_selector.sv" Line 36. Module seven_segment_digit_selector doesn't have a timescale but at least one module in design has a timescale.
WARNING: [XSIM 43-4099] "C:/Users/activ/OneDrive/Document/GitHub/ENEL453/Lab1B/others/seven_segment_decoder_Lab1b.sv" Line 37. Module seven_segment_decoder doesn't have a timescale but at least one module in design has a timescale.
WARNING: [XSIM 43-4099] "C:/Users/activ/OneDrive/Document/GitHub/ENEL453/Lab1B/switch_logic.sv" Line 1. Module switch_logic doesn't have a timescale but at least one module in design has a timescale.
WARNING: [XSIM 43-4099] "C:/Users/activ/OneDrive/Document/GitHub/ENEL453/Lab1B/others/seven_segment_display_subsystem.sv" Line 26. Module seven_segment_display_subsystem doesn't have a timescale but at least one module in design has a timescale.
WARNING: [XSIM 43-4099] "C:/Users/activ/OneDrive/Document/GitHub/ENEL453/Lab1B/others/digit_multiplexor.sv" Line 39. Module digit_multiplexor doesn't have a timescale but at least one module in design has a timescale.
WARNING: [XSIM 43-4099] "C:/Users/activ/OneDrive/Document/GitHub/ENEL453/Lab1B/others/seven_segment_digit_selector.sv" Line 36. Module seven_segment_digit_selector doesn't have a timescale but at least one module in design has a timescale.
WARNING: [XSIM 43-4099] "C:/Users/activ/OneDrive/Document/GitHub/ENEL453/Lab1B/others/seven_segment_decoder_Lab1b.sv" Line 37. Module seven_segment_decoder doesn't have a timescale but at least one module in design has a timescale.
Completed simulation data flow analysis
Time Resolution for simulation is 1ps
Compiling module xil_defaultlib.switch_logic
Compiling module xil_defaultlib.digit_multiplexor
Compiling module xil_defaultlib.seven_segment_digit_selector
Compiling module xil_defaultlib.seven_segment_decoder
Compiling module xil_defaultlib.seven_segment_display_subsystem
Compiling module xil_defaultlib.lab_1b_top_level
Compiling module xil_defaultlib.lab_1b_top_level_tb
Compiling module xil_defaultlib.glbl
Built simulation snapshot lab_1b_top_level_tb_behav
INFO: [USF-XSim-69] 'elaborate' step finished in '5' seconds
INFO: [USF-XSim-4] XSim::Simulate design
INFO: [USF-XSim-61] Executing 'SIMULATE' step in 'C:/Users/activ/OneDrive/Document/GitHub/ENEL453/Lab1B/Lab_1b/Lab_1b.sim/sim_1/behav/xsim'
INFO: [USF-XSim-98] *** Running xsim
   with args "lab_1b_top_level_tb_behav -key {Behavioral:sim_1:Functional:lab_1b_top_level_tb} -tclbatch {lab_1b_top_level_tb.tcl} -log {simulate.log}"
INFO: [USF-XSim-8] Loading simulator feature
Time resolution is 1 ps
source lab_1b_top_level_tb.tcl
# set curr_wave [current_wave_config]
# if { [string length $curr_wave] == 0 } {
#   if { [llength [get_objects]] > 0} {
#     add_wave /
#     set_property needs_save false [current_wave_config]
#   } else {
#      send_msg_id Add_Wave-1 WARNING "No top level signals found. Simulator will start without a wave window. If you want to open a wave window go to 'File->New Waveform Configuration' or type 'create_wave_config' in the TCL console."
#   }
# }
# run 1000ns
Time = 0: switches_inputs = 0000000000000000, led = 0000000000000000
Time = 72000: switches_inputs = 1111111111111111, led = 1111111111111111
Time = 82000: switches_inputs = 0101010101010101, led = 0101010101010101
Time = 92000: switches_inputs = 1010101010101010, led = 1010101010101010
Time = 102000: switches_inputs = 1100110011001100, led = 1100110011001100
Time = 112000: switches_inputs = 0011001100110011, led = 0011001100110011
$stop called at time : 172 ns : File "C:/Users/activ/OneDrive/Document/GitHub/ENEL453/Lab1B/lab_1b_top_level_tb.sv" Line 154
INFO: [USF-XSim-96] XSim completed. Design snapshot 'lab_1b_top_level_tb_behav' loaded.
INFO: [USF-XSim-97] XSim simulation ran for 1000ns
launch_simulation: Time (s): cpu = 00:00:07 ; elapsed = 00:00:13 . Memory (MB): peak = 4933.488 ; gain = 0.000
WARNING: [filemgmt 56-199] Attempt to get parsing info during refresh. "On-the-fly" syntax checking information may be incorrect. [C:\Users\activ\OneDrive\Document\GitHub\ENEL453\Lab1B\lab_1b_top_level.sv:]
WARNING: [filemgmt 56-199] Attempt to get parsing info during refresh. "On-the-fly" syntax checking information may be incorrect. [C:\Users\activ\OneDrive\Document\GitHub\ENEL453\Lab1B\lab_1b_top_level_tb.sv:]
WARNING: [filemgmt 56-199] Attempt to get parsing info during refresh. "On-the-fly" syntax checking information may be incorrect. [C:\Users\activ\OneDrive\Document\GitHub\ENEL453\Lab1B\others\digit_multiplexor.sv:]
WARNING: [filemgmt 56-199] Attempt to get parsing info during refresh. "On-the-fly" syntax checking information may be incorrect. [C:\Users\activ\OneDrive\Document\GitHub\ENEL453\Lab1B\others\seven_segment_display_subsystem.sv:]
WARNING: [filemgmt 56-199] Attempt to get parsing info during refresh. "On-the-fly" syntax checking information may be incorrect. [C:\Users\activ\OneDrive\Document\GitHub\ENEL453\Lab1B\others\seven_segment_digit_selector.sv:]
WARNING: [filemgmt 56-199] Attempt to get parsing info during refresh. "On-the-fly" syntax checking information may be incorrect. [C:\Users\activ\OneDrive\Document\GitHub\ENEL453\Lab1B\others\seven_segment_decoder_Lab1b.sv:]
WARNING: [filemgmt 56-199] Attempt to get parsing info during refresh. "On-the-fly" syntax checking information may be incorrect. [C:\Users\activ\OneDrive\Document\GitHub\ENEL453\Lab1B\lab_1b_top_level.sv:]
WARNING: [filemgmt 56-199] Attempt to get parsing info during refresh. "On-the-fly" syntax checking information may be incorrect. [C:\Users\activ\OneDrive\Document\GitHub\ENEL453\Lab1B\lab_1b_top_level.sv:]
WARNING: [filemgmt 56-199] Attempt to get parsing info during refresh. "On-the-fly" syntax checking information may be incorrect. [C:\Users\activ\OneDrive\Document\GitHub\ENEL453\Lab1B\lab_1b_top_level.sv:]
WARNING: [filemgmt 56-199] Attempt to get parsing info during refresh. "On-the-fly" syntax checking information may be incorrect. [C:\Users\activ\OneDrive\Document\GitHub\ENEL453\Lab1B\lab_1b_top_level_tb.sv:]
WARNING: [filemgmt 56-199] Attempt to get parsing info during refresh. "On-the-fly" syntax checking information may be incorrect. [C:\Users\activ\OneDrive\Document\GitHub\ENEL453\Lab1B\others\digit_multiplexor.sv:]
WARNING: [filemgmt 56-199] Attempt to get parsing info during refresh. "On-the-fly" syntax checking information may be incorrect. [C:\Users\activ\OneDrive\Document\GitHub\ENEL453\Lab1B\others\seven_segment_display_subsystem.sv:]
WARNING: [filemgmt 56-199] Attempt to get parsing info during refresh. "On-the-fly" syntax checking information may be incorrect. [C:\Users\activ\OneDrive\Document\GitHub\ENEL453\Lab1B\others\seven_segment_digit_selector.sv:]
WARNING: [filemgmt 56-199] Attempt to get parsing info during refresh. "On-the-fly" syntax checking information may be incorrect. [C:\Users\activ\OneDrive\Document\GitHub\ENEL453\Lab1B\others\seven_segment_decoder_Lab1b.sv:]
WARNING: [filemgmt 56-199] Attempt to get parsing info during refresh. "On-the-fly" syntax checking information may be incorrect. [C:\Users\activ\OneDrive\Document\GitHub\ENEL453\Lab1B\lab_1b_top_level_tb.sv:]
WARNING: [filemgmt 56-199] Attempt to get parsing info during refresh. "On-the-fly" syntax checking information may be incorrect. [C:\Users\activ\OneDrive\Document\GitHub\ENEL453\Lab1B\lab_1b_top_level_tb.sv:]
WARNING: [filemgmt 56-199] Attempt to get parsing info during refresh. "On-the-fly" syntax checking information may be incorrect. [C:\Users\activ\OneDrive\Document\GitHub\ENEL453\Lab1B\lab_1b_top_level.sv:]
WARNING: [filemgmt 56-199] Attempt to get parsing info during refresh. "On-the-fly" syntax checking information may be incorrect. [C:\Users\activ\OneDrive\Document\GitHub\ENEL453\Lab1B\lab_1b_top_level_tb.sv:]
WARNING: [filemgmt 56-199] Attempt to get parsing info during refresh. "On-the-fly" syntax checking information may be incorrect. [C:\Users\activ\OneDrive\Document\GitHub\ENEL453\Lab1B\others\digit_multiplexor.sv:]
WARNING: [filemgmt 56-199] Attempt to get parsing info during refresh. "On-the-fly" syntax checking information may be incorrect. [C:\Users\activ\OneDrive\Document\GitHub\ENEL453\Lab1B\others\seven_segment_display_subsystem.sv:]
WARNING: [filemgmt 56-199] Attempt to get parsing info during refresh. "On-the-fly" syntax checking information may be incorrect. [C:\Users\activ\OneDrive\Document\GitHub\ENEL453\Lab1B\others\seven_segment_digit_selector.sv:]
WARNING: [filemgmt 56-199] Attempt to get parsing info during refresh. "On-the-fly" syntax checking information may be incorrect. [C:\Users\activ\OneDrive\Document\GitHub\ENEL453\Lab1B\others\seven_segment_decoder_Lab1b.sv:]
WARNING: [filemgmt 56-199] Attempt to get parsing info during refresh. "On-the-fly" syntax checking information may be incorrect. [C:\Users\activ\OneDrive\Document\GitHub\ENEL453\Lab1B\others\seven_segment_display_subsystem.sv:]
WARNING: [filemgmt 56-199] Attempt to get parsing info during refresh. "On-the-fly" syntax checking information may be incorrect. [C:\Users\activ\OneDrive\Document\GitHub\ENEL453\Lab1B\others\seven_segment_display_subsystem.sv:]
WARNING: [filemgmt 56-199] Attempt to get parsing info during refresh. "On-the-fly" syntax checking information may be incorrect. [C:\Users\activ\OneDrive\Document\GitHub\ENEL453\Lab1B\lab_1b_top_level.sv:]
WARNING: [filemgmt 56-199] Attempt to get parsing info during refresh. "On-the-fly" syntax checking information may be incorrect. [C:\Users\activ\OneDrive\Document\GitHub\ENEL453\Lab1B\lab_1b_top_level_tb.sv:]
WARNING: [filemgmt 56-199] Attempt to get parsing info during refresh. "On-the-fly" syntax checking information may be incorrect. [C:\Users\activ\OneDrive\Document\GitHub\ENEL453\Lab1B\others\digit_multiplexor.sv:]
WARNING: [filemgmt 56-199] Attempt to get parsing info during refresh. "On-the-fly" syntax checking information may be incorrect. [C:\Users\activ\OneDrive\Document\GitHub\ENEL453\Lab1B\others\seven_segment_display_subsystem.sv:]
WARNING: [filemgmt 56-199] Attempt to get parsing info during refresh. "On-the-fly" syntax checking information may be incorrect. [C:\Users\activ\OneDrive\Document\GitHub\ENEL453\Lab1B\others\seven_segment_digit_selector.sv:]
WARNING: [filemgmt 56-199] Attempt to get parsing info during refresh. "On-the-fly" syntax checking information may be incorrect. [C:\Users\activ\OneDrive\Document\GitHub\ENEL453\Lab1B\others\seven_segment_decoder_Lab1b.sv:]
WARNING: [filemgmt 56-199] Attempt to get parsing info during refresh. "On-the-fly" syntax checking information may be incorrect. [C:\Users\activ\OneDrive\Document\GitHub\ENEL453\Lab1B\others\digit_multiplexor.sv:]
WARNING: [filemgmt 56-199] Attempt to get parsing info during refresh. "On-the-fly" syntax checking information may be incorrect. [C:\Users\activ\OneDrive\Document\GitHub\ENEL453\Lab1B\others\digit_multiplexor.sv:]
WARNING: [filemgmt 56-199] Attempt to get parsing info during refresh. "On-the-fly" syntax checking information may be incorrect. [C:\Users\activ\OneDrive\Document\GitHub\ENEL453\Lab1B\lab_1b_top_level.sv:]
WARNING: [filemgmt 56-199] Attempt to get parsing info during refresh. "On-the-fly" syntax checking information may be incorrect. [C:\Users\activ\OneDrive\Document\GitHub\ENEL453\Lab1B\lab_1b_top_level_tb.sv:]
WARNING: [filemgmt 56-199] Attempt to get parsing info during refresh. "On-the-fly" syntax checking information may be incorrect. [C:\Users\activ\OneDrive\Document\GitHub\ENEL453\Lab1B\others\digit_multiplexor.sv:]
WARNING: [filemgmt 56-199] Attempt to get parsing info during refresh. "On-the-fly" syntax checking information may be incorrect. [C:\Users\activ\OneDrive\Document\GitHub\ENEL453\Lab1B\others\seven_segment_display_subsystem.sv:]
WARNING: [filemgmt 56-199] Attempt to get parsing info during refresh. "On-the-fly" syntax checking information may be incorrect. [C:\Users\activ\OneDrive\Document\GitHub\ENEL453\Lab1B\others\seven_segment_digit_selector.sv:]
WARNING: [filemgmt 56-199] Attempt to get parsing info during refresh. "On-the-fly" syntax checking information may be incorrect. [C:\Users\activ\OneDrive\Document\GitHub\ENEL453\Lab1B\others\seven_segment_decoder_Lab1b.sv:]
WARNING: [filemgmt 56-199] Attempt to get parsing info during refresh. "On-the-fly" syntax checking information may be incorrect. [C:\Users\activ\OneDrive\Document\GitHub\ENEL453\Lab1B\others\seven_segment_digit_selector.sv:]
WARNING: [filemgmt 56-199] Attempt to get parsing info during refresh. "On-the-fly" syntax checking information may be incorrect. [C:\Users\activ\OneDrive\Document\GitHub\ENEL453\Lab1B\others\seven_segment_digit_selector.sv:]
ERROR: [Common 17-180] Spawn failed: The operation completed successfully.

close_sim
INFO: [Simtcl 6-16] Simulation closed
launch_simulation
Command: launch_simulation 
INFO: [Vivado 12-12493] Simulation top is 'lab_1b_top_level_tb'
INFO: [Vivado 12-5682] Launching behavioral simulation in 'C:/Users/activ/OneDrive/Document/GitHub/ENEL453/Lab1B/Lab_1b/Lab_1b.sim/sim_1/behav/xsim'
INFO: [SIM-utils-51] Simulation object is 'sim_1'
INFO: [SIM-utils-72] Using boost library from 'C:/Xilinx/2025.1/Vivado/tps/boost_1_72_0'
INFO: [SIM-utils-54] Inspecting design source files for 'lab_1b_top_level_tb' in fileset 'sim_1'...
INFO: [USF-XSim-97] Finding global include files...
INFO: [USF-XSim-98] Fetching design files from 'sim_1'...
INFO: [USF-XSim-2] XSim::Compile design
INFO: [USF-XSim-61] Executing 'COMPILE and ANALYZE' step in 'C:/Users/activ/OneDrive/Document/GitHub/ENEL453/Lab1B/Lab_1b/Lab_1b.sim/sim_1/behav/xsim'
"xvlog --incr --relax -L uvm -prj lab_1b_top_level_tb_vlog.prj"
INFO: [VRFC 10-2263] Analyzing SystemVerilog file "C:/Users/activ/OneDrive/Document/GitHub/ENEL453/Lab1B/others/digit_multiplexor.sv" into library xil_defaultlib
INFO: [VRFC 10-311] analyzing module digit_multiplexor
INFO: [VRFC 10-2263] Analyzing SystemVerilog file "C:/Users/activ/OneDrive/Document/GitHub/ENEL453/Lab1B/lab_1b_top_level.sv" into library xil_defaultlib
INFO: [VRFC 10-311] analyzing module lab_1b_top_level
INFO: [VRFC 10-2263] Analyzing SystemVerilog file "C:/Users/activ/OneDrive/Document/GitHub/ENEL453/Lab1B/others/seven_segment_decoder_Lab1b.sv" into library xil_defaultlib
INFO: [VRFC 10-311] analyzing module seven_segment_decoder
INFO: [VRFC 10-2263] Analyzing SystemVerilog file "C:/Users/activ/OneDrive/Document/GitHub/ENEL453/Lab1B/others/seven_segment_digit_selector.sv" into library xil_defaultlib
INFO: [VRFC 10-311] analyzing module seven_segment_digit_selector
INFO: [VRFC 10-2263] Analyzing SystemVerilog file "C:/Users/activ/OneDrive/Document/GitHub/ENEL453/Lab1B/others/seven_segment_display_subsystem.sv" into library xil_defaultlib
INFO: [VRFC 10-311] analyzing module seven_segment_display_subsystem
INFO: [VRFC 10-2263] Analyzing SystemVerilog file "C:/Users/activ/OneDrive/Document/GitHub/ENEL453/Lab1B/switch_logic.sv" into library xil_defaultlib
INFO: [VRFC 10-311] analyzing module switch_logic
INFO: [VRFC 10-2263] Analyzing SystemVerilog file "C:/Users/activ/OneDrive/Document/GitHub/ENEL453/Lab1B/lab_1b_top_level_tb.sv" into library xil_defaultlib
INFO: [VRFC 10-311] analyzing module lab_1b_top_level_tb
ERROR: [VRFC 10-4982] syntax error near 'assign' [C:/Users/activ/OneDrive/Document/GitHub/ENEL453/Lab1B/lab_1b_top_level_tb.sv:165]
ERROR: [VRFC 10-8549] SystemVerilog keyword 'assign' used in incorrect context [C:/Users/activ/OneDrive/Document/GitHub/ENEL453/Lab1B/lab_1b_top_level_tb.sv:165]
INFO: [USF-XSim-69] 'compile' step finished in '3' seconds
INFO: [USF-XSim-99] Step results log file:'C:/Users/activ/OneDrive/Document/GitHub/ENEL453/Lab1B/Lab_1b/Lab_1b.sim/sim_1/behav/xsim/xvlog.log'
ERROR: [USF-XSim-62] 'compile' step failed with error(s). Please check the Tcl console output or 'C:/Users/activ/OneDrive/Document/GitHub/ENEL453/Lab1B/Lab_1b/Lab_1b.sim/sim_1/behav/xsim/xvlog.log' file for more information.
ERROR: [Vivado 12-4473] Detected error while running simulation. Please correct the issue and retry this operation.
ERROR: [Common 17-39] 'launch_simulation' failed due to earlier errors.
WARNING: [filemgmt 56-199] Attempt to get parsing info during refresh. "On-the-fly" syntax checking information may be incorrect. [C:\Users\activ\OneDrive\Document\GitHub\ENEL453\Lab1B\lab_1b_top_level.sv:]
WARNING: [filemgmt 56-199] Attempt to get parsing info during refresh. "On-the-fly" syntax checking information may be incorrect. [C:\Users\activ\OneDrive\Document\GitHub\ENEL453\Lab1B\lab_1b_top_level_tb.sv:]
WARNING: [filemgmt 56-199] Attempt to get parsing info during refresh. "On-the-fly" syntax checking information may be incorrect. [C:\Users\activ\OneDrive\Document\GitHub\ENEL453\Lab1B\others\digit_multiplexor.sv:]
WARNING: [filemgmt 56-199] Attempt to get parsing info during refresh. "On-the-fly" syntax checking information may be incorrect. [C:\Users\activ\OneDrive\Document\GitHub\ENEL453\Lab1B\others\seven_segment_display_subsystem.sv:]
WARNING: [filemgmt 56-199] Attempt to get parsing info during refresh. "On-the-fly" syntax checking information may be incorrect. [C:\Users\activ\OneDrive\Document\GitHub\ENEL453\Lab1B\others\seven_segment_digit_selector.sv:]
WARNING: [filemgmt 56-199] Attempt to get parsing info during refresh. "On-the-fly" syntax checking information may be incorrect. [C:\Users\activ\OneDrive\Document\GitHub\ENEL453\Lab1B\others\seven_segment_decoder_Lab1b.sv:]
WARNING: [filemgmt 56-199] Attempt to get parsing info during refresh. "On-the-fly" syntax checking information may be incorrect. [C:\Users\activ\OneDrive\Document\GitHub\ENEL453\Lab1B\lab_1b_top_level.sv:]
WARNING: [filemgmt 56-199] Attempt to get parsing info during refresh. "On-the-fly" syntax checking information may be incorrect. [C:\Users\activ\OneDrive\Document\GitHub\ENEL453\Lab1B\lab_1b_top_level.sv:]
WARNING: [filemgmt 56-199] Attempt to get parsing info during refresh. "On-the-fly" syntax checking information may be incorrect. [C:\Users\activ\OneDrive\Document\GitHub\ENEL453\Lab1B\lab_1b_top_level.sv:]
WARNING: [filemgmt 56-199] Attempt to get parsing info during refresh. "On-the-fly" syntax checking information may be incorrect. [C:\Users\activ\OneDrive\Document\GitHub\ENEL453\Lab1B\lab_1b_top_level_tb.sv:]
WARNING: [filemgmt 56-199] Attempt to get parsing info during refresh. "On-the-fly" syntax checking information may be incorrect. [C:\Users\activ\OneDrive\Document\GitHub\ENEL453\Lab1B\others\digit_multiplexor.sv:]
WARNING: [filemgmt 56-199] Attempt to get parsing info during refresh. "On-the-fly" syntax checking information may be incorrect. [C:\Users\activ\OneDrive\Document\GitHub\ENEL453\Lab1B\others\seven_segment_display_subsystem.sv:]
WARNING: [filemgmt 56-199] Attempt to get parsing info during refresh. "On-the-fly" syntax checking information may be incorrect. [C:\Users\activ\OneDrive\Document\GitHub\ENEL453\Lab1B\others\seven_segment_digit_selector.sv:]
WARNING: [filemgmt 56-199] Attempt to get parsing info during refresh. "On-the-fly" syntax checking information may be incorrect. [C:\Users\activ\OneDrive\Document\GitHub\ENEL453\Lab1B\others\seven_segment_decoder_Lab1b.sv:]
WARNING: [filemgmt 56-199] Attempt to get parsing info during refresh. "On-the-fly" syntax checking information may be incorrect. [C:\Users\activ\OneDrive\Document\GitHub\ENEL453\Lab1B\others\seven_segment_digit_selector.sv:]
WARNING: [filemgmt 56-199] Attempt to get parsing info during refresh. "On-the-fly" syntax checking information may be incorrect. [C:\Users\activ\OneDrive\Document\GitHub\ENEL453\Lab1B\others\seven_segment_digit_selector.sv:]
WARNING: [filemgmt 56-199] Attempt to get parsing info during refresh. "On-the-fly" syntax checking information may be incorrect. [C:\Users\activ\OneDrive\Document\GitHub\ENEL453\Lab1B\lab_1b_top_level.sv:]
WARNING: [filemgmt 56-199] Attempt to get parsing info during refresh. "On-the-fly" syntax checking information may be incorrect. [C:\Users\activ\OneDrive\Document\GitHub\ENEL453\Lab1B\lab_1b_top_level_tb.sv:]
WARNING: [filemgmt 56-199] Attempt to get parsing info during refresh. "On-the-fly" syntax checking information may be incorrect. [C:\Users\activ\OneDrive\Document\GitHub\ENEL453\Lab1B\others\digit_multiplexor.sv:]
WARNING: [filemgmt 56-199] Attempt to get parsing info during refresh. "On-the-fly" syntax checking information may be incorrect. [C:\Users\activ\OneDrive\Document\GitHub\ENEL453\Lab1B\others\seven_segment_display_subsystem.sv:]
WARNING: [filemgmt 56-199] Attempt to get parsing info during refresh. "On-the-fly" syntax checking information may be incorrect. [C:\Users\activ\OneDrive\Document\GitHub\ENEL453\Lab1B\others\seven_segment_digit_selector.sv:]
WARNING: [filemgmt 56-199] Attempt to get parsing info during refresh. "On-the-fly" syntax checking information may be incorrect. [C:\Users\activ\OneDrive\Document\GitHub\ENEL453\Lab1B\others\seven_segment_decoder_Lab1b.sv:]
WARNING: [filemgmt 56-199] Attempt to get parsing info during refresh. "On-the-fly" syntax checking information may be incorrect. [C:\Users\activ\OneDrive\Document\GitHub\ENEL453\Lab1B\others\seven_segment_display_subsystem.sv:]
WARNING: [filemgmt 56-199] Attempt to get parsing info during refresh. "On-the-fly" syntax checking information may be incorrect. [C:\Users\activ\OneDrive\Document\GitHub\ENEL453\Lab1B\others\seven_segment_display_subsystem.sv:]
WARNING: [filemgmt 56-199] Attempt to get parsing info during refresh. "On-the-fly" syntax checking information may be incorrect. [C:\Users\activ\OneDrive\Document\GitHub\ENEL453\Lab1B\lab_1b_top_level.sv:]
WARNING: [filemgmt 56-199] Attempt to get parsing info during refresh. "On-the-fly" syntax checking information may be incorrect. [C:\Users\activ\OneDrive\Document\GitHub\ENEL453\Lab1B\lab_1b_top_level_tb.sv:]
WARNING: [filemgmt 56-199] Attempt to get parsing info during refresh. "On-the-fly" syntax checking information may be incorrect. [C:\Users\activ\OneDrive\Document\GitHub\ENEL453\Lab1B\others\digit_multiplexor.sv:]
WARNING: [filemgmt 56-199] Attempt to get parsing info during refresh. "On-the-fly" syntax checking information may be incorrect. [C:\Users\activ\OneDrive\Document\GitHub\ENEL453\Lab1B\others\seven_segment_display_subsystem.sv:]
WARNING: [filemgmt 56-199] Attempt to get parsing info during refresh. "On-the-fly" syntax checking information may be incorrect. [C:\Users\activ\OneDrive\Document\GitHub\ENEL453\Lab1B\others\seven_segment_digit_selector.sv:]
WARNING: [filemgmt 56-199] Attempt to get parsing info during refresh. "On-the-fly" syntax checking information may be incorrect. [C:\Users\activ\OneDrive\Document\GitHub\ENEL453\Lab1B\others\seven_segment_decoder_Lab1b.sv:]
WARNING: [filemgmt 56-199] Attempt to get parsing info during refresh. "On-the-fly" syntax checking information may be incorrect. [C:\Users\activ\OneDrive\Document\GitHub\ENEL453\Lab1B\others\seven_segment_decoder_Lab1b.sv:]
WARNING: [filemgmt 56-199] Attempt to get parsing info during refresh. "On-the-fly" syntax checking information may be incorrect. [C:\Users\activ\OneDrive\Document\GitHub\ENEL453\Lab1B\others\seven_segment_decoder_Lab1b.sv:]
WARNING: [filemgmt 56-199] Attempt to get parsing info during refresh. "On-the-fly" syntax checking information may be incorrect. [C:\Users\activ\OneDrive\Document\GitHub\ENEL453\Lab1B\lab_1b_top_level.sv:]
WARNING: [filemgmt 56-199] Attempt to get parsing info during refresh. "On-the-fly" syntax checking information may be incorrect. [C:\Users\activ\OneDrive\Document\GitHub\ENEL453\Lab1B\lab_1b_top_level_tb.sv:]
WARNING: [filemgmt 56-199] Attempt to get parsing info during refresh. "On-the-fly" syntax checking information may be incorrect. [C:\Users\activ\OneDrive\Document\GitHub\ENEL453\Lab1B\others\digit_multiplexor.sv:]
WARNING: [filemgmt 56-199] Attempt to get parsing info during refresh. "On-the-fly" syntax checking information may be incorrect. [C:\Users\activ\OneDrive\Document\GitHub\ENEL453\Lab1B\others\seven_segment_display_subsystem.sv:]
WARNING: [filemgmt 56-199] Attempt to get parsing info during refresh. "On-the-fly" syntax checking information may be incorrect. [C:\Users\activ\OneDrive\Document\GitHub\ENEL453\Lab1B\others\seven_segment_digit_selector.sv:]
WARNING: [filemgmt 56-199] Attempt to get parsing info during refresh. "On-the-fly" syntax checking information may be incorrect. [C:\Users\activ\OneDrive\Document\GitHub\ENEL453\Lab1B\others\seven_segment_decoder_Lab1b.sv:]
WARNING: [filemgmt 56-199] Attempt to get parsing info during refresh. "On-the-fly" syntax checking information may be incorrect. [C:\Users\activ\OneDrive\Document\GitHub\ENEL453\Lab1B\lab_1b_top_level_tb.sv:]
WARNING: [filemgmt 56-199] Attempt to get parsing info during refresh. "On-the-fly" syntax checking information may be incorrect. [C:\Users\activ\OneDrive\Document\GitHub\ENEL453\Lab1B\lab_1b_top_level_tb.sv:]
launch_simulation
Command: launch_simulation 
INFO: [Vivado 12-12493] Simulation top is 'lab_1b_top_level_tb'
INFO: [Vivado 12-5682] Launching behavioral simulation in 'C:/Users/activ/OneDrive/Document/GitHub/ENEL453/Lab1B/Lab_1b/Lab_1b.sim/sim_1/behav/xsim'
INFO: [SIM-utils-51] Simulation object is 'sim_1'
INFO: [SIM-utils-72] Using boost library from 'C:/Xilinx/2025.1/Vivado/tps/boost_1_72_0'
INFO: [SIM-utils-54] Inspecting design source files for 'lab_1b_top_level_tb' in fileset 'sim_1'...
INFO: [USF-XSim-97] Finding global include files...
INFO: [USF-XSim-98] Fetching design files from 'sim_1'...
INFO: [USF-XSim-2] XSim::Compile design
INFO: [USF-XSim-61] Executing 'COMPILE and ANALYZE' step in 'C:/Users/activ/OneDrive/Document/GitHub/ENEL453/Lab1B/Lab_1b/Lab_1b.sim/sim_1/behav/xsim'
"xvlog --incr --relax -L uvm -prj lab_1b_top_level_tb_vlog.prj"
INFO: [VRFC 10-2263] Analyzing SystemVerilog file "C:/Users/activ/OneDrive/Document/GitHub/ENEL453/Lab1B/others/digit_multiplexor.sv" into library xil_defaultlib
INFO: [VRFC 10-311] analyzing module digit_multiplexor
INFO: [VRFC 10-2263] Analyzing SystemVerilog file "C:/Users/activ/OneDrive/Document/GitHub/ENEL453/Lab1B/lab_1b_top_level.sv" into library xil_defaultlib
INFO: [VRFC 10-311] analyzing module lab_1b_top_level
INFO: [VRFC 10-2263] Analyzing SystemVerilog file "C:/Users/activ/OneDrive/Document/GitHub/ENEL453/Lab1B/others/seven_segment_decoder_Lab1b.sv" into library xil_defaultlib
INFO: [VRFC 10-311] analyzing module seven_segment_decoder
INFO: [VRFC 10-2263] Analyzing SystemVerilog file "C:/Users/activ/OneDrive/Document/GitHub/ENEL453/Lab1B/others/seven_segment_digit_selector.sv" into library xil_defaultlib
INFO: [VRFC 10-311] analyzing module seven_segment_digit_selector
INFO: [VRFC 10-2263] Analyzing SystemVerilog file "C:/Users/activ/OneDrive/Document/GitHub/ENEL453/Lab1B/others/seven_segment_display_subsystem.sv" into library xil_defaultlib
INFO: [VRFC 10-311] analyzing module seven_segment_display_subsystem
INFO: [VRFC 10-2263] Analyzing SystemVerilog file "C:/Users/activ/OneDrive/Document/GitHub/ENEL453/Lab1B/switch_logic.sv" into library xil_defaultlib
INFO: [VRFC 10-311] analyzing module switch_logic
INFO: [VRFC 10-2263] Analyzing SystemVerilog file "C:/Users/activ/OneDrive/Document/GitHub/ENEL453/Lab1B/lab_1b_top_level_tb.sv" into library xil_defaultlib
INFO: [VRFC 10-311] analyzing module lab_1b_top_level_tb
ERROR: [VRFC 10-4982] syntax error near 'assign' [C:/Users/activ/OneDrive/Document/GitHub/ENEL453/Lab1B/lab_1b_top_level_tb.sv:165]
ERROR: [VRFC 10-8549] SystemVerilog keyword 'assign' used in incorrect context [C:/Users/activ/OneDrive/Document/GitHub/ENEL453/Lab1B/lab_1b_top_level_tb.sv:165]
INFO: [USF-XSim-69] 'compile' step finished in '5' seconds
INFO: [USF-XSim-99] Step results log file:'C:/Users/activ/OneDrive/Document/GitHub/ENEL453/Lab1B/Lab_1b/Lab_1b.sim/sim_1/behav/xsim/xvlog.log'
ERROR: [USF-XSim-62] 'compile' step failed with error(s). Please check the Tcl console output or 'C:/Users/activ/OneDrive/Document/GitHub/ENEL453/Lab1B/Lab_1b/Lab_1b.sim/sim_1/behav/xsim/xvlog.log' file for more information.
ERROR: [Vivado 12-4473] Detected error while running simulation. Please correct the issue and retry this operation.
ERROR: [Common 17-39] 'launch_simulation' failed due to earlier errors.
WARNING: [filemgmt 56-199] Attempt to get parsing info during refresh. "On-the-fly" syntax checking information may be incorrect. [C:\Users\activ\OneDrive\Document\GitHub\ENEL453\Lab1B\lab_1b_top_level.sv:]
WARNING: [filemgmt 56-199] Attempt to get parsing info during refresh. "On-the-fly" syntax checking information may be incorrect. [C:\Users\activ\OneDrive\Document\GitHub\ENEL453\Lab1B\lab_1b_top_level_tb.sv:]
WARNING: [filemgmt 56-199] Attempt to get parsing info during refresh. "On-the-fly" syntax checking information may be incorrect. [C:\Users\activ\OneDrive\Document\GitHub\ENEL453\Lab1B\others\digit_multiplexor.sv:]
WARNING: [filemgmt 56-199] Attempt to get parsing info during refresh. "On-the-fly" syntax checking information may be incorrect. [C:\Users\activ\OneDrive\Document\GitHub\ENEL453\Lab1B\others\seven_segment_display_subsystem.sv:]
WARNING: [filemgmt 56-199] Attempt to get parsing info during refresh. "On-the-fly" syntax checking information may be incorrect. [C:\Users\activ\OneDrive\Document\GitHub\ENEL453\Lab1B\others\seven_segment_digit_selector.sv:]
WARNING: [filemgmt 56-199] Attempt to get parsing info during refresh. "On-the-fly" syntax checking information may be incorrect. [C:\Users\activ\OneDrive\Document\GitHub\ENEL453\Lab1B\others\seven_segment_decoder_Lab1b.sv:]
WARNING: [filemgmt 56-199] Attempt to get parsing info during refresh. "On-the-fly" syntax checking information may be incorrect. [C:\Users\activ\OneDrive\Document\GitHub\ENEL453\Lab1B\lab_1b_top_level.sv:]
WARNING: [filemgmt 56-199] Attempt to get parsing info during refresh. "On-the-fly" syntax checking information may be incorrect. [C:\Users\activ\OneDrive\Document\GitHub\ENEL453\Lab1B\lab_1b_top_level.sv:]
WARNING: [filemgmt 56-199] Attempt to get parsing info during refresh. "On-the-fly" syntax checking information may be incorrect. [C:\Users\activ\OneDrive\Document\GitHub\ENEL453\Lab1B\lab_1b_top_level.sv:]
WARNING: [filemgmt 56-199] Attempt to get parsing info during refresh. "On-the-fly" syntax checking information may be incorrect. [C:\Users\activ\OneDrive\Document\GitHub\ENEL453\Lab1B\lab_1b_top_level_tb.sv:]
WARNING: [filemgmt 56-199] Attempt to get parsing info during refresh. "On-the-fly" syntax checking information may be incorrect. [C:\Users\activ\OneDrive\Document\GitHub\ENEL453\Lab1B\others\digit_multiplexor.sv:]
WARNING: [filemgmt 56-199] Attempt to get parsing info during refresh. "On-the-fly" syntax checking information may be incorrect. [C:\Users\activ\OneDrive\Document\GitHub\ENEL453\Lab1B\others\seven_segment_display_subsystem.sv:]
WARNING: [filemgmt 56-199] Attempt to get parsing info during refresh. "On-the-fly" syntax checking information may be incorrect. [C:\Users\activ\OneDrive\Document\GitHub\ENEL453\Lab1B\others\seven_segment_digit_selector.sv:]
WARNING: [filemgmt 56-199] Attempt to get parsing info during refresh. "On-the-fly" syntax checking information may be incorrect. [C:\Users\activ\OneDrive\Document\GitHub\ENEL453\Lab1B\others\seven_segment_decoder_Lab1b.sv:]
WARNING: [filemgmt 56-199] Attempt to get parsing info during refresh. "On-the-fly" syntax checking information may be incorrect. [C:\Users\activ\OneDrive\Document\GitHub\ENEL453\Lab1B\others\digit_multiplexor.sv:]
WARNING: [filemgmt 56-199] Attempt to get parsing info during refresh. "On-the-fly" syntax checking information may be incorrect. [C:\Users\activ\OneDrive\Document\GitHub\ENEL453\Lab1B\others\digit_multiplexor.sv:]
WARNING: [filemgmt 56-199] Attempt to get parsing info during refresh. "On-the-fly" syntax checking information may be incorrect. [C:\Users\activ\OneDrive\Document\GitHub\ENEL453\Lab1B\lab_1b_top_level.sv:]
WARNING: [filemgmt 56-199] Attempt to get parsing info during refresh. "On-the-fly" syntax checking information may be incorrect. [C:\Users\activ\OneDrive\Document\GitHub\ENEL453\Lab1B\lab_1b_top_level_tb.sv:]
WARNING: [filemgmt 56-199] Attempt to get parsing info during refresh. "On-the-fly" syntax checking information may be incorrect. [C:\Users\activ\OneDrive\Document\GitHub\ENEL453\Lab1B\others\digit_multiplexor.sv:]
WARNING: [filemgmt 56-199] Attempt to get parsing info during refresh. "On-the-fly" syntax checking information may be incorrect. [C:\Users\activ\OneDrive\Document\GitHub\ENEL453\Lab1B\others\seven_segment_display_subsystem.sv:]
WARNING: [filemgmt 56-199] Attempt to get parsing info during refresh. "On-the-fly" syntax checking information may be incorrect. [C:\Users\activ\OneDrive\Document\GitHub\ENEL453\Lab1B\others\seven_segment_digit_selector.sv:]
WARNING: [filemgmt 56-199] Attempt to get parsing info during refresh. "On-the-fly" syntax checking information may be incorrect. [C:\Users\activ\OneDrive\Document\GitHub\ENEL453\Lab1B\others\seven_segment_decoder_Lab1b.sv:]
WARNING: [filemgmt 56-199] Attempt to get parsing info during refresh. "On-the-fly" syntax checking information may be incorrect. [C:\Users\activ\OneDrive\Document\GitHub\ENEL453\Lab1B\others\seven_segment_decoder_Lab1b.sv:]
WARNING: [filemgmt 56-199] Attempt to get parsing info during refresh. "On-the-fly" syntax checking information may be incorrect. [C:\Users\activ\OneDrive\Document\GitHub\ENEL453\Lab1B\others\seven_segment_decoder_Lab1b.sv:]
WARNING: [filemgmt 56-199] Attempt to get parsing info during refresh. "On-the-fly" syntax checking information may be incorrect. [C:\Users\activ\OneDrive\Document\GitHub\ENEL453\Lab1B\lab_1b_top_level.sv:]
WARNING: [filemgmt 56-199] Attempt to get parsing info during refresh. "On-the-fly" syntax checking information may be incorrect. [C:\Users\activ\OneDrive\Document\GitHub\ENEL453\Lab1B\lab_1b_top_level_tb.sv:]
WARNING: [filemgmt 56-199] Attempt to get parsing info during refresh. "On-the-fly" syntax checking information may be incorrect. [C:\Users\activ\OneDrive\Document\GitHub\ENEL453\Lab1B\others\digit_multiplexor.sv:]
WARNING: [filemgmt 56-199] Attempt to get parsing info during refresh. "On-the-fly" syntax checking information may be incorrect. [C:\Users\activ\OneDrive\Document\GitHub\ENEL453\Lab1B\others\seven_segment_display_subsystem.sv:]
WARNING: [filemgmt 56-199] Attempt to get parsing info during refresh. "On-the-fly" syntax checking information may be incorrect. [C:\Users\activ\OneDrive\Document\GitHub\ENEL453\Lab1B\others\seven_segment_digit_selector.sv:]
WARNING: [filemgmt 56-199] Attempt to get parsing info during refresh. "On-the-fly" syntax checking information may be incorrect. [C:\Users\activ\OneDrive\Document\GitHub\ENEL453\Lab1B\others\seven_segment_decoder_Lab1b.sv:]
WARNING: [filemgmt 56-199] Attempt to get parsing info during refresh. "On-the-fly" syntax checking information may be incorrect. [C:\Users\activ\OneDrive\Document\GitHub\ENEL453\Lab1B\others\seven_segment_digit_selector.sv:]
WARNING: [filemgmt 56-199] Attempt to get parsing info during refresh. "On-the-fly" syntax checking information may be incorrect. [C:\Users\activ\OneDrive\Document\GitHub\ENEL453\Lab1B\others\seven_segment_digit_selector.sv:]
WARNING: [filemgmt 56-199] Attempt to get parsing info during refresh. "On-the-fly" syntax checking information may be incorrect. [C:\Users\activ\OneDrive\Document\GitHub\ENEL453\Lab1B\lab_1b_top_level.sv:]
WARNING: [filemgmt 56-199] Attempt to get parsing info during refresh. "On-the-fly" syntax checking information may be incorrect. [C:\Users\activ\OneDrive\Document\GitHub\ENEL453\Lab1B\lab_1b_top_level_tb.sv:]
WARNING: [filemgmt 56-199] Attempt to get parsing info during refresh. "On-the-fly" syntax checking information may be incorrect. [C:\Users\activ\OneDrive\Document\GitHub\ENEL453\Lab1B\others\digit_multiplexor.sv:]
WARNING: [filemgmt 56-199] Attempt to get parsing info during refresh. "On-the-fly" syntax checking information may be incorrect. [C:\Users\activ\OneDrive\Document\GitHub\ENEL453\Lab1B\others\seven_segment_display_subsystem.sv:]
WARNING: [filemgmt 56-199] Attempt to get parsing info during refresh. "On-the-fly" syntax checking information may be incorrect. [C:\Users\activ\OneDrive\Document\GitHub\ENEL453\Lab1B\others\seven_segment_digit_selector.sv:]
WARNING: [filemgmt 56-199] Attempt to get parsing info during refresh. "On-the-fly" syntax checking information may be incorrect. [C:\Users\activ\OneDrive\Document\GitHub\ENEL453\Lab1B\others\seven_segment_decoder_Lab1b.sv:]
WARNING: [filemgmt 56-199] Attempt to get parsing info during refresh. "On-the-fly" syntax checking information may be incorrect. [C:\Users\activ\OneDrive\Document\GitHub\ENEL453\Lab1B\others\seven_segment_display_subsystem.sv:]
WARNING: [filemgmt 56-199] Attempt to get parsing info during refresh. "On-the-fly" syntax checking information may be incorrect. [C:\Users\activ\OneDrive\Document\GitHub\ENEL453\Lab1B\others\seven_segment_display_subsystem.sv:]
ERROR: [Common 17-180] Spawn failed: The operation completed successfully.

WARNING: [filemgmt 56-199] Attempt to get parsing info during refresh. "On-the-fly" syntax checking information may be incorrect. [C:\Users\activ\OneDrive\Document\GitHub\ENEL453\Lab1B\lab_1b_top_level.sv:]
WARNING: [filemgmt 56-199] Attempt to get parsing info during refresh. "On-the-fly" syntax checking information may be incorrect. [C:\Users\activ\OneDrive\Document\GitHub\ENEL453\Lab1B\lab_1b_top_level_tb.sv:]
WARNING: [filemgmt 56-199] Attempt to get parsing info during refresh. "On-the-fly" syntax checking information may be incorrect. [C:\Users\activ\OneDrive\Document\GitHub\ENEL453\Lab1B\others\digit_multiplexor.sv:]
WARNING: [filemgmt 56-199] Attempt to get parsing info during refresh. "On-the-fly" syntax checking information may be incorrect. [C:\Users\activ\OneDrive\Document\GitHub\ENEL453\Lab1B\others\seven_segment_display_subsystem.sv:]
WARNING: [filemgmt 56-199] Attempt to get parsing info during refresh. "On-the-fly" syntax checking information may be incorrect. [C:\Users\activ\OneDrive\Document\GitHub\ENEL453\Lab1B\others\seven_segment_digit_selector.sv:]
WARNING: [filemgmt 56-199] Attempt to get parsing info during refresh. "On-the-fly" syntax checking information may be incorrect. [C:\Users\activ\OneDrive\Document\GitHub\ENEL453\Lab1B\others\seven_segment_decoder_Lab1b.sv:]
WARNING: [filemgmt 56-199] Attempt to get parsing info during refresh. "On-the-fly" syntax checking information may be incorrect. [C:\Users\activ\OneDrive\Document\GitHub\ENEL453\Lab1B\lab_1b_top_level.sv:]
WARNING: [filemgmt 56-199] Attempt to get parsing info during refresh. "On-the-fly" syntax checking information may be incorrect. [C:\Users\activ\OneDrive\Document\GitHub\ENEL453\Lab1B\lab_1b_top_level.sv:]
WARNING: [filemgmt 56-199] Attempt to get parsing info during refresh. "On-the-fly" syntax checking information may be incorrect. [C:\Users\activ\OneDrive\Document\GitHub\ENEL453\Lab1B\lab_1b_top_level.sv:]
WARNING: [filemgmt 56-199] Attempt to get parsing info during refresh. "On-the-fly" syntax checking information may be incorrect. [C:\Users\activ\OneDrive\Document\GitHub\ENEL453\Lab1B\lab_1b_top_level_tb.sv:]
WARNING: [filemgmt 56-199] Attempt to get parsing info during refresh. "On-the-fly" syntax checking information may be incorrect. [C:\Users\activ\OneDrive\Document\GitHub\ENEL453\Lab1B\others\digit_multiplexor.sv:]
WARNING: [filemgmt 56-199] Attempt to get parsing info during refresh. "On-the-fly" syntax checking information may be incorrect. [C:\Users\activ\OneDrive\Document\GitHub\ENEL453\Lab1B\others\seven_segment_display_subsystem.sv:]
WARNING: [filemgmt 56-199] Attempt to get parsing info during refresh. "On-the-fly" syntax checking information may be incorrect. [C:\Users\activ\OneDrive\Document\GitHub\ENEL453\Lab1B\others\seven_segment_digit_selector.sv:]
WARNING: [filemgmt 56-199] Attempt to get parsing info during refresh. "On-the-fly" syntax checking information may be incorrect. [C:\Users\activ\OneDrive\Document\GitHub\ENEL453\Lab1B\others\seven_segment_decoder_Lab1b.sv:]
WARNING: [filemgmt 56-199] Attempt to get parsing info during refresh. "On-the-fly" syntax checking information may be incorrect. [C:\Users\activ\OneDrive\Document\GitHub\ENEL453\Lab1B\others\seven_segment_display_subsystem.sv:]
WARNING: [filemgmt 56-199] Attempt to get parsing info during refresh. "On-the-fly" syntax checking information may be incorrect. [C:\Users\activ\OneDrive\Document\GitHub\ENEL453\Lab1B\others\seven_segment_display_subsystem.sv:]
WARNING: [filemgmt 56-199] Attempt to get parsing info during refresh. "On-the-fly" syntax checking information may be incorrect. [C:\Users\activ\OneDrive\Document\GitHub\ENEL453\Lab1B\lab_1b_top_level.sv:]
WARNING: [filemgmt 56-199] Attempt to get parsing info during refresh. "On-the-fly" syntax checking information may be incorrect. [C:\Users\activ\OneDrive\Document\GitHub\ENEL453\Lab1B\lab_1b_top_level_tb.sv:]
WARNING: [filemgmt 56-199] Attempt to get parsing info during refresh. "On-the-fly" syntax checking information may be incorrect. [C:\Users\activ\OneDrive\Document\GitHub\ENEL453\Lab1B\others\digit_multiplexor.sv:]
WARNING: [filemgmt 56-199] Attempt to get parsing info during refresh. "On-the-fly" syntax checking information may be incorrect. [C:\Users\activ\OneDrive\Document\GitHub\ENEL453\Lab1B\others\seven_segment_display_subsystem.sv:]
WARNING: [filemgmt 56-199] Attempt to get parsing info during refresh. "On-the-fly" syntax checking information may be incorrect. [C:\Users\activ\OneDrive\Document\GitHub\ENEL453\Lab1B\others\seven_segment_digit_selector.sv:]
WARNING: [filemgmt 56-199] Attempt to get parsing info during refresh. "On-the-fly" syntax checking information may be incorrect. [C:\Users\activ\OneDrive\Document\GitHub\ENEL453\Lab1B\others\seven_segment_decoder_Lab1b.sv:]
WARNING: [filemgmt 56-199] Attempt to get parsing info during refresh. "On-the-fly" syntax checking information may be incorrect. [C:\Users\activ\OneDrive\Document\GitHub\ENEL453\Lab1B\others\seven_segment_digit_selector.sv:]
WARNING: [filemgmt 56-199] Attempt to get parsing info during refresh. "On-the-fly" syntax checking information may be incorrect. [C:\Users\activ\OneDrive\Document\GitHub\ENEL453\Lab1B\others\seven_segment_digit_selector.sv:]
WARNING: [filemgmt 56-199] Attempt to get parsing info during refresh. "On-the-fly" syntax checking information may be incorrect. [C:\Users\activ\OneDrive\Document\GitHub\ENEL453\Lab1B\lab_1b_top_level.sv:]
WARNING: [filemgmt 56-199] Attempt to get parsing info during refresh. "On-the-fly" syntax checking information may be incorrect. [C:\Users\activ\OneDrive\Document\GitHub\ENEL453\Lab1B\lab_1b_top_level_tb.sv:]
WARNING: [filemgmt 56-199] Attempt to get parsing info during refresh. "On-the-fly" syntax checking information may be incorrect. [C:\Users\activ\OneDrive\Document\GitHub\ENEL453\Lab1B\others\digit_multiplexor.sv:]
WARNING: [filemgmt 56-199] Attempt to get parsing info during refresh. "On-the-fly" syntax checking information may be incorrect. [C:\Users\activ\OneDrive\Document\GitHub\ENEL453\Lab1B\others\seven_segment_display_subsystem.sv:]
WARNING: [filemgmt 56-199] Attempt to get parsing info during refresh. "On-the-fly" syntax checking information may be incorrect. [C:\Users\activ\OneDrive\Document\GitHub\ENEL453\Lab1B\others\seven_segment_digit_selector.sv:]
WARNING: [filemgmt 56-199] Attempt to get parsing info during refresh. "On-the-fly" syntax checking information may be incorrect. [C:\Users\activ\OneDrive\Document\GitHub\ENEL453\Lab1B\others\seven_segment_decoder_Lab1b.sv:]
WARNING: [filemgmt 56-199] Attempt to get parsing info during refresh. "On-the-fly" syntax checking information may be incorrect. [C:\Users\activ\OneDrive\Document\GitHub\ENEL453\Lab1B\others\seven_segment_decoder_Lab1b.sv:]
WARNING: [filemgmt 56-199] Attempt to get parsing info during refresh. "On-the-fly" syntax checking information may be incorrect. [C:\Users\activ\OneDrive\Document\GitHub\ENEL453\Lab1B\others\seven_segment_decoder_Lab1b.sv:]
WARNING: [filemgmt 56-199] Attempt to get parsing info during refresh. "On-the-fly" syntax checking information may be incorrect. [C:\Users\activ\OneDrive\Document\GitHub\ENEL453\Lab1B\lab_1b_top_level.sv:]
WARNING: [filemgmt 56-199] Attempt to get parsing info during refresh. "On-the-fly" syntax checking information may be incorrect. [C:\Users\activ\OneDrive\Document\GitHub\ENEL453\Lab1B\lab_1b_top_level_tb.sv:]
WARNING: [filemgmt 56-199] Attempt to get parsing info during refresh. "On-the-fly" syntax checking information may be incorrect. [C:\Users\activ\OneDrive\Document\GitHub\ENEL453\Lab1B\others\digit_multiplexor.sv:]
WARNING: [filemgmt 56-199] Attempt to get parsing info during refresh. "On-the-fly" syntax checking information may be incorrect. [C:\Users\activ\OneDrive\Document\GitHub\ENEL453\Lab1B\others\seven_segment_display_subsystem.sv:]
WARNING: [filemgmt 56-199] Attempt to get parsing info during refresh. "On-the-fly" syntax checking information may be incorrect. [C:\Users\activ\OneDrive\Document\GitHub\ENEL453\Lab1B\others\seven_segment_digit_selector.sv:]
WARNING: [filemgmt 56-199] Attempt to get parsing info during refresh. "On-the-fly" syntax checking information may be incorrect. [C:\Users\activ\OneDrive\Document\GitHub\ENEL453\Lab1B\others\seven_segment_decoder_Lab1b.sv:]
WARNING: [filemgmt 56-199] Attempt to get parsing info during refresh. "On-the-fly" syntax checking information may be incorrect. [C:\Users\activ\OneDrive\Document\GitHub\ENEL453\Lab1B\others\digit_multiplexor.sv:]
WARNING: [filemgmt 56-199] Attempt to get parsing info during refresh. "On-the-fly" syntax checking information may be incorrect. [C:\Users\activ\OneDrive\Document\GitHub\ENEL453\Lab1B\others\digit_multiplexor.sv:]
ERROR: [Common 17-180] Spawn failed: The operation completed successfully.

launch_simulation
Command: launch_simulation 
INFO: [Vivado 12-12493] Simulation top is 'lab_1b_top_level_tb'
INFO: [Vivado 12-5682] Launching behavioral simulation in 'C:/Users/activ/OneDrive/Document/GitHub/ENEL453/Lab1B/Lab_1b/Lab_1b.sim/sim_1/behav/xsim'
INFO: [SIM-utils-51] Simulation object is 'sim_1'
INFO: [SIM-utils-72] Using boost library from 'C:/Xilinx/2025.1/Vivado/tps/boost_1_72_0'
INFO: [SIM-utils-54] Inspecting design source files for 'lab_1b_top_level_tb' in fileset 'sim_1'...
INFO: [USF-XSim-97] Finding global include files...
INFO: [USF-XSim-98] Fetching design files from 'sim_1'...
INFO: [USF-XSim-2] XSim::Compile design
INFO: [USF-XSim-61] Executing 'COMPILE and ANALYZE' step in 'C:/Users/activ/OneDrive/Document/GitHub/ENEL453/Lab1B/Lab_1b/Lab_1b.sim/sim_1/behav/xsim'
"xvlog --incr --relax -L uvm -prj lab_1b_top_level_tb_vlog.prj"
INFO: [VRFC 10-2263] Analyzing SystemVerilog file "C:/Users/activ/OneDrive/Document/GitHub/ENEL453/Lab1B/others/digit_multiplexor.sv" into library xil_defaultlib
INFO: [VRFC 10-311] analyzing module digit_multiplexor
INFO: [VRFC 10-2263] Analyzing SystemVerilog file "C:/Users/activ/OneDrive/Document/GitHub/ENEL453/Lab1B/lab_1b_top_level.sv" into library xil_defaultlib
INFO: [VRFC 10-311] analyzing module lab_1b_top_level
INFO: [VRFC 10-2263] Analyzing SystemVerilog file "C:/Users/activ/OneDrive/Document/GitHub/ENEL453/Lab1B/others/seven_segment_decoder_Lab1b.sv" into library xil_defaultlib
INFO: [VRFC 10-311] analyzing module seven_segment_decoder
INFO: [VRFC 10-2263] Analyzing SystemVerilog file "C:/Users/activ/OneDrive/Document/GitHub/ENEL453/Lab1B/others/seven_segment_digit_selector.sv" into library xil_defaultlib
INFO: [VRFC 10-311] analyzing module seven_segment_digit_selector
INFO: [VRFC 10-2263] Analyzing SystemVerilog file "C:/Users/activ/OneDrive/Document/GitHub/ENEL453/Lab1B/others/seven_segment_display_subsystem.sv" into library xil_defaultlib
INFO: [VRFC 10-311] analyzing module seven_segment_display_subsystem
INFO: [VRFC 10-2263] Analyzing SystemVerilog file "C:/Users/activ/OneDrive/Document/GitHub/ENEL453/Lab1B/switch_logic.sv" into library xil_defaultlib
INFO: [VRFC 10-311] analyzing module switch_logic
INFO: [VRFC 10-2263] Analyzing SystemVerilog file "C:/Users/activ/OneDrive/Document/GitHub/ENEL453/Lab1B/lab_1b_top_level_tb.sv" into library xil_defaultlib
INFO: [VRFC 10-311] analyzing module lab_1b_top_level_tb
INFO: [USF-XSim-69] 'compile' step finished in '2' seconds
INFO: [USF-XSim-3] XSim::Elaborate design
INFO: [USF-XSim-61] Executing 'ELABORATE' step in 'C:/Users/activ/OneDrive/Document/GitHub/ENEL453/Lab1B/Lab_1b/Lab_1b.sim/sim_1/behav/xsim'
"xelab --incr --debug typical --relax --mt 2 -L xil_defaultlib -L uvm -L unisims_ver -L unimacro_ver -L secureip --snapshot lab_1b_top_level_tb_behav xil_defaultlib.lab_1b_top_level_tb xil_defaultlib.glbl -log elaborate.log"
Vivado Simulator v2025.1.0
Copyright 1986-2022 Xilinx, Inc. All Rights Reserved.
Copyright 2022-2025 Advanced Micro Devices, Inc. All Rights Reserved.
Running: C:/Xilinx/2025.1/Vivado/bin/unwrapped/win64.o/xelab.exe --incr --debug typical --relax --mt 2 -L xil_defaultlib -L uvm -L unisims_ver -L unimacro_ver -L secureip --snapshot lab_1b_top_level_tb_behav xil_defaultlib.lab_1b_top_level_tb xil_defaultlib.glbl -log elaborate.log 
Using 2 slave threads.
Starting static elaboration
Pass Through NonSizing Optimizer
WARNING: [VRFC 10-5021] port 'switches_inputs' is not connected on this instance [C:/Users/activ/OneDrive/Document/GitHub/ENEL453/Lab1B/lab_1b_top_level.sv:17]
Completed static elaboration
Starting simulation data flow analysis
WARNING: [XSIM 43-4099] "C:/Users/activ/OneDrive/Document/GitHub/ENEL453/Lab1B/lab_1b_top_level.sv" Line 1. Module lab_1b_top_level doesn't have a timescale but at least one module in design has a timescale.
WARNING: [XSIM 43-4099] "C:/Users/activ/OneDrive/Document/GitHub/ENEL453/Lab1B/others/seven_segment_display_subsystem.sv" Line 26. Module seven_segment_display_subsystem doesn't have a timescale but at least one module in design has a timescale.
WARNING: [XSIM 43-4099] "C:/Users/activ/OneDrive/Document/GitHub/ENEL453/Lab1B/others/digit_multiplexor.sv" Line 39. Module digit_multiplexor doesn't have a timescale but at least one module in design has a timescale.
WARNING: [XSIM 43-4099] "C:/Users/activ/OneDrive/Document/GitHub/ENEL453/Lab1B/others/seven_segment_digit_selector.sv" Line 36. Module seven_segment_digit_selector doesn't have a timescale but at least one module in design has a timescale.
WARNING: [XSIM 43-4099] "C:/Users/activ/OneDrive/Document/GitHub/ENEL453/Lab1B/others/seven_segment_decoder_Lab1b.sv" Line 37. Module seven_segment_decoder doesn't have a timescale but at least one module in design has a timescale.
WARNING: [XSIM 43-4099] "C:/Users/activ/OneDrive/Document/GitHub/ENEL453/Lab1B/switch_logic.sv" Line 1. Module switch_logic doesn't have a timescale but at least one module in design has a timescale.
WARNING: [XSIM 43-4099] "C:/Users/activ/OneDrive/Document/GitHub/ENEL453/Lab1B/lab_1b_top_level.sv" Line 1. Module lab_1b_top_level doesn't have a timescale but at least one module in design has a timescale.
WARNING: [XSIM 43-4099] "C:/Users/activ/OneDrive/Document/GitHub/ENEL453/Lab1B/others/seven_segment_display_subsystem.sv" Line 26. Module seven_segment_display_subsystem doesn't have a timescale but at least one module in design has a timescale.
WARNING: [XSIM 43-4099] "C:/Users/activ/OneDrive/Document/GitHub/ENEL453/Lab1B/others/digit_multiplexor.sv" Line 39. Module digit_multiplexor doesn't have a timescale but at least one module in design has a timescale.
WARNING: [XSIM 43-4099] "C:/Users/activ/OneDrive/Document/GitHub/ENEL453/Lab1B/others/seven_segment_digit_selector.sv" Line 36. Module seven_segment_digit_selector doesn't have a timescale but at least one module in design has a timescale.
WARNING: [XSIM 43-4099] "C:/Users/activ/OneDrive/Document/GitHub/ENEL453/Lab1B/others/seven_segment_decoder_Lab1b.sv" Line 37. Module seven_segment_decoder doesn't have a timescale but at least one module in design has a timescale.
WARNING: [XSIM 43-4099] "C:/Users/activ/OneDrive/Document/GitHub/ENEL453/Lab1B/switch_logic.sv" Line 1. Module switch_logic doesn't have a timescale but at least one module in design has a timescale.
Completed simulation data flow analysis
Time Resolution for simulation is 1ps
Compiling module xil_defaultlib.digit_multiplexor
Compiling module xil_defaultlib.seven_segment_digit_selector
Compiling module xil_defaultlib.seven_segment_decoder
Compiling module xil_defaultlib.seven_segment_display_subsystem
Compiling module xil_defaultlib.switch_logic
Compiling module xil_defaultlib.lab_1b_top_level
Compiling module xil_defaultlib.lab_1b_top_level_tb
Compiling module xil_defaultlib.glbl
Built simulation snapshot lab_1b_top_level_tb_behav
INFO: [USF-XSim-69] 'elaborate' step finished in '4' seconds
INFO: [USF-XSim-4] XSim::Simulate design
INFO: [USF-XSim-61] Executing 'SIMULATE' step in 'C:/Users/activ/OneDrive/Document/GitHub/ENEL453/Lab1B/Lab_1b/Lab_1b.sim/sim_1/behav/xsim'
INFO: [USF-XSim-98] *** Running xsim
   with args "lab_1b_top_level_tb_behav -key {Behavioral:sim_1:Functional:lab_1b_top_level_tb} -tclbatch {lab_1b_top_level_tb.tcl} -log {simulate.log}"
INFO: [USF-XSim-8] Loading simulator feature
Time resolution is 1 ps
source lab_1b_top_level_tb.tcl
# set curr_wave [current_wave_config]
# if { [string length $curr_wave] == 0 } {
#   if { [llength [get_objects]] > 0} {
#     add_wave /
#     set_property needs_save false [current_wave_config]
#   } else {
#      send_msg_id Add_Wave-1 WARNING "No top level signals found. Simulator will start without a wave window. If you want to open a wave window go to 'File->New Waveform Configuration' or type 'create_wave_config' in the TCL console."
#   }
# }
# run 1000ns
Time = 0: switches_inputs = xxxxxxxxxxxxxxxx, led = xxxxxxxxxxxxxxxx
Time = 110000: switches_inputs = 0000000000000000, led = 0000000000000000
Time = 120000: switches_inputs = 1111111111111111, led = 1111111111111111
Time = 130000: switches_inputs = 0101010101010101, led = 0101010101010101
Time = 140000: switches_inputs = 1010101010101010, led = 1010101010101010
Time = 150000: switches_inputs = 1100110011001100, led = 1100110011001100
Time = 160000: switches_inputs = 0011001100110011, led = 0011001100110011
$stop called at time : 220 ns : File "C:/Users/activ/OneDrive/Document/GitHub/ENEL453/Lab1B/lab_1b_top_level_tb.sv" Line 73
INFO: [USF-XSim-96] XSim completed. Design snapshot 'lab_1b_top_level_tb_behav' loaded.
INFO: [USF-XSim-97] XSim simulation ran for 1000ns
launch_simulation: Time (s): cpu = 00:00:06 ; elapsed = 00:00:11 . Memory (MB): peak = 4933.488 ; gain = 0.000
